RIC,date,return
CTRA.N,2000-01-31,-0.0817120622570172
CTRA.N,2000-02-29,0.0748573329981963
CTRA.N,2000-03-31,0.142292490146434
CTRA.N,2000-04-28,0.0276816608781016
CTRA.N,2000-05-31,0.345876926225746
CTRA.N,2000-06-30,-0.150375939852505
CTRA.N,2000-07-31,-0.1268436578214939
CTRA.N,2000-08-31,0.0835520981234936
CTRA.N,2000-09-29,0.0187499999820211
CTRA.N,2000-10-31,-0.0368098159351015
CTRA.N,2000-11-30,0.0148030133718837
CTRA.N,2000-12-29,0.56918238989614
CTRA.N,2001-01-31,-0.101563126266733
CTRA.N,2001-02-28,-0.0315065459711797
CTRA.N,2001-03-30,-0.0036900368835685
CTRA.N,2001-04-30,0.0711111111139007
CTRA.N,2001-05-31,0.0663528821006298
CTRA.N,2001-06-29,-0.207792207793917
CTRA.N,2001-07-31,0.0286885246178703
CTRA.N,2001-08-31,-0.107627437146482
CTRA.N,2001-09-28,-0.107781753123357
CTRA.N,2001-10-31,0.208020050176281
CTRA.N,2001-11-30,-0.0818187521157256
CTRA.N,2001-12-31,0.0887279311873672
CTRA.N,2002-01-31,-0.1663201663273169
CTRA.N,2002-02-28,0.0045427864173697
CTRA.N,2002-03-28,0.2318407960108439
CTRA.N,2002-04-30,0.0149434571773921
CTRA.N,2002-05-31,-0.0852331518336228
CTRA.N,2002-06-28,-0.0043572984663824
CTRA.N,2002-07-31,-0.0853391684945344
CTRA.N,2002-08-30,0.0665647502434128
CTRA.N,2002-09-30,-0.0337078651904409
CTRA.N,2002-10-31,0.0167441860455952
CTRA.N,2002-11-29,0.0586107579246371
CTRA.N,2002-12-31,0.0727272727170802
CTRA.N,2003-01-31,-0.0512510088791003
CTRA.N,2003-02-28,0.0255512522442478
CTRA.N,2003-03-31,-0.0029081844842733
CTRA.N,2003-04-30,0.0208333333311697
CTRA.N,2003-05-30,0.107486955744746
CTRA.N,2003-06-30,0.0191952750376808
CTRA.N,2003-07-31,-0.0927200289897089
CTRA.N,2003-08-29,0.0775689547199499
CTRA.N,2003-09-30,-0.0352504638169103
CTRA.N,2003-10-31,-0.0173076923010629
CTRA.N,2003-11-28,0.0411204200797715
CTRA.N,2003-12-31,0.105045180730346
CTRA.N,2004-01-30,0.0391822828001245
CTRA.N,2004-02-27,-0.0029279869169885
CTRA.N,2004-03-31,0.0062561738377933
CTRA.N,2004-04-30,0.168193717270345
CTRA.N,2004-05-28,0.0319516471038286
CTRA.N,2004-06-30,0.149456521744073
CTRA.N,2004-07-30,0.0394799054219206
CTRA.N,2004-08-31,-0.0800858936160949
CTRA.N,2004-09-30,0.111111111104105
CTRA.N,2004-10-29,-0.0576837416578201
CTRA.N,2004-11-30,0.144534799569355
CTRA.N,2004-12-31,-0.0853658536569961
CTRA.N,2005-01-31,0.0639548022674226
CTRA.N,2005-02-28,0.190210628231186
CTRA.N,2005-03-31,-0.0150026790292784
CTRA.N,2005-04-29,-0.199274745374109
CTRA.N,2005-05-31,0.0662881658849312
CTRA.N,2005-06-30,0.106858054226652
CTRA.N,2005-07-29,0.167723342925852
CTRA.N,2005-08-31,0.0669107128961697
CTRA.N,2005-09-30,0.169483676763045
CTRA.N,2005-10-31,-0.0934468421974536
CTRA.N,2005-11-30,-0.0773254964279364
CTRA.N,2005-12-30,0.0684671878566828
CTRA.N,2006-01-31,0.143458980053715
CTRA.N,2006-02-28,-0.1216100682674379
CTRA.N,2006-03-31,0.0589924878193444
CTRA.N,2006-04-28,0.0277488003344444
CTRA.N,2006-05-31,-0.108679868340295
CTRA.N,2006-06-30,0.1169364030349879
CTRA.N,2006-07-31,0.0765306122388394
CTRA.N,2006-08-31,-0.0313358497978562
CTRA.N,2006-09-29,-0.0613004308611019
CTRA.N,2006-10-31,0.103901523045033
CTRA.N,2006-11-30,0.175113900393319
CTRA.N,2006-12-29,-0.0238210204490442
CTRA.N,2007-01-31,0.0694146743693473
CTRA.N,2007-02-28,0.0422726008571762
CTRA.N,2007-03-30,-0.0035523978612197
CTRA.N,2007-04-30,0.0819964349365301
CTRA.N,2007-05-31,0.071699852924819
CTRA.N,2007-06-29,-0.0543589743599787
CTRA.N,2007-07-31,-0.0726681128138976
CTRA.N,2007-08-31,-0.0242531999394049
CTRA.N,2007-09-28,0.0545890821969307
CTRA.N,2007-10-31,0.128839590439388
CTRA.N,2007-11-30,-0.132091128566293
CTRA.N,2007-12-31,0.172864613599818
CTRA.N,2008-01-31,-0.0416150606876893
CTRA.N,2008-02-29,0.286868135086215
CTRA.N,2008-03-31,0.0219095477348645
CTRA.N,2008-04-30,0.120574350869432
CTRA.N,2008-05-30,0.0580916521824133
CTRA.N,2008-06-30,0.124149377582614
CTRA.N,2008-07-31,-0.350214085339427
CTRA.N,2008-08-29,0.0104781268574345
CTRA.N,2008-09-30,-0.186768676871517
CTRA.N,2008-10-31,-0.223298284432792
CTRA.N,2008-11-28,0.068795870014254
CTRA.N,2008-12-31,-0.132465799141466
CTRA.N,2009-01-30,0.0573076923069575
CTRA.N,2009-02-27,-0.258177801301456
CTRA.N,2009-03-31,0.15709376534105
CTRA.N,2009-04-30,0.280865506990725
CTRA.N,2009-05-29,0.164640148229522
CTRA.N,2009-06-30,-0.127810987769569
CTRA.N,2009-07-31,0.146540469992764
CTRA.N,2009-08-31,0.0042444712162508
CTRA.N,2009-09-30,0.0141843971686171
CTRA.N,2009-10-30,0.0760839160921809
CTRA.N,2009-11-30,-0.0036736439615348
CTRA.N,2009-12-31,0.138120104434711
CTRA.N,2010-01-29,-0.122046340904621
CTRA.N,2010-02-26,0.0496511713752588
CTRA.N,2010-03-31,-0.0832087693041832
CTRA.N,2010-04-30,-0.0182065217428573
CTRA.N,2010-05-28,-0.0389525490705149
CTRA.N,2010-06-30,-0.0971461516407434
CTRA.N,2010-07-30,-0.027139208171637
CTRA.N,2010-08-31,-0.0854649914156076
CTRA.N,2010-09-30,0.0815373563257639
CTRA.N,2010-10-29,-0.0375290601259324
CTRA.N,2010-11-30,0.207806778125419
CTRA.N,2010-12-31,0.0823563054257757
CTRA.N,2011-01-31,0.100678815033016
CTRA.N,2011-02-28,0.0968051885602668
CTRA.N,2011-03-31,0.160096364422954
CTRA.N,2011-04-29,0.062488200865501
CTRA.N,2011-05-31,0.0444792558679411
CTRA.N,2011-06-30,0.128680851048714
CTRA.N,2011-07-29,0.117176896395011
CTRA.N,2011-08-31,0.0244886616660458
CTRA.N,2011-09-30,-0.1838913788721849
CTRA.N,2011-10-31,0.255370699401246
CTRA.N,2011-11-30,0.140286680003649
CTRA.N,2011-12-30,-0.143244158450908
CTRA.N,2012-01-31,-0.158919572239619
CTRA.N,2012-02-29,0.0934169278977299
CTRA.N,2012-03-30,-0.1063646788784929
CTRA.N,2012-04-30,0.127366057100738
CTRA.N,2012-05-31,-0.0734682062616151
CTRA.N,2012-06-29,0.210817455422655
CTRA.N,2012-07-31,0.0713197969663109
CTRA.N,2012-08-31,-0.018487793323709
CTRA.N,2012-09-28,0.0842791596225472
CTRA.N,2012-10-31,0.0463251670286637
CTRA.N,2012-11-30,0.0029652455188589
CTRA.N,2012-12-31,0.0560509554232128
CTRA.N,2013-01-31,0.0615275106032496
CTRA.N,2013-02-28,0.174118984476086
CTRA.N,2013-03-28,0.0910117798933061
CTRA.N,2013-04-30,0.0065079130462559
CTRA.N,2013-05-31,0.0342475101611774
CTRA.N,2013-06-28,0.009380329710174
CTRA.N,2013-07-31,0.0675865953172787
CTRA.N,2013-08-30,0.032716430106307
CTRA.N,2013-09-30,-0.0462560694835179
CTRA.N,2013-10-31,-0.0535905680544361
CTRA.N,2013-11-29,-0.0240733065508676
CTRA.N,2013-12-31,0.125108853422167
CTRA.N,2014-01-31,0.0319852447555953
CTRA.N,2014-02-28,-0.124562281151841
CTRA.N,2014-03-31,-0.0320000000195716
CTRA.N,2014-04-30,0.159386068461488
CTRA.N,2014-05-30,-0.0769010183162605
CTRA.N,2014-06-30,-0.0579470198678103
CTRA.N,2014-07-31,-0.0348564733515531
CTRA.N,2014-08-29,0.0185275399864311
CTRA.N,2014-09-30,-0.0253428741892021
CTRA.N,2014-10-31,-0.0486387274242597
CTRA.N,2014-11-28,0.0630708494022405
CTRA.N,2014-12-31,-0.103813559322651
CTRA.N,2015-01-30,-0.104370858850804
CTRA.N,2015-02-27,0.09433962263407
CTRA.N,2015-03-31,0.0182758620620014
CTRA.N,2015-04-30,0.145275990507151
CTRA.N,2015-05-29,0.0047309284475789
CTRA.N,2015-06-30,-0.0712603062307688
CTRA.N,2015-07-31,-0.170577044986696
CTRA.N,2015-08-31,-0.0944749376845252
CTRA.N,2015-09-30,-0.076468103096201
CTRA.N,2015-10-30,-0.0068618481253823
CTRA.N,2015-11-30,-0.131879526988041
CTRA.N,2015-12-31,-0.0605416888019385
CTRA.N,2016-01-29,0.1741809070372449
CTRA.N,2016-02-29,-0.0298795180665643
CTRA.N,2016-03-31,0.128166915039899
CTRA.N,2016-04-29,0.0303830911355762
CTRA.N,2016-05-31,0.0251986128533905
CTRA.N,2016-06-30,0.0738423028629178
CTRA.N,2016-07-29,-0.0415695415633075
CTRA.N,2016-08-31,-0.0008226996362307
CTRA.N,2016-09-30,0.0475030451026785
CTRA.N,2016-10-31,-0.190697674401926
CTRA.N,2016-11-30,0.0604250789819144
CTRA.N,2016-12-30,0.0560578662050628
CTRA.N,2017-01-31,-0.079678824692559
CTRA.N,2017-02-28,0.0195530726270949
CTRA.N,2017-03-31,0.0917808219240109
CTRA.N,2017-04-28,-0.0280217482250792
CTRA.N,2017-05-31,-0.0432128348260373
CTRA.N,2017-06-30,0.130238846327241
CTRA.N,2017-07-31,-0.0083732057426547
CTRA.N,2017-08-31,0.0294328227461991
CTRA.N,2017-09-29,0.0469667318937976
CTRA.N,2017-10-31,0.0355140186942173
CTRA.N,2017-11-30,0.047003376713254
CTRA.N,2017-12-29,-0.0120898100325172
CTRA.N,2018-01-31,-0.0767221142479677
CTRA.N,2018-02-28,-0.0831119544431362
CTRA.N,2018-03-29,-0.0074503311193956
CTRA.N,2018-04-30,-0.002919099262109
CTRA.N,2018-05-31,-0.0418613622912694
CTRA.N,2018-06-29,0.0415754923345399
CTRA.N,2018-07-31,-0.0126050420090606
CTRA.N,2018-08-31,0.0166426623058999
CTRA.N,2018-09-28,-0.0549727234520716
CTRA.N,2018-10-31,0.07593250444986
CTRA.N,2018-11-30,0.0412005792257424
CTRA.N,2018-12-31,-0.111685214638662
CTRA.N,2019-01-31,0.119461832447997
CTRA.N,2019-02-28,-0.0132264529267696
CTRA.N,2019-03-29,0.0601137286552595
CTRA.N,2019-04-30,-0.0080459770058802
CTRA.N,2019-05-31,-0.0302966484381256
CTRA.N,2019-06-28,-0.0823341326786621
CTRA.N,2019-07-31,-0.165505226477115
CTRA.N,2019-08-30,-0.101866000924015
CTRA.N,2019-09-30,0.02628504671805
CTRA.N,2019-10-31,0.060899260119375
CTRA.N,2019-11-29,-0.140127807391833
CTRA.N,2019-12-31,0.0922208281002788
CTRA.N,2020-01-31,-0.18538111582399
CTRA.N,2020-02-28,-0.0113555713301238
CTRA.N,2020-03-31,0.234027279256337
CTRA.N,2020-04-30,0.257707969776163
CTRA.N,2020-05-29,-0.0774421560463974
CTRA.N,2020-06-30,-0.1340725806353569
CTRA.N,2020-07-31,0.0884749708802166
CTRA.N,2020-08-31,0.0195593431848973
CTRA.N,2020-09-30,-0.0848708486900545
CTRA.N,2020-10-30,0.0247695852657503
CTRA.N,2020-11-30,-0.0094480202105314
CTRA.N,2020-12-31,-0.0707762557145223
CTRA.N,2021-01-29,0.132067234980968
CTRA.N,2021-02-26,0.0098199672762453
CTRA.N,2021-03-31,0.014586709885229
CTRA.N,2021-04-30,-0.1123535676224929
CTRA.N,2021-05-28,-0.0100128545661416
CTRA.N,2021-06-30,0.064634146331116
CTRA.N,2021-07-30,-0.0836197021430945
CTRA.N,2021-08-31,-0.0001605716108588
CTRA.N,2021-09-30,0.369414726224567
CTRA.N,2021-10-29,0.0031631446936371
CTRA.N,2021-11-30,-0.0444452539971963
CTRA.N,2021-12-31,-0.0537848605534704
CTRA.N,2022-01-31,0.152631578959737
CTRA.N,2022-02-28,0.0652968036648567
CTRA.N,2022-03-31,0.180816332623654
CTRA.N,2022-04-29,0.0674823878412605
CTRA.N,2022-05-31,0.217039441882335
CTRA.N,2022-06-30,-0.2487620157168689
CTRA.N,2022-07-29,0.186118650654311
CTRA.N,2022-08-31,0.0333778786697749
CTRA.N,2022-09-30,-0.154966030432594
CTRA.N,2022-10-31,0.191807044407635
CTRA.N,2022-11-30,-0.0815147715095019
CTRA.N,2022-12-30,-0.119670369052946
CTRA.N,2023-01-31,0.0187220187316635
CTRA.N,2023-02-28,-0.0023971234364145
CTRA.N,2023-03-31,0.0073703896825802
CTRA.N,2023-04-28,0.0431947840074697
CTRA.N,2023-05-31,-0.0844815054687419
CTRA.N,2023-06-30,0.0881720430004135
CTRA.N,2023-07-31,0.0885375494246489
CTRA.N,2023-08-31,0.0310302049351738
CTRA.N,2023-09-29,-0.040439872290196
CTRA.N,2023-10-31,0.0166358595048903
CTRA.N,2023-11-30,-0.038422903077004
CTRA.N,2023-12-29,-0.027809523797154
CTRA.N,2024-01-31,-0.0250783699029231
AIG.N,2000-01-31,-0.0369942196722004
AIG.N,2000-02-29,-0.150660264122332
AIG.N,2000-03-31,0.238853771059759
AIG.N,2000-04-28,0.0017123287796048
AIG.N,2000-05-31,0.0266666657698044
AIG.N,2000-06-30,0.0438645197245662
AIG.N,2000-07-31,0.119416013032828
AIG.N,2000-08-31,0.0168232318512107
AIG.N,2000-09-29,0.0736325385716175
AIG.N,2000-10-31,0.0241672109856441
AIG.N,2000-11-30,-0.0104605987235844
AIG.N,2000-12-29,0.0167633784660131
AIG.N,2001-01-31,-0.13740012682485
AIG.N,2001-02-28,-0.0374382498258757
AIG.N,2001-03-30,-0.0158924205506611
AIG.N,2001-04-30,0.0161490683230827
AIG.N,2001-05-31,-0.0093312841812717
AIG.N,2001-06-29,0.0617283950542646
AIG.N,2001-07-31,-0.0319767441866968
AIG.N,2001-08-31,-0.0601789481797754
AIG.N,2001-09-28,-0.0025575447574262
AIG.N,2001-10-31,0.0076923076989885
AIG.N,2001-11-30,0.0483460559516708
AIG.N,2001-12-31,-0.035919165344535
AIG.N,2002-01-31,-0.0661209067878473
AIG.N,2002-02-28,-0.0018592486113168
AIG.N,2002-03-28,-0.0247397593555798
AIG.N,2002-04-30,-0.0418630440983647
AIG.N,2002-05-31,-0.0311053240789583
AIG.N,2002-06-28,0.0194719971735144
AIG.N,2002-07-31,-0.0631686941183971
AIG.N,2002-08-30,-0.0175219023658014
AIG.N,2002-09-30,-0.128301424538938
AIG.N,2002-10-31,0.143510054842875
AIG.N,2002-11-29,0.0415667465949061
AIG.N,2002-12-31,-0.111382551518309
AIG.N,2003-01-31,-0.0644770959501737
AIG.N,2003-02-28,-0.0892461197260567
AIG.N,2003-03-31,0.0042089813634829
AIG.N,2003-04-30,0.171890798792682
AIG.N,2003-05-30,-0.0012079378960022
AIG.N,2003-06-30,-0.0458851666961049
AIG.N,2003-07-31,0.16346502354309
AIG.N,2003-08-29,-0.0721183800659241
AIG.N,2003-09-30,-0.0303440603145411
AIG.N,2003-10-31,0.0542461005255885
AIG.N,2003-11-28,-0.0473450600052129
AIG.N,2003-12-31,0.145025506805613
AIG.N,2004-01-30,0.0478273989421023
AIG.N,2004-02-27,0.065514758822963
AIG.N,2004-03-31,-0.0349718242327722
AIG.N,2004-04-30,0.004204625084097
AIG.N,2004-05-28,0.0230286113159488
AIG.N,2004-06-30,-0.0267021897871287
AIG.N,2004-07-30,-0.0088383838466862
AIG.N,2004-08-31,0.0083510261802941
AIG.N,2004-09-30,-0.0446009468968175
AIG.N,2004-10-29,-0.107074569797041
AIG.N,2004-11-30,0.043485422475138
AIG.N,2004-12-31,0.0378230329780525
AIG.N,2005-01-31,0.0094411451003091
AIG.N,2005-02-28,0.0076934680907068
AIG.N,2005-03-31,-0.168915278109775
AIG.N,2005-04-29,-0.0822956145247701
AIG.N,2005-05-31,0.0924287118806153
AIG.N,2005-06-30,0.0482325476036722
AIG.N,2005-07-29,0.0361445782966705
AIG.N,2005-08-31,-0.0141196013310859
AIG.N,2005-09-30,0.0466216216231875
AIG.N,2005-10-31,0.0458360232382482
AIG.N,2005-11-30,0.0384259258831485
AIG.N,2005-12-30,0.01623473338743
AIG.N,2006-01-31,-0.0405979774043076
AIG.N,2006-02-28,0.0137488542556585
AIG.N,2006-03-31,-0.0018127557635156
AIG.N,2006-04-28,-0.0127099409821442
AIG.N,2006-05-31,-0.0659003831674333
AIG.N,2006-06-30,-0.0287828947333612
AIG.N,2006-07-31,0.0274343776547028
AIG.N,2006-08-31,0.0546514096503303
AIG.N,2006-09-29,0.0382325289798679
AIG.N,2006-10-31,0.0137337760272202
AIG.N,2006-11-30,0.0493590445977441
AIG.N,2006-12-29,0.0190557451694469
AIG.N,2007-01-31,-0.044794864630611
AIG.N,2007-02-28,-0.0173119064777781
AIG.N,2007-03-30,0.0017883755469916
AIG.N,2007-04-30,0.0400178518318448
AIG.N,2007-05-31,0.0371273380081993
AIG.N,2007-06-29,-0.0319325407601958
AIG.N,2007-07-31,-0.0835356275862932
AIG.N,2007-08-31,0.0283577438571561
AIG.N,2007-09-28,0.0281297709894275
AIG.N,2007-10-31,-0.0669623059946709
AIG.N,2007-11-30,-0.0790557667813876
AIG.N,2007-12-31,0.0063739189340561
AIG.N,2008-01-31,-0.0538593481968468
AIG.N,2008-02-29,-0.150471356035968
AIG.N,2008-03-31,-0.0729000701661298
AIG.N,2008-04-30,0.068208092487323
AIG.N,2008-05-30,-0.220779220782867
AIG.N,2008-06-30,-0.260884658469786
AIG.N,2008-07-31,-0.0154950869258809
AIG.N,2008-08-29,-0.1750479846435
AIG.N,2008-09-30,-0.843534451312443
AIG.N,2008-10-31,-0.426426426418748
AIG.N,2008-11-28,0.0523560209484093
AIG.N,2008-12-31,-0.218905472633691
AIG.N,2009-01-30,-0.1847133758096369
AIG.N,2009-02-27,-0.6718750000018351
AIG.N,2009-03-31,1.38095238095997
AIG.N,2009-04-30,0.380000000003256
AIG.N,2009-05-29,0.224637681163986
AIG.N,2009-06-30,-0.313609467449996
AIG.N,2009-07-31,-0.4336206896582439
AIG.N,2009-08-31,2.449771689564
AIG.N,2009-09-30,-0.0269137436507193
AIG.N,2009-10-30,-0.237814554551999
AIG.N,2009-11-30,-0.1552647233735259
AIG.N,2009-12-31,0.055633802827167
AIG.N,2010-01-29,-0.191794529688432
AIG.N,2010-02-26,0.0222864217616348
AIG.N,2010-03-31,0.378280177624426
AIG.N,2010-04-30,0.13942589337853
AIG.N,2010-05-28,-0.0904884318780856
AIG.N,2010-06-30,-0.0265686828612796
AIG.N,2010-07-30,0.117015098708798
AIG.N,2010-08-31,-0.11801403690117
AIG.N,2010-09-30,0.152372531667309
AIG.N,2010-10-29,0.0744245524005904
AIG.N,2010-11-30,-0.0171387764645127
AIG.N,2010-12-31,0.395495277321672
AIG.N,2011-01-31,-0.164136977804308
AIG.N,2011-02-28,-0.0815365551542195
AIG.N,2011-03-31,-0.0518078790986649
AIG.N,2011-04-29,-0.113545816755966
AIG.N,2011-05-31,-0.0850722311370902
AIG.N,2011-06-30,0.0287719298333182
AIG.N,2011-07-29,-0.0211459754499788
AIG.N,2011-08-31,-0.11742160278442
AIG.N,2011-09-30,-0.133438610338396
AIG.N,2011-10-31,0.124829157151794
AIG.N,2011-11-30,-0.0558930741033963
AIG.N,2011-12-30,-0.0047190047124302
AIG.N,2012-01-31,0.082327586211047
AIG.N,2012-02-29,0.163679808829522
AIG.N,2012-03-30,0.0550992470826603
AIG.N,2012-04-30,0.103795004868575
AIG.N,2012-05-31,-0.142521304728067
AIG.N,2012-06-29,0.0997258396059688
AIG.N,2012-07-31,-0.0255531318182712
AIG.N,2012-08-31,0.0978573713053432
AIG.N,2012-09-28,-0.0448587241462535
AIG.N,2012-10-31,0.0652637999699166
AIG.N,2012-11-30,-0.0515316346987817
AIG.N,2012-12-31,0.0654995472472521
AIG.N,2013-01-31,0.0716713881222757
AIG.N,2013-02-28,0.004758128459201
AIG.N,2013-03-28,0.0213101815201076
AIG.N,2013-04-30,0.066975785672695
AIG.N,2013-05-31,0.0733944954093524
AIG.N,2013-06-28,0.0053981106600173
AIG.N,2013-07-31,0.0181208053507862
AIG.N,2013-08-30,0.0208745330594644
AIG.N,2013-09-30,0.0488248268793483
AIG.N,2013-10-31,0.0621015833872647
AIG.N,2013-11-29,-0.0367860600006434
AIG.N,2013-12-31,0.0282398632301797
AIG.N,2014-01-31,-0.0605288932207352
AIG.N,2014-02-28,0.037739783172807
AIG.N,2014-03-31,0.0072729678322169
AIG.N,2014-04-30,0.0623875224873605
AIG.N,2014-05-30,0.0176924524803255
AIG.N,2014-06-30,0.0117143485785363
AIG.N,2014-07-31,-0.047636496882774
AIG.N,2014-08-29,0.0784917275847588
AIG.N,2014-09-30,-0.034202739778367
AIG.N,2014-10-31,-0.0083302480467488
AIG.N,2014-11-28,0.0229606122837893
AIG.N,2014-12-31,0.0244040467049791
AIG.N,2015-01-30,-0.127477236212228
AIG.N,2015-02-27,0.132187436060657
AIG.N,2015-03-31,-0.0074850917954952
AIG.N,2015-04-30,0.0273772586118333
AIG.N,2015-05-29,0.0412151358907102
AIG.N,2015-06-30,0.0569666121139577
AIG.N,2015-07-31,0.0372047881112915
AIG.N,2015-08-31,-0.0589519650691376
AIG.N,2015-09-30,-0.0538073099244154
AIG.N,2015-10-30,0.1098204857628
AIG.N,2015-11-30,0.0082461148109773
AIG.N,2015-12-31,-0.020946069865656
AIG.N,2016-01-29,-0.0885912538364478
AIG.N,2016-02-29,-0.111189801684435
AIG.N,2016-03-31,0.0833781675649358
AIG.N,2016-04-29,0.0327474560583758
AIG.N,2016-05-31,0.0369043353717724
AIG.N,2016-06-30,-0.0810005210998971
AIG.N,2016-07-29,0.0293061070222196
AIG.N,2016-08-31,0.0990080822617835
AIG.N,2016-09-30,-0.0027394292531984
AIG.N,2016-10-31,0.0397708122657052
AIG.N,2016-11-30,0.0264181523630216
AIG.N,2016-12-30,0.0364050641242319
AIG.N,2017-01-31,-0.0160771704203222
AIG.N,2017-02-28,-0.0052910052993556
AIG.N,2017-03-31,-0.0183635586773438
AIG.N,2017-04-28,-0.0243472689385815
AIG.N,2017-05-31,0.0446560499271712
AIG.N,2017-06-30,-0.0125179684610173
AIG.N,2017-07-31,0.0468650031879074
AIG.N,2017-08-31,-0.0759358288743465
AIG.N,2017-09-29,0.0204770740044126
AIG.N,2017-10-31,0.0524515393282402
AIG.N,2017-11-30,-0.0719702832455396
AIG.N,2017-12-29,-0.0009979785138105
AIG.N,2018-01-31,0.0728432359692865
AIG.N,2018-02-28,-0.102941176472942
AIG.N,2018-03-29,-0.0453953794170595
AIG.N,2018-04-30,0.0290334435815671
AIG.N,2018-05-31,-0.0573214285667388
AIG.N,2018-06-29,0.0102324653234296
AIG.N,2018-07-31,0.0413051678689777
AIG.N,2018-08-31,-0.0369498279348996
AIG.N,2018-09-28,0.0073338331071226
AIG.N,2018-10-31,-0.224455296764974
AIG.N,2018-11-30,0.0474691208896827
AIG.N,2018-12-31,-0.0808170525648679
AIG.N,2019-01-31,0.0969297132851881
AIG.N,2019-02-28,-0.0006939625158496
AIG.N,2019-03-29,0.0040498412710263
AIG.N,2019-04-30,0.104737575478915
AIG.N,2019-05-31,0.0735757830502299
AIG.N,2019-06-28,0.0495492696786563
AIG.N,2019-07-31,0.0508633633578948
AIG.N,2019-08-30,-0.0705483122084647
AIG.N,2019-09-30,0.0764119383559275
AIG.N,2019-10-31,-0.049192100503364
AIG.N,2019-11-29,-0.0056646525754123
AIG.N,2019-12-31,-0.0190687407514998
AIG.N,2020-01-31,-0.0208455094472223
AIG.N,2020-02-28,-0.161161957814453
AIG.N,2020-03-31,-0.418351975778674
AIG.N,2020-04-30,0.0486597938057926
AIG.N,2020-05-29,0.182068423122016
AIG.N,2020-06-30,0.0473049059183797
AIG.N,2020-07-31,0.030788967282297
AIG.N,2020-08-31,-0.0933416303629667
AIG.N,2020-09-30,-0.0450953305077233
AIG.N,2020-10-30,0.143843080264331
AIG.N,2020-11-30,0.220704985726534
AIG.N,2020-12-31,-0.0069633735867854
AIG.N,2021-01-29,-0.0110935023778581
AIG.N,2021-02-26,0.173878205147498
AIG.N,2021-03-31,0.0583822497175295
AIG.N,2021-04-30,0.0484743561858572
AIG.N,2021-05-28,0.0906088751181053
AIG.N,2021-06-30,-0.0935260750970227
AIG.N,2021-07-30,-0.0052521008413676
AIG.N,2021-08-31,0.152270327356216
AIG.N,2021-09-30,0.011960884492814
AIG.N,2021-10-29,0.0765166696918163
AIG.N,2021-11-30,-0.109832458960598
AIG.N,2021-12-31,0.0873520285826901
AIG.N,2022-01-31,0.0156524797750099
AIG.N,2022-02-28,0.0604329004300859
AIG.N,2022-03-31,0.0304703682708583
AIG.N,2022-04-29,-0.0678668153558361
AIG.N,2022-05-31,0.0029054862613586
AIG.N,2022-06-30,-0.1233070228414359
AIG.N,2022-07-29,0.0125171132147073
AIG.N,2022-08-31,-0.0003863241344709
AIG.N,2022-09-30,-0.0770931748336144
AIG.N,2022-10-31,0.2005054759935449
AIG.N,2022-11-30,0.107192982473143
AIG.N,2022-12-30,0.0071773414140523
AIG.N,2023-01-31,-0.0003162555386117
AIG.N,2023-02-28,-0.0333755140802982
AIG.N,2023-03-31,-0.170658093918806
AIG.N,2023-04-28,0.0532168387780711
AIG.N,2023-05-31,-0.0039592760175122
AIG.N,2023-06-30,0.0960789234099216
AIG.N,2023-07-31,0.0476190476079277
AIG.N,2023-08-31,-0.0291970803026868
AIG.N,2023-09-29,0.0416348357848042
AIG.N,2023-10-31,0.0117161716103156
AIG.N,2023-11-30,0.0733974881852868
AIG.N,2023-12-29,0.0349914066278127
AIG.N,2024-01-31,0.0259778597762894
LLY.N,2000-01-31,0.0056390977425815
LLY.N,2000-02-29,-0.107465109670933
LLY.N,2000-03-31,0.0599369085203489
LLY.N,2000-04-28,0.227182539676545
LLY.N,2000-05-31,-0.0119406232127405
LLY.N,2000-06-30,0.311986863719482
LLY.N,2000-07-31,0.0400500625797715
LLY.N,2000-08-31,-0.294859268291871
LLY.N,2000-09-29,0.111301369858
LLY.N,2000-10-31,0.10169491526222
LLY.N,2000-11-30,0.0514162818341544
LLY.N,2000-12-29,-0.0066711140710475
LLY.N,2001-01-31,-0.15325721961297
LLY.N,2001-02-28,0.0119053904694919
LLY.N,2001-03-30,-0.0352378554904938
LLY.N,2001-04-30,0.108792068876817
LLY.N,2001-05-31,-0.0002038841999138
LLY.N,2001-06-29,-0.1263282172422909
LLY.N,2001-07-31,0.0713513513577912
LLY.N,2001-08-31,-0.0173178862175642
LLY.N,2001-09-28,0.0395465670372279
LLY.N,2001-10-31,-0.0520446096685835
LLY.N,2001-11-30,0.0844852144638175
LLY.N,2001-12-31,-0.0499576629942975
LLY.N,2002-01-31,-0.0437993379088141
LLY.N,2002-02-28,0.0124954955782454
LLY.N,2002-03-28,0.0062062590823339
LLY.N,2002-04-30,-0.133202099730114
LLY.N,2002-05-31,-0.0157369261193885
LLY.N,2002-06-28,-0.128284389489482
LLY.N,2002-07-31,0.0358156028232379
LLY.N,2002-08-30,-0.0008327933100467
LLY.N,2002-09-30,-0.0466838932148421
LLY.N,2002-10-31,0.0028912179269768
LLY.N,2002-11-29,0.236958305097693
LLY.N,2002-12-31,-0.0702781844953581
LLY.N,2003-01-31,-0.0513385826707219
LLY.N,2003-02-28,-0.0557479145477762
LLY.N,2003-03-31,0.0104314002901318
LLY.N,2003-04-30,0.116710411193281
LLY.N,2003-05-30,-0.0585421601109004
LLY.N,2003-06-30,0.153923372931066
LLY.N,2003-07-31,-0.045382050183431
LLY.N,2003-08-29,0.0159222469578835
LLY.N,2003-09-30,-0.107169697881679
LLY.N,2003-10-31,0.121548821525267
LLY.N,2003-11-28,0.0343289555054012
LLY.N,2003-12-31,0.0258168028017984
LLY.N,2004-01-30,-0.03256078484638
LLY.N,2004-02-27,0.0918781337287139
LLY.N,2004-03-31,-0.0952123343215532
LLY.N,2004-04-30,0.1032884902919479
LLY.N,2004-05-28,0.0029102743775206
LLY.N,2004-06-30,-0.0510384145338044
LLY.N,2004-07-30,-0.0885424116838441
LLY.N,2004-08-31,0.0014096090177384
LLY.N,2004-09-30,-0.0535855003552803
LLY.N,2004-10-29,-0.0855953372147434
LLY.N,2004-11-30,-0.0225754169770981
LLY.N,2004-12-31,0.064129008057501
LLY.N,2005-01-31,-0.0442290748832504
LLY.N,2005-02-28,0.0395173935074173
LLY.N,2005-03-31,-0.0696428571490625
LLY.N,2005-04-29,0.122264875236685
LLY.N,2005-05-31,0.0035418053800981
LLY.N,2005-06-30,-0.0444253859253911
LLY.N,2005-07-29,0.0109495602353561
LLY.N,2005-08-31,-0.0161616426272926
LLY.N,2005-09-30,-0.0272628135520622
LLY.N,2005-10-31,-0.0696935724999213
LLY.N,2005-11-30,0.0217583109418324
LLY.N,2005-12-30,0.120594059384738
LLY.N,2006-01-31,0.0005301289959531
LLY.N,2006-02-28,-0.0105625005290005
LLY.N,2006-03-31,-0.0057533261527053
LLY.N,2006-04-28,-0.0430379746735883
LLY.N,2006-05-31,-0.01655198684015
LLY.N,2006-06-30,0.070294345453576
LLY.N,2006-07-31,0.0271394970123322
LLY.N,2006-08-31,-0.0075470739546146
LLY.N,2006-09-29,0.0191310566711798
LLY.N,2006-10-31,-0.0173684210440896
LLY.N,2006-11-30,-0.0361270776213145
LLY.N,2006-12-29,-0.0278036946997249
LLY.N,2007-01-31,0.0387715930960075
LLY.N,2007-02-28,-0.0197309834641648
LLY.N,2007-03-30,0.0203267477156712
LLY.N,2007-04-30,0.100912306830441
LLY.N,2007-05-31,-0.0014141384253614
LLY.N,2007-06-29,-0.046741726386229
LLY.N,2007-07-31,-0.0320329276946481
LLY.N,2007-08-31,0.0681851623314507
LLY.N,2007-09-28,-0.007323452458833
LLY.N,2007-10-31,-0.0488318988078577
LLY.N,2007-11-30,-0.014265875343822
LLY.N,2007-12-31,0.0083097261662952
LLY.N,2008-01-31,-0.0350252856187291
LLY.N,2008-02-29,-0.0200502268100541
LLY.N,2008-03-31,0.031387445029181
LLY.N,2008-04-30,-0.0668734250776593
LLY.N,2008-05-30,0.00988433227574
LLY.N,2008-06-30,-0.041130037410636
LLY.N,2008-07-31,0.0205805892726115
LLY.N,2008-08-29,-0.0001444816769664
LLY.N,2008-09-30,-0.0561629153382298
LLY.N,2008-10-31,-0.23188734952147
LLY.N,2008-11-28,0.0245929898555552
LLY.N,2008-12-31,0.1792093704118079
LLY.N,2009-01-30,-0.0856717159042495
LLY.N,2009-02-27,-0.191416258083179
LLY.N,2009-03-31,0.137168141591472
LLY.N,2009-04-30,-0.0146662676012401
LLY.N,2009-05-29,0.0647604693699049
LLY.N,2009-06-30,0.0020248770510409
LLY.N,2009-07-31,0.0072170900808543
LLY.N,2009-08-31,-0.0267201124703218
LLY.N,2009-09-30,-0.0128511655686381
LLY.N,2009-10-30,0.0296699969640518
LLY.N,2009-11-30,0.0949889164984223
LLY.N,2009-12-31,-0.0277702151001725
LLY.N,2010-01-29,-0.0142817137974296
LLY.N,2010-02-26,-0.010442107650081
LLY.N,2010-03-31,0.0547466511665648
LLY.N,2010-04-30,-0.0345113196908705
LLY.N,2010-05-28,-0.0491288598054496
LLY.N,2010-06-30,0.0216529429775225
LLY.N,2010-07-30,0.0626865671938309
LLY.N,2010-08-31,-0.0447203866199392
LLY.N,2010-09-30,0.0884982121576721
LLY.N,2010-10-29,-0.0364084314157586
LLY.N,2010-11-30,-0.0303586739222611
LLY.N,2010-12-31,0.0409982174790584
LLY.N,2011-01-31,-0.0077054794487322
LLY.N,2011-02-28,0.0080692489479388
LLY.N,2011-03-31,0.0176504629744758
LLY.N,2011-04-29,0.0523173159044201
LLY.N,2011-05-31,0.0530278325676501
LLY.N,2011-06-30,-0.0246881496930509
LLY.N,2011-07-29,0.0205169197858717
LLY.N,2011-08-31,-0.0070319307272931
LLY.N,2011-09-30,-0.0143961610354313
LLY.N,2011-10-31,0.0051393021499177
LLY.N,2011-11-30,0.0319741681087082
LLY.N,2011-12-30,0.098018494065462
LLY.N,2012-01-31,-0.0437921077955116
LLY.N,2012-02-29,-0.0001278581170838
LLY.N,2012-03-30,0.0262487257949441
LLY.N,2012-04-30,0.0278122671944667
LLY.N,2012-05-31,0.0011190738878275
LLY.N,2012-06-29,0.0478632478494028
LLY.N,2012-07-31,0.0261011419261877
LLY.N,2012-08-31,0.0316610592825703
LLY.N,2012-09-28,0.0556668893302965
LLY.N,2012-10-31,0.0257329677177069
LLY.N,2012-11-30,0.0189132157616381
LLY.N,2012-12-31,0.0057096248069876
LLY.N,2013-01-31,0.0886050283932691
LLY.N,2013-02-28,0.0274014970578214
LLY.N,2013-03-28,0.0389681668370243
LLY.N,2013-04-30,-0.0248283148328191
LLY.N,2013-05-31,-0.0316678886771806
LLY.N,2013-06-28,-0.0759969902019348
LLY.N,2013-07-31,0.0812296417004941
LLY.N,2013-08-30,-0.0235688090131904
LLY.N,2013-09-30,-0.0208171206279816
LLY.N,2013-10-31,-0.0101331214014693
LLY.N,2013-11-29,0.017800104107883
LLY.N,2013-12-31,0.015531660694756
LLY.N,2014-01-31,0.0590196078472478
LLY.N,2014-02-28,0.113827139882238
LLY.N,2014-03-31,-0.0125817815968912
LLY.N,2014-04-30,0.0040774719628273
LLY.N,2014-05-30,0.0211257357028769
LLY.N,2014-06-30,0.0385900434212354
LLY.N,2014-07-31,-0.0178542705667529
LLY.N,2014-08-29,0.0493615921375494
LLY.N,2014-09-30,0.0202957835012789
LLY.N,2014-10-31,0.0228218966785112
LLY.N,2014-11-28,0.0344525014562027
LLY.N,2014-12-31,0.01277157956922
LLY.N,2015-01-30,0.0436295115241545
LLY.N,2015-02-27,-0.0184503812515578
LLY.N,2015-03-31,0.0353427390520222
LLY.N,2015-04-30,-0.0107364074197828
LLY.N,2015-05-29,0.105328609279921
LLY.N,2015-06-30,0.0581749049308398
LLY.N,2015-07-31,0.0122170319432542
LLY.N,2015-08-31,-0.0197157323448207
LLY.N,2015-09-30,0.0162720097021263
LLY.N,2015-10-30,-0.0253315808569952
LLY.N,2015-11-30,0.0120432233143983
LLY.N,2015-12-31,0.0270599707519077
LLY.N,2016-01-29,-0.0612390220763824
LLY.N,2016-02-29,-0.0834066773954197
LLY.N,2016-03-31,0.0001388889008779
LLY.N,2016-04-29,0.0488820997198553
LLY.N,2016-05-31,1.913704307688e-05
LLY.N,2016-06-30,0.0495801679496914
LLY.N,2016-07-29,0.0525714285608034
LLY.N,2016-08-31,-0.0560717725169234
LLY.N,2016-09-30,0.0322829582052515
LLY.N,2016-10-31,-0.0799900324133512
LLY.N,2016-11-30,-0.0850899667637308
LLY.N,2016-12-30,0.0957985697203627
LLY.N,2017-01-31,0.047314751863748
LLY.N,2017-02-28,0.0822238007233935
LLY.N,2017-03-31,0.0156985871165274
LLY.N,2017-04-28,-0.0243728450817904
LLY.N,2017-05-31,-0.0240581697874982
LLY.N,2017-06-30,0.0343094131199326
LLY.N,2017-07-31,0.004374240574223
LLY.N,2017-08-31,-0.0102722344088624
LLY.N,2017-09-29,0.0522819535021868
LLY.N,2017-10-31,-0.0420855739908469
LLY.N,2017-11-30,0.0394624500452778
LLY.N,2017-12-29,-0.0021266540458628
LLY.N,2018-01-31,-0.0356381719268091
LLY.N,2018-02-28,-0.0474840150019162
LLY.N,2018-03-29,0.0045442742227501
LLY.N,2018-04-30,0.0478221532989553
LLY.N,2018-05-31,0.0562383880638291
LLY.N,2018-06-29,0.0034101599151332
LLY.N,2018-07-31,0.157974920890445
LLY.N,2018-08-31,0.0750948909295075
LLY.N,2018-09-28,0.0157122574640549
LLY.N,2018-10-31,0.0105302394990658
LLY.N,2018-11-30,0.0996655434819649
LLY.N,2018-12-31,-0.0246122724356151
LLY.N,2019-01-31,0.0357760110632059
LLY.N,2019-02-28,0.0592740910031759
LLY.N,2019-03-29,0.0274764431233989
LLY.N,2019-04-30,-0.098027127009049
LLY.N,2019-05-31,-0.0039248564641806
LLY.N,2019-06-28,-0.0444195273478155
LLY.N,2019-07-31,-0.0166079971308625
LLY.N,2019-08-30,0.0429616633913736
LLY.N,2019-09-30,-0.0100911746649558
LLY.N,2019-10-31,0.01895734598404
LLY.N,2019-11-29,0.0358008879131406
LLY.N,2019-12-31,0.1199829569702849
LLY.N,2020-01-31,0.0624667123138528
LLY.N,2020-02-28,-0.092035059735206
LLY.N,2020-03-31,0.0998176484558786
LLY.N,2020-04-30,0.1147635525006059
LLY.N,2020-05-29,-0.0063073630797642
LLY.N,2020-06-30,0.0734226871478436
LLY.N,2020-07-31,-0.0846022658031687
LLY.N,2020-08-31,-0.0077861519430864
LLY.N,2020-09-30,-0.0024934294802918
LLY.N,2020-10-30,-0.1186326171928049
LLY.N,2020-11-30,0.1222922095050249
LLY.N,2020-12-31,0.159217301741482
LLY.N,2021-01-29,0.2317578772797439
LLY.N,2021-02-26,-0.0106760952774224
LLY.N,2021-03-31,-0.0881936649177442
LLY.N,2021-04-30,-0.0216786211386479
LLY.N,2021-05-28,0.0976141025170754
LLY.N,2021-06-30,0.149093821961263
LLY.N,2021-07-30,0.0609097246463177
LLY.N,2021-08-31,0.0641613487496195
LLY.N,2021-09-30,-0.105462851815481
LLY.N,2021-10-29,0.102618480852815
LLY.N,2021-11-30,-0.0231904809666129
LLY.N,2021-12-31,0.1136107079469559
LLY.N,2022-01-31,-0.11161393094085
LLY.N,2022-02-28,0.0228359815328694
LLY.N,2022-03-31,0.145709141807301
LLY.N,2022-04-29,0.0201138387242601
LLY.N,2022-05-31,0.0765525307675918
LLY.N,2022-06-30,0.0344244512567822
LLY.N,2022-07-29,0.0168398976120156
LLY.N,2022-08-31,-0.0834171184919114
LLY.N,2022-09-30,0.0734322610622362
LLY.N,2022-10-31,0.119808257316433
LLY.N,2022-11-30,0.0276487619605155
LLY.N,2022-12-30,-0.0141209442831562
LLY.N,2023-01-31,-0.0592882134089179
LLY.N,2023-02-28,-0.0927448785544832
LLY.N,2023-03-31,0.103463787679524
LLY.N,2023-04-28,0.152699318637991
LLY.N,2023-05-31,0.0877003801353045
LLY.N,2023-06-30,0.0920225399318511
LLY.N,2023-07-31,-0.0307689027381811
LLY.N,2023-08-31,0.221788639346607
LLY.N,2023-09-29,-0.0308011548213193
LLY.N,2023-10-31,0.031277344371321
LLY.N,2023-11-30,0.0689679337766789
LLY.N,2023-12-29,-0.0137384948615551
LLY.N,2024-01-31,0.107544774564712
SBAC.OQ,2000-01-31,0.616666666663241
SBAC.OQ,2000-02-29,0.3360824742328029
SBAC.OQ,2000-03-31,0.0864197530620737
SBAC.OQ,2000-04-28,-0.0767045454505042
SBAC.OQ,2000-05-31,-0.0830769230981693
SBAC.OQ,2000-06-30,0.394295302002542
SBAC.OQ,2000-07-31,-0.131167268340654
SBAC.OQ,2000-08-31,-0.0110803324049096
SBAC.OQ,2000-09-29,-0.0602240896409113
SBAC.OQ,2000-10-31,0.195230998519742
SBAC.OQ,2000-11-30,-0.256857855373036
SBAC.OQ,2000-12-29,0.102348993283955
SBAC.OQ,2001-01-31,0.103500761021458
SBAC.OQ,2001-02-28,-0.27172413793038
SBAC.OQ,2001-03-30,-0.520833333322976
SBAC.OQ,2001-04-30,1.1558893280529
SBAC.OQ,2001-05-31,-0.320915224429576
SBAC.OQ,2001-06-29,0.0691144708534135
SBAC.OQ,2001-07-31,-0.203636363648744
SBAC.OQ,2001-08-31,-0.324200913238684
SBAC.OQ,2001-09-28,0.0022522522706653
SBAC.OQ,2001-10-31,-0.3857677902583459
SBAC.OQ,2001-11-30,0.442682926828753
SBAC.OQ,2001-12-31,0.100591715962296
SBAC.OQ,2002-01-31,-0.466205837164877
SBAC.OQ,2002-02-28,-0.654676258983474
SBAC.OQ,2002-03-28,0.370833333331795
SBAC.OQ,2002-04-30,-0.12188449847027
SBAC.OQ,2002-05-31,-0.491173416394793
SBAC.OQ,2002-06-28,-0.0408163265215651
SBAC.OQ,2002-07-31,0.24042553192579
SBAC.OQ,2002-08-30,-0.182389937075276
SBAC.OQ,2002-09-30,-0.2377622377566499
SBAC.OQ,2002-10-31,-0.660550458712978
SBAC.OQ,2002-11-29,1.02702702698279
SBAC.OQ,2002-12-31,-0.453333333325242
SBAC.OQ,2003-01-31,0.365853658545063
SBAC.OQ,2003-02-28,0.160714285722847
SBAC.OQ,2003-03-31,0.984615384591504
SBAC.OQ,2003-04-30,0.294573643412399
SBAC.OQ,2003-05-30,0.820359281419486
SBAC.OQ,2003-06-30,4.680699999999999e-13
SBAC.OQ,2003-07-31,0.263157894738395
SBAC.OQ,2003-08-29,-0.127604166669311
SBAC.OQ,2003-09-30,-0.0447761193861474
SBAC.OQ,2003-10-31,0.27187499999168
SBAC.OQ,2003-11-28,-0.149877149875263
SBAC.OQ,2003-12-31,0.0924855491386667
SBAC.OQ,2004-01-30,0.1772486772471939
SBAC.OQ,2004-02-27,-0.0067415730086792
SBAC.OQ,2004-03-31,-0.122171945688244
SBAC.OQ,2004-04-30,0.0309278350864142
SBAC.OQ,2004-05-28,-0.0350000000053416
SBAC.OQ,2004-06-30,0.152849740949563
SBAC.OQ,2004-07-30,0.130337078656665
SBAC.OQ,2004-08-31,0.0337972167081151
SBAC.OQ,2004-09-30,0.34615384616502
SBAC.OQ,2004-10-29,0.195714285722878
SBAC.OQ,2004-11-30,0.146953405020247
SBAC.OQ,2004-12-31,-0.0333333333416029
SBAC.OQ,2005-01-31,-0.0775862068993924
SBAC.OQ,2005-02-28,0.0163551401764721
SBAC.OQ,2005-03-31,0.0528735632268038
SBAC.OQ,2005-04-29,-0.0742358078544272
SBAC.OQ,2005-05-31,0.318396226430265
SBAC.OQ,2005-06-30,0.207513416848032
SBAC.OQ,2005-07-29,0.228888888900448
SBAC.OQ,2005-08-31,-0.0928270042381038
SBAC.OQ,2005-09-30,0.0265780731065113
SBAC.OQ,2005-10-31,-0.0440129449846053
SBAC.OQ,2005-11-30,0.248476641819623
SBAC.OQ,2005-12-30,-0.0292841648621269
SBAC.OQ,2006-01-31,0.220670391042833
SBAC.OQ,2006-02-28,0.0292906178715584
SBAC.OQ,2006-03-31,0.0409070697836035
SBAC.OQ,2006-04-28,0.0730457069473611
SBAC.OQ,2006-05-31,-0.0887738853437896
SBAC.OQ,2006-06-30,0.141983398853747
SBAC.OQ,2006-07-31,-0.0864575363179031
SBAC.OQ,2006-08-31,0.0778894472553813
SBAC.OQ,2006-09-29,-0.0547785547890228
SBAC.OQ,2006-10-31,0.09782161942239
SBAC.OQ,2006-11-30,0.06214900786
SBAC.OQ,2006-12-29,-0.030666196694412
SBAC.OQ,2007-01-31,0.0803636363720905
SBAC.OQ,2007-02-28,-0.0922248401169673
SBAC.OQ,2007-03-30,0.0956618464992305
SBAC.OQ,2007-04-30,-0.0043993231842065
SBAC.OQ,2007-05-31,0.0921142080266841
SBAC.OQ,2007-06-29,0.0454403983910354
SBAC.OQ,2007-07-31,-0.0080381065610042
SBAC.OQ,2007-08-31,-0.0225090035815811
SBAC.OQ,2007-09-28,0.0832054037590846
SBAC.OQ,2007-10-31,0.009070294794824
SBAC.OQ,2007-11-30,0.0516853932460746
SBAC.OQ,2007-12-31,-0.096153846163955
SBAC.OQ,2008-01-31,-0.124999999996319
SBAC.OQ,2008-02-29,0.0486322188568971
SBAC.OQ,2008-03-31,-0.0392914653955355
SBAC.OQ,2008-04-30,0.0841434797331684
SBAC.OQ,2008-05-30,0.150896722307086
SBAC.OQ,2008-06-30,-0.0325094035477442
SBAC.OQ,2008-07-31,0.0522077200802583
SBAC.OQ,2008-08-29,-0.0781208762272319
SBAC.OQ,2008-09-30,-0.259375894623495
SBAC.OQ,2008-10-31,-0.1886354851251
SBAC.OQ,2008-11-28,-0.247737017604904
SBAC.OQ,2008-12-31,0.0335655478050672
SBAC.OQ,2009-01-30,0.219362745114686
SBAC.OQ,2009-02-27,0.0442211055483412
SBAC.OQ,2009-03-31,0.121270452367682
SBAC.OQ,2009-04-30,0.0815450643793574
SBAC.OQ,2009-05-29,0.014682539673849
SBAC.OQ,2009-06-30,-0.0402815799745169
SBAC.OQ,2009-07-31,0.0631621841883536
SBAC.OQ,2009-08-31,-0.0758911460206456
SBAC.OQ,2009-09-30,0.121111571957214
SBAC.OQ,2009-10-30,0.0436551979318471
SBAC.OQ,2009-11-30,0.135767458330848
SBAC.OQ,2009-12-31,0.066167290871304
SBAC.OQ,2010-01-29,-0.031323184991184
SBAC.OQ,2010-02-26,0.0686007857490534
SBAC.OQ,2010-03-31,0.0200791855135323
SBAC.OQ,2010-04-30,-0.0194067091870531
SBAC.OQ,2010-05-28,-0.0661577608379584
SBAC.OQ,2010-06-30,0.0296699969691707
SBAC.OQ,2010-07-30,0.0638047633234041
SBAC.OQ,2010-08-31,-0.0105030403446769
SBAC.OQ,2010-09-30,0.125698324014021
SBAC.OQ,2010-10-29,-0.0258064516046643
SBAC.OQ,2010-11-30,-0.0028018339252663
SBAC.OQ,2010-12-31,0.0457215836487883
SBAC.OQ,2011-01-31,-0.0034196384925298
SBAC.OQ,2011-02-28,0.0316176470788509
SBAC.OQ,2011-03-31,-0.0572582561063578
SBAC.OQ,2011-04-29,-0.0264616935495381
SBAC.OQ,2011-05-31,0.0170851669742764
SBAC.OQ,2011-06-30,-0.0279969457882533
SBAC.OQ,2011-07-29,-0.0005236972866202
SBAC.OQ,2011-08-31,-0.0099554624130412
SBAC.OQ,2011-09-30,-0.0875893093568594
SBAC.OQ,2011-10-31,0.1046983758886029
SBAC.OQ,2011-11-30,0.0735101076316176
SBAC.OQ,2011-12-30,0.0506236243696348
SBAC.OQ,2012-01-31,0.0642458100629872
SBAC.OQ,2012-02-29,0.0264654418248003
SBAC.OQ,2012-03-30,0.0826763264299471
SBAC.OQ,2012-04-30,0.0576658138148696
SBAC.OQ,2012-05-31,-0.0333085225311903
SBAC.OQ,2012-06-29,0.0981713185920244
SBAC.OQ,2012-07-31,0.0352322524267101
SBAC.OQ,2012-08-31,0.0121909922218792
SBAC.OQ,2012-09-28,0.05219136834161
SBAC.OQ,2012-10-31,0.059300476942616
SBAC.OQ,2012-11-30,0.0328680774386541
SBAC.OQ,2012-12-31,0.0319674513092201
SBAC.OQ,2013-01-31,-0.019149535353584
SBAC.OQ,2013-02-28,0.0209589434384561
SBAC.OQ,2013-03-28,0.012654668163812
SBAC.OQ,2013-04-30,0.096778672590776
SBAC.OQ,2013-05-31,-0.0470945689450454
SBAC.OQ,2013-06-28,-0.0152783313749264
SBAC.OQ,2013-07-31,-0.0004047490516323
SBAC.OQ,2013-08-30,0.0122823592673758
SBAC.OQ,2013-09-30,0.0728000000207323
SBAC.OQ,2013-10-31,0.0871240367601127
SBAC.OQ,2013-11-29,-0.0262947296298133
SBAC.OQ,2013-12-31,0.0548315134763935
SBAC.OQ,2014-01-31,0.0323909171947139
SBAC.OQ,2014-02-28,0.0260916441997281
SBAC.OQ,2014-03-31,-0.0442366291934413
SBAC.OQ,2014-04-30,-0.0131926121197422
SBAC.OQ,2014-05-30,0.1307932263766739
SBAC.OQ,2014-06-30,0.0078817734186933
SBAC.OQ,2014-07-31,0.0452590420342725
SBAC.OQ,2014-08-29,0.0314224258982585
SBAC.OQ,2014-09-30,0.005530873136142
SBAC.OQ,2014-10-31,0.0128944995432629
SBAC.OQ,2014-11-28,0.083147867886924
SBAC.OQ,2014-12-31,-0.0896687762091651
SBAC.OQ,2015-01-30,0.0536294691357135
SBAC.OQ,2015-02-27,0.0686375321400905
SBAC.OQ,2015-03-31,-0.0610215700210508
SBAC.OQ,2015-04-30,-0.010930828339755
SBAC.OQ,2015-05-29,-0.0346226903797627
SBAC.OQ,2015-06-30,0.0282622305863482
SBAC.OQ,2015-07-31,0.0500130468613116
SBAC.OQ,2015-08-31,-0.0208747515002032
SBAC.OQ,2015-09-30,-0.11387478849553
SBAC.OQ,2015-10-30,0.136337597837986
SBAC.OQ,2015-11-30,-0.1164510166420079
SBAC.OQ,2015-12-31,-0.0008558387154307
SBAC.OQ,2016-01-29,-0.0551061197289756
SBAC.OQ,2016-02-29,-0.0442183722904507
SBAC.OQ,2016-03-31,0.0556433765566531
SBAC.OQ,2016-04-29,0.0286512927767461
SBAC.OQ,2016-05-31,-0.035326086970678
SBAC.OQ,2016-06-30,0.0859154929539979
SBAC.OQ,2016-07-29,0.0654067074188716
SBAC.OQ,2016-08-31,-0.0073913043406974
SBAC.OQ,2016-09-30,-0.0174332019362712
SBAC.OQ,2016-10-31,0.0099857346538412
SBAC.OQ,2016-11-30,-0.1264124293823759
SBAC.OQ,2016-12-30,0.043451899759378
SBAC.OQ,2017-01-31,0.0193685841415485
SBAC.OQ,2017-02-28,0.0998479954347826
SBAC.OQ,2017-03-31,0.0397339552263574
SBAC.OQ,2017-04-28,0.0508432333530813
SBAC.OQ,2017-05-31,0.092418373013591
SBAC.OQ,2017-06-30,-0.0237371544453741
SBAC.OQ,2017-07-31,0.0196441808660703
SBAC.OQ,2017-08-31,0.116321337662987
SBAC.OQ,2017-09-29,-0.061869098029948
SBAC.OQ,2017-10-31,0.0911489066316448
SBAC.OQ,2017-11-30,0.0799720066209004
SBAC.OQ,2017-12-29,-0.0376435935165716
SBAC.OQ,2018-01-31,0.0681929480532733
SBAC.OQ,2018-02-28,-0.0987392550002824
SBAC.OQ,2018-03-29,0.086793412605566
SBAC.OQ,2018-04-30,-0.0625438801829938
SBAC.OQ,2018-05-31,-0.0134806216270858
SBAC.OQ,2018-06-29,0.0446004934413956
SBAC.OQ,2018-07-31,-0.0416061046803293
SBAC.OQ,2018-08-31,-0.0190837282747637
SBAC.OQ,2018-09-28,0.0347870901172491
SBAC.OQ,2018-10-31,0.0095872502064398
SBAC.OQ,2018-11-30,0.05327742493192
SBAC.OQ,2018-12-31,-0.0522217668648891
SBAC.OQ,2019-01-31,0.127493977383426
SBAC.OQ,2019-02-28,-0.0107927463861058
SBAC.OQ,2019-03-29,0.10578201152205
SBAC.OQ,2019-04-30,0.0203846539002162
SBAC.OQ,2019-05-31,0.062239238216989
SBAC.OQ,2019-06-28,0.0389538376328991
SBAC.OQ,2019-07-31,0.0914872798123534
SBAC.OQ,2019-08-30,0.0708472884834204
SBAC.OQ,2019-09-30,-0.0810882902045369
SBAC.OQ,2019-10-31,-0.0020733983120486
SBAC.OQ,2019-11-29,-0.0158594547333223
SBAC.OQ,2019-12-31,0.0191144754320339
SBAC.OQ,2020-01-31,0.0355616415582252
SBAC.OQ,2020-02-28,0.0622295239612773
SBAC.OQ,2020-03-31,0.0201978193143726
SBAC.OQ,2020-04-30,0.0738970996909677
SBAC.OQ,2020-05-29,0.0851692044798444
SBAC.OQ,2020-06-30,-0.0516028396034001
SBAC.OQ,2020-07-31,0.0457169710012164
SBAC.OQ,2020-08-31,-0.0160428293364322
SBAC.OQ,2020-09-30,0.0405462803002656
SBAC.OQ,2020-10-30,-0.0882629992354364
SBAC.OQ,2020-11-30,-0.0094454115233341
SBAC.OQ,2020-12-31,-0.017584790004013
SBAC.OQ,2021-01-29,-0.0477085031471449
SBAC.OQ,2021-02-26,-0.0503963970729181
SBAC.OQ,2021-03-31,0.090421304447778
SBAC.OQ,2021-04-30,0.0798774995361859
SBAC.OQ,2021-05-28,-0.0033378865732378
SBAC.OQ,2021-06-30,0.0690326043187127
SBAC.OQ,2021-07-30,0.0699403828031628
SBAC.OQ,2021-08-31,0.0544754370188096
SBAC.OQ,2021-09-30,-0.0791152464001625
SBAC.OQ,2021-10-29,0.0446501497317277
SBAC.OQ,2021-11-30,-0.0027821097152558
SBAC.OQ,2021-12-31,0.131529959294789
SBAC.OQ,2022-01-31,-0.163436327188693
SBAC.OQ,2022-02-28,-0.0677544247869435
SBAC.OQ,2022-03-31,0.136652439829596
SBAC.OQ,2022-04-29,0.0087474571260408
SBAC.OQ,2022-05-31,-0.0280576577265703
SBAC.OQ,2022-06-30,-0.0491963993909976
SBAC.OQ,2022-07-29,0.049179815659437
SBAC.OQ,2022-08-31,-0.0293232721228107
SBAC.OQ,2022-09-30,-0.124827056103952
SBAC.OQ,2022-10-31,-0.0518180221200413
SBAC.OQ,2022-11-30,0.111588984946072
SBAC.OQ,2022-12-30,-0.063448045445888
SBAC.OQ,2023-01-31,0.0614319860140959
SBAC.OQ,2023-02-28,-0.128323194303275
SBAC.OQ,2023-03-31,0.0101419828717517
SBAC.OQ,2023-04-28,-0.0006894702717694
SBAC.OQ,2023-05-31,-0.146650669934377
SBAC.OQ,2023-06-30,0.0449995491209725
SBAC.OQ,2023-07-31,-0.0552726958985197
SBAC.OQ,2023-08-31,0.029442516193116
SBAC.OQ,2023-09-29,-0.108493297082095
SBAC.OQ,2023-10-31,0.0422640755128577
SBAC.OQ,2023-11-30,0.1880249836524669
SBAC.OQ,2023-12-29,0.0272513767187843
SBAC.OQ,2024-01-31,-0.117584453474214
VRTX.OQ,2000-01-31,0.171428571399122
VRTX.OQ,2000-02-29,0.771341463440343
VRTX.OQ,2000-03-31,-0.355421686753221
VRTX.OQ,2000-04-28,0.116154873146115
VRTX.OQ,2000-05-31,0.413875598076848
VRTX.OQ,2000-06-30,0.4263959391032469
VRTX.OQ,2000-07-31,-0.070581257432737
VRTX.OQ,2000-08-31,0.7358008934374951
VRTX.OQ,2000-09-29,-0.0058823529583521
VRTX.OQ,2000-10-31,0.101886094682672
VRTX.OQ,2000-11-30,-0.399899311987292
VRTX.OQ,2000-12-29,0.279642058163791
VRTX.OQ,2001-01-31,-0.0585664335446833
VRTX.OQ,2001-02-28,-0.260909935008057
VRTX.OQ,2001-03-30,-0.2638190954651589
VRTX.OQ,2001-04-30,0.0528327644913233
VRTX.OQ,2001-05-31,0.139522821562972
VRTX.OQ,2001-06-29,0.12653618571155
VRTX.OQ,2001-07-31,-0.192929292949972
VRTX.OQ,2001-08-31,-0.0765957446678909
VRTX.OQ,2001-09-28,-0.510978584983028
VRTX.OQ,2001-10-31,0.358093126394792
VRTX.OQ,2001-11-30,0.0326530612510911
VRTX.OQ,2001-12-31,-0.028063241112987
VRTX.OQ,2002-01-31,-0.197234648232379
VRTX.OQ,2002-02-28,0.104863221904639
VRTX.OQ,2002-03-28,0.277395690048289
VRTX.OQ,2002-04-30,-0.236539842097674
VRTX.OQ,2002-05-31,-0.072402444766741
VRTX.OQ,2002-06-28,-0.174860618373329
VRTX.OQ,2002-07-31,0.212530712569886
VRTX.OQ,2002-08-30,0.0081053698135009
VRTX.OQ,2002-09-30,-0.0708542713438617
VRTX.OQ,2002-10-31,0.0605732828654084
VRTX.OQ,2002-11-29,-0.0525242223246424
VRTX.OQ,2002-12-31,-0.146932185137154
VRTX.OQ,2003-01-31,-0.126813880109749
VRTX.OQ,2003-02-28,-0.201589595361799
VRTX.OQ,2003-03-31,0.0063348416164867
VRTX.OQ,2003-04-30,0.0854316546767797
VRTX.OQ,2003-05-30,0.203811101883702
VRTX.OQ,2003-06-30,0.0048176187394444
VRTX.OQ,2003-07-31,-0.0075342465400939
VRTX.OQ,2003-08-29,-0.130434782618903
VRTX.OQ,2003-09-30,-0.0238095237923347
VRTX.OQ,2003-10-31,0.0666666666685685
VRTX.OQ,2003-11-28,-0.3338414633983489
VRTX.OQ,2003-12-31,0.1704805491755719
VRTX.OQ,2004-01-30,-0.031280547419849
VRTX.OQ,2004-02-27,0.138244197800793
VRTX.OQ,2004-03-31,-0.164893617023235
VRTX.OQ,2004-04-30,-0.0828025477538007
VRTX.OQ,2004-05-28,0.0185185184938494
VRTX.OQ,2004-06-30,0.231818181847864
VRTX.OQ,2004-07-30,-0.148523985212398
VRTX.OQ,2004-08-31,0.0541711809159919
VRTX.OQ,2004-09-30,0.0791366906362263
VRTX.OQ,2004-10-29,0.0361904762009528
VRTX.OQ,2004-11-30,-0.0238970588048234
VRTX.OQ,2004-12-31,-0.0047080979000367
VRTX.OQ,2005-01-31,-0.0378429517355306
VRTX.OQ,2005-02-28,0.134709931178933
VRTX.OQ,2005-03-31,-0.188908145572758
VRTX.OQ,2005-04-29,0.0192307692188398
VRTX.OQ,2005-05-31,0.459119496830275
VRTX.OQ,2005-06-30,0.209770114945212
VRTX.OQ,2005-07-29,-0.0528503563150147
VRTX.OQ,2005-08-31,0.153605015655196
VRTX.OQ,2005-09-30,0.214673913028819
VRTX.OQ,2005-10-31,0.0178970917228369
VRTX.OQ,2005-11-30,0.12087912086432
VRTX.OQ,2005-12-30,0.0850980392271642
VRTX.OQ,2006-01-31,0.290928803739611
VRTX.OQ,2006-02-28,0.21052631578022
VRTX.OQ,2006-03-31,-0.153792784456362
VRTX.OQ,2006-04-28,-0.006012571751266
VRTX.OQ,2006-05-31,-0.0514160022105032
VRTX.OQ,2006-06-30,0.0640579709894558
VRTX.OQ,2006-07-31,-0.0868973032004634
VRTX.OQ,2006-08-31,0.0277446300585144
VRTX.OQ,2006-09-29,-0.0232220609588847
VRTX.OQ,2006-10-31,0.206537890069374
VRTX.OQ,2006-11-30,0.0911330049469733
VRTX.OQ,2006-12-29,-0.15530474042504
VRTX.OQ,2007-01-31,-0.0553180117574865
VRTX.OQ,2007-02-28,-0.131824611017558
VRTX.OQ,2007-03-30,-0.0863473444031224
VRTX.OQ,2007-04-30,0.096291012836399
VRTX.OQ,2007-05-31,-0.02862719583107
VRTX.OQ,2007-06-29,-0.0435365036902289
VRTX.OQ,2007-07-31,0.130952380951616
VRTX.OQ,2007-08-31,0.20619195047036
VRTX.OQ,2007-09-28,-0.0141170431319402
VRTX.OQ,2007-10-31,-0.158031762558431
VRTX.OQ,2007-11-30,-0.214904143468327
VRTX.OQ,2007-12-31,-0.0850728633431572
VRTX.OQ,2008-01-31,-0.1235471373177039
VRTX.OQ,2008-02-29,-0.1404715127723189
VRTX.OQ,2008-03-31,0.3651428571059499
VRTX.OQ,2008-04-30,0.0682293846583613
VRTX.OQ,2008-05-30,0.121865203752628
VRTX.OQ,2008-06-30,0.169053440467738
VRTX.OQ,2008-07-31,0.0307738273004135
VRTX.OQ,2008-08-29,-0.221449275345216
VRTX.OQ,2008-09-30,0.237527922565627
VRTX.OQ,2008-10-31,-0.211492178085338
VRTX.OQ,2008-11-28,-0.0618084700539056
VRTX.OQ,2008-12-31,0.235461569749338
VRTX.OQ,2009-01-30,0.0878867676264026
VRTX.OQ,2009-02-27,-0.0853252647387984
VRTX.OQ,2009-03-31,-0.0496195832066745
VRTX.OQ,2009-04-30,0.0727462582649896
VRTX.OQ,2009-05-29,-0.0327709279823665
VRTX.OQ,2009-06-30,0.1955719557091919
VRTX.OQ,2009-07-31,0.0103815937221214
VRTX.OQ,2009-08-31,0.0388780893908456
VRTX.OQ,2009-09-30,0.0130981021379477
VRTX.OQ,2009-10-30,-0.114511873353879
VRTX.OQ,2009-11-30,0.156734207379128
VRTX.OQ,2009-12-31,0.103812467790517
VRTX.OQ,2010-01-29,-0.103850641758299
VRTX.OQ,2010-02-26,0.057552083337733
VRTX.OQ,2010-03-31,0.006402363959979
VRTX.OQ,2010-04-30,-0.0513824321082246
VRTX.OQ,2010-05-28,-0.107815321138425
VRTX.OQ,2010-06-30,-0.048858051462237
VRTX.OQ,2010-07-30,0.0231003039253441
VRTX.OQ,2010-08-31,-0.0095068330469877
VRTX.OQ,2010-09-30,0.0368926214654737
VRTX.OQ,2010-10-29,0.108764824995839
VRTX.OQ,2010-11-30,-0.135663970790388
VRTX.OQ,2010-12-31,0.0573498340145059
VRTX.OQ,2011-01-31,0.1101912646337559
VRTX.OQ,2011-02-28,0.20005142707983
VRTX.OQ,2011-03-31,0.026998071575955
VRTX.OQ,2011-04-29,0.147924055931423
VRTX.OQ,2011-05-31,-0.0187204652773044
VRTX.OQ,2011-06-30,-0.037043897027304
VRTX.OQ,2011-07-29,-0.0025004808747919
VRTX.OQ,2011-08-31,-0.127072888552897
VRTX.OQ,2011-09-30,-0.0161254693934236
VRTX.OQ,2011-10-31,-0.111136057493776
VRTX.OQ,2011-11-30,-0.267744379875795
VRTX.OQ,2011-12-30,0.145567437054759
VRTX.OQ,2012-01-31,0.1126166816964349
VRTX.OQ,2012-02-29,0.0533152909388073
VRTX.OQ,2012-03-30,0.0536998972132738
VRTX.OQ,2012-04-30,-0.0616922701635098
VRTX.OQ,2012-05-31,0.560291060308278
VRTX.OQ,2012-06-29,-0.0686209193896009
VRTX.OQ,2012-07-31,-0.132510729612251
VRTX.OQ,2012-08-31,0.0993609565160005
VRTX.OQ,2012-09-28,0.0491280705080861
VRTX.OQ,2012-10-31,-0.137801608587075
VRTX.OQ,2012-11-30,-0.175165837471883
VRTX.OQ,2012-12-31,0.0540336767851151
VRTX.OQ,2013-01-31,0.0677157844510548
VRTX.OQ,2013-02-28,0.0455560517895871
VRTX.OQ,2013-03-28,0.174284493813674
VRTX.OQ,2013-04-30,0.397235358345362
VRTX.OQ,2013-05-31,0.0454308773691634
VRTX.OQ,2013-06-28,-0.0054787697685222
VRTX.OQ,2013-07-31,-0.0008764242172324
VRTX.OQ,2013-08-30,-0.0582706767026181
VRTX.OQ,2013-09-30,0.008915502324605
VRTX.OQ,2013-10-31,-0.0590873120388566
VRTX.OQ,2013-11-29,-0.0269133725787262
VRTX.OQ,2013-12-31,0.0702967444280607
VRTX.OQ,2014-01-31,0.0637954239581946
VRTX.OQ,2014-02-28,0.0230263157849779
VRTX.OQ,2014-03-31,-0.125401929256598
VRTX.OQ,2014-04-30,-0.0427036198908524
VRTX.OQ,2014-05-30,0.067355982272596
VRTX.OQ,2014-06-30,0.310268474933217
VRTX.OQ,2014-07-31,-0.0609421208136531
VRTX.OQ,2014-08-29,0.0524125520095433
VRTX.OQ,2014-09-30,0.200277866827847
VRTX.OQ,2014-10-31,0.0029382958008301
VRTX.OQ,2014-11-28,0.0465198863542513
VRTX.OQ,2014-12-31,0.0078045469811445
VRTX.OQ,2015-01-30,-0.072895622897216
VRTX.OQ,2015-02-27,0.0843471944962431
VRTX.OQ,2015-03-31,-0.0122247341589723
VRTX.OQ,2015-04-30,0.0450114435907394
VRTX.OQ,2015-05-29,0.0406391953402536
VRTX.OQ,2015-06-30,-0.0374931795105599
VRTX.OQ,2015-07-31,0.0932944606456936
VRTX.OQ,2015-08-31,-0.0554074074197301
VRTX.OQ,2015-09-30,-0.1833437892201899
VRTX.OQ,2015-10-30,0.197810639494806
VRTX.OQ,2015-11-30,0.0370370370293902
VRTX.OQ,2015-12-31,-0.0272881880130533
VRTX.OQ,2016-01-29,-0.278788842092896
VRTX.OQ,2016-02-29,-0.0579614325203785
VRTX.OQ,2016-03-31,-0.0701836472280028
VRTX.OQ,2016-04-29,0.0610139640038686
VRTX.OQ,2016-05-31,0.104458145599549
VRTX.OQ,2016-06-30,-0.0765432098665589
VRTX.OQ,2016-07-29,0.1276447337711199
VRTX.OQ,2016-08-31,-0.0256701031060854
VRTX.OQ,2016-09-30,-0.0772405036452704
VRTX.OQ,2016-10-31,-0.130145625492542
VRTX.OQ,2016-11-30,0.0757975217595249
VRTX.OQ,2016-12-30,-0.0972919985331757
VRTX.OQ,2017-01-31,0.16560336638398
VRTX.OQ,2017-02-28,0.0553161756078924
VRTX.OQ,2017-03-31,0.20668726548012
VRTX.OQ,2017-04-28,0.081847279384925
VRTX.OQ,2017-05-31,0.0448013524725421
VRTX.OQ,2017-06-30,0.0426375404566293
VRTX.OQ,2017-07-31,0.178086443715495
VRTX.OQ,2017-08-31,0.0574364378752481
VRTX.OQ,2017-09-29,-0.0529463062064383
VRTX.OQ,2017-10-31,-0.038213627993136
VRTX.OQ,2017-11-30,-0.0132667715133091
VRTX.OQ,2017-12-29,0.0386028137943046
VRTX.OQ,2018-01-31,0.113505938890845
VRTX.OQ,2018-02-28,-0.0050338587031456
VRTX.OQ,2018-03-29,-0.0183701740792483
VRTX.OQ,2018-04-30,-0.0602527917418094
VRTX.OQ,2018-05-31,0.0054844607028208
VRTX.OQ,2018-06-29,0.103636363639261
VRTX.OQ,2018-07-31,0.0299482231000587
VRTX.OQ,2018-08-31,0.0534133104876771
VRTX.OQ,2018-09-28,0.0452277657204663
VRTX.OQ,2018-10-31,-0.120784476480042
VRTX.OQ,2018-11-30,0.0668594358629613
VRTX.OQ,2018-12-31,-0.0834116931134296
VRTX.OQ,2019-01-31,0.152072898431033
VRTX.OQ,2019-02-28,-0.0113142318171502
VRTX.OQ,2019-03-29,-0.0254304635718522
VRTX.OQ,2019-04-30,-0.0813808100250327
VRTX.OQ,2019-05-31,-0.0165700082592297
VRTX.OQ,2019-06-28,0.103502226503733
VRTX.OQ,2019-07-31,-0.0913949176471109
VRTX.OQ,2019-08-30,0.0804225183150782
VRTX.OQ,2019-09-30,-0.0588823464038308
VRTX.OQ,2019-10-31,0.153818911575228
VRTX.OQ,2019-11-29,0.1343871496037779
VRTX.OQ,2019-12-31,-0.0126268320095332
VRTX.OQ,2020-01-31,0.0369947476529049
VRTX.OQ,2020-02-28,-0.0133010349971565
VRTX.OQ,2020-03-31,0.0621345355841201
VRTX.OQ,2020-04-30,0.0556839672094849
VRTX.OQ,2020-05-29,0.146337579626415
VRTX.OQ,2020-06-30,0.0081608556585568
VRTX.OQ,2020-07-31,-0.0630705108155928
VRTX.OQ,2020-08-31,0.0261764706026135
VRTX.OQ,2020-09-30,-0.0250788191495991
VRTX.OQ,2020-10-30,-0.234308393366289
VRTX.OQ,2020-11-30,0.0930600883093551
VRTX.OQ,2020-12-31,0.0377167947309646
VRTX.OQ,2021-01-29,-0.0307184564512745
VRTX.OQ,2021-02-26,-0.0721581980258835
VRTX.OQ,2021-03-31,0.0110091743184368
VRTX.OQ,2021-04-30,0.0154032295497599
VRTX.OQ,2021-05-28,-0.043858845079837
VRTX.OQ,2021-06-30,-0.0335522216383072
VRTX.OQ,2021-07-30,-0.0002479789693447
VRTX.OQ,2021-08-31,-0.0063994443883478
VRTX.OQ,2021-09-30,-0.094363173408548
VRTX.OQ,2021-10-29,0.0195159600899708
VRTX.OQ,2021-11-30,0.0108689774439432
VRTX.OQ,2021-12-31,0.174708462599047
VRTX.OQ,2022-01-31,0.106785063742671
VRTX.OQ,2022-02-28,-0.0536103682242454
VRTX.OQ,2022-03-31,0.1345535170867139
VRTX.OQ,2022-04-29,0.0469402613469592
VRTX.OQ,2022-05-31,-0.0167264475481916
VRTX.OQ,2022-06-30,0.0489112227789058
VRTX.OQ,2022-07-29,-0.004897263897114
VRTX.OQ,2022-08-31,0.0048143789434065
VRTX.OQ,2022-09-30,0.0276121521792172
VRTX.OQ,2022-10-31,0.0775713200398678
VRTX.OQ,2022-11-30,0.0141025640931502
VRTX.OQ,2022-12-30,-0.0872945638425823
VRTX.OQ,2023-01-31,0.118844795341403
VRTX.OQ,2023-02-28,-0.101547508500218
VRTX.OQ,2023-03-31,0.0853629129485542
VRTX.OQ,2023-04-28,0.0814422191990058
VRTX.OQ,2023-05-31,-0.0503624570754486
VRTX.OQ,2023-06-30,0.0875853756597809
VRTX.OQ,2023-07-31,0.0012219033157234
VRTX.OQ,2023-08-31,-0.0113526707138374
VRTX.OQ,2023-09-29,-0.0017224550758517
VRTX.OQ,2023-10-31,0.0413239776850187
VRTX.OQ,2023-11-30,-0.0201596200231186
VRTX.OQ,2023-12-29,0.146782785165958
VRTX.OQ,2024-01-31,0.0651035906511299
HUM.N,2000-01-31,-0.0229007633464263
HUM.N,2000-02-29,-0.148437499994689
HUM.N,2000-03-31,0.0733944954101557
HUM.N,2000-04-28,0.0512820512672816
HUM.N,2000-05-31,-0.268292682928876
HUM.N,2000-06-30,-0.13333333330867
HUM.N,2000-07-31,0.500000000007423
HUM.N,2000-08-31,0.170940170918473
HUM.N,2000-09-29,0.255474452545732
HUM.N,2000-10-31,0.12790697675928
HUM.N,2000-11-30,-0.0103092783432003
HUM.N,2000-12-29,0.270833333356731
HUM.N,2001-01-31,-0.216393442622627
HUM.N,2001-02-28,0.129707112958441
HUM.N,2001-03-30,-0.223703703710107
HUM.N,2001-04-30,-0.0572519083809597
HUM.N,2001-05-31,-0.0334008097082631
HUM.N,2001-06-29,0.0314136125465967
HUM.N,2001-07-31,0.131979695437983
HUM.N,2001-08-31,0.076233183862821
HUM.N,2001-09-28,0.0050000000248307
HUM.N,2001-10-31,-0.0422885571927486
HUM.N,2001-11-30,0.0891774891672719
HUM.N,2001-12-31,-0.0627980922174309
HUM.N,2002-01-31,0.0559796437745683
HUM.N,2002-02-28,0.0522088353407579
HUM.N,2002-03-28,0.0328244274989196
HUM.N,2002-04-30,0.208425720604367
HUM.N,2002-05-31,-0.0691131498437481
HUM.N,2002-06-28,0.0269382391582469
HUM.N,2002-07-31,-0.212412028142174
HUM.N,2002-08-30,0.0804224207807848
HUM.N,2002-09-30,-0.0676691729334424
HUM.N,2002-10-31,-0.0177419354928439
HUM.N,2002-11-29,-0.145320197049596
HUM.N,2002-12-31,-0.0393852065196697
HUM.N,2003-01-31,-0.0060000000145157
HUM.N,2003-02-28,-0.0140845070660276
HUM.N,2003-03-31,-0.0204081632675117
HUM.N,2003-04-30,0.151041666686599
HUM.N,2003-05-30,0.175565610863421
HUM.N,2003-06-30,0.162432640507776
HUM.N,2003-07-31,0.160264900643711
HUM.N,2003-08-29,0.0039954337545153
HUM.N,2003-09-30,0.0261512222647081
HUM.N,2003-10-31,0.124099722974285
HUM.N,2003-11-28,0.100542138982407
HUM.N,2003-12-31,0.0232870577668276
HUM.N,2004-01-30,0.0210065645368678
HUM.N,2004-02-27,-0.0604372053337399
HUM.N,2004-03-31,-0.132299270058947
HUM.N,2004-04-30,-0.143533123023812
HUM.N,2004-05-28,0.0478821362775232
HUM.N,2004-06-30,-0.0099589923664047
HUM.N,2004-07-30,0.0715976331280102
HUM.N,2004-08-31,0.0491441192591846
HUM.N,2004-09-30,0.0515789473663612
HUM.N,2004-10-29,-0.0415415415514716
HUM.N,2004-11-30,0.296083550939835
HUM.N,2004-12-31,0.196212731629166
HUM.N,2005-01-31,0.154260693829164
HUM.N,2005-02-28,-0.0291800408588441
HUM.N,2005-03-31,-0.0399759543124781
HUM.N,2005-04-29,0.0848465873769547
HUM.N,2005-05-31,0.0493506493506996
HUM.N,2005-06-30,0.0929592959078145
HUM.N,2005-07-29,0.0027679919752077
HUM.N,2005-08-31,0.208531994985591
HUM.N,2005-09-30,-0.0058139534762182
HUM.N,2005-10-31,-0.0728905597208107
HUM.N,2005-11-30,0.0324397386760664
HUM.N,2005-12-30,0.185468034064399
HUM.N,2006-01-31,0.0265046935100588
HUM.N,2006-02-28,-0.0735162273469292
HUM.N,2006-03-31,0.0189665182831238
HUM.N,2006-04-28,-0.141880341889748
HUM.N,2006-05-31,0.120628596707447
HUM.N,2006-06-30,0.0606359865769947
HUM.N,2006-07-31,0.0415270018694536
HUM.N,2006-08-31,0.0893974611105584
HUM.N,2006-09-29,0.0846873461368083
HUM.N,2006-10-31,-0.0921470721936704
HUM.N,2006-11-30,-0.0983333333362904
HUM.N,2006-12-29,0.0223659888997452
HUM.N,2007-01-31,0.0034351835219832
HUM.N,2007-02-28,0.0781981981836353
HUM.N,2007-03-30,-0.0304144384995169
HUM.N,2007-04-30,0.0899689762006282
HUM.N,2007-05-31,-0.0188172042932584
HUM.N,2007-06-29,-0.0183722804198385
HUM.N,2007-07-31,0.0522081760240311
HUM.N,2007-08-31,6.88538e-12
HUM.N,2007-09-28,0.0903417069522348
HUM.N,2007-10-31,0.0725529478809033
HUM.N,2007-11-30,0.0277518345655681
HUM.N,2007-12-31,-0.0223289627461312
HUM.N,2008-01-31,0.0662594608717277
HUM.N,2008-02-29,-0.149066002491814
HUM.N,2008-03-31,-0.343480169755699
HUM.N,2008-04-30,0.0653143111988119
HUM.N,2008-05-30,0.0682151077685922
HUM.N,2008-06-30,-0.220959843280445
HUM.N,2008-07-31,0.104098566760518
HUM.N,2008-08-29,0.056706900469361
HUM.N,2008-09-30,-0.112068965512985
HUM.N,2008-10-31,-0.281796116499929
HUM.N,2008-11-28,0.0216289286988796
HUM.N,2008-12-31,0.233212041002858
HUM.N,2009-01-30,0.0174356223070498
HUM.N,2009-02-27,-0.375955707882712
HUM.N,2009-03-31,0.10181664555662
HUM.N,2009-04-30,0.103527607355263
HUM.N,2009-05-29,0.0886031966756071
HUM.N,2009-06-30,0.0296840089579831
HUM.N,2009-07-31,0.0182889026869655
HUM.N,2009-08-31,0.086757990862157
HUM.N,2009-09-30,0.0448179271687163
HUM.N,2009-10-30,0.0075067024064174
HUM.N,2009-11-30,0.104576902599554
HUM.N,2009-12-31,0.0573355817953258
HUM.N,2010-01-29,0.107769423561977
HUM.N,2010-02-26,-0.0265322912357577
HUM.N,2010-03-31,-0.0118318191351083
HUM.N,2010-04-30,-0.0224502886176943
HUM.N,2010-05-28,0.0072178477904902
HUM.N,2010-06-30,-0.0082519001177129
HUM.N,2010-07-30,0.0295598861322361
HUM.N,2010-08-31,0.0163760102034733
HUM.N,2010-09-30,0.0512659552255881
HUM.N,2010-10-29,0.160230891729223
HUM.N,2010-11-30,-0.0386001029364104
HUM.N,2010-12-31,-0.0231977159234299
HUM.N,2011-01-31,0.0590062111765916
HUM.N,2011-02-28,0.1214421252365069
HUM.N,2011-03-31,0.075834486962025
HUM.N,2011-04-29,0.0883614526662515
HUM.N,2011-05-31,0.0579348397184964
HUM.N,2011-06-30,0.003153020987644
HUM.N,2011-07-29,-0.0740004966441655
HUM.N,2011-08-31,0.0410297666933628
HUM.N,2011-09-30,-0.0601724743520478
HUM.N,2011-10-31,0.167193730212688
HUM.N,2011-11-30,0.0446460124760648
HUM.N,2011-12-30,-0.0092473732306022
HUM.N,2012-01-31,0.0160940531939457
HUM.N,2012-02-29,-0.0215681869306909
HUM.N,2012-03-30,0.0647626903199523
HUM.N,2012-04-30,-0.127595155722131
HUM.N,2012-05-31,-0.0531730292564839
HUM.N,2012-06-29,0.017058980618903
HUM.N,2012-07-31,-0.204545454537968
HUM.N,2012-08-31,0.137662337666867
HUM.N,2012-09-28,0.0047344649291505
HUM.N,2012-10-31,0.0587312900994431
HUM.N,2012-11-30,-0.119294466149572
HUM.N,2012-12-31,0.0532397007088863
HUM.N,2013-01-31,0.0834911846310142
HUM.N,2013-02-28,-0.082033351261797
HUM.N,2013-03-28,0.0163989789635348
HUM.N,2013-04-30,0.0723484300302896
HUM.N,2013-05-31,0.0900013493526376
HUM.N,2013-06-28,0.0479166352802713
HUM.N,2013-07-31,0.0815359089837878
HUM.N,2013-08-30,0.0089853166744398
HUM.N,2013-09-30,0.0164933146695152
HUM.N,2013-10-31,-0.0126433086927712
HUM.N,2013-11-29,0.128486163837501
HUM.N,2013-12-31,-0.0048038713850551
HUM.N,2014-01-31,-0.0573532261155454
HUM.N,2014-02-28,0.155806783149463
HUM.N,2014-03-31,0.0047269270717642
HUM.N,2014-04-30,-0.0263484741000478
HUM.N,2014-05-30,0.1340318906561829
HUM.N,2014-06-30,0.0284414649435001
HUM.N,2014-07-31,-0.0788443470214819
HUM.N,2014-08-29,0.0942626434213003
HUM.N,2014-09-30,0.0141909211850633
HUM.N,2014-10-31,0.0656995932332101
HUM.N,2014-11-28,-0.0063377745834716
HUM.N,2014-12-31,0.0430408980881296
HUM.N,2015-01-30,0.0195641578915668
HUM.N,2015-02-27,0.1225075115863569
HUM.N,2015-03-31,0.0846866324281245
HUM.N,2015-04-30,-0.0697674418549266
HUM.N,2015-05-29,0.296195652169588
HUM.N,2015-06-30,-0.107553039109247
HUM.N,2015-07-31,-0.0480447511535482
HUM.N,2015-08-31,0.0038442528566713
HUM.N,2015-09-30,-0.0191035655508887
HUM.N,2015-10-30,-0.0020670390906585
HUM.N,2015-11-30,-0.0558136931366005
HUM.N,2015-12-31,0.0601272371792534
HUM.N,2016-01-29,-0.0880622934262241
HUM.N,2016-02-29,0.087106087616154
HUM.N,2016-03-31,0.035404945222318
HUM.N,2016-04-29,-0.0321399289866034
HUM.N,2016-05-31,-0.0257525272308823
HUM.N,2016-06-30,0.0443750138763548
HUM.N,2016-07-29,-0.0407493884928028
HUM.N,2016-08-31,0.0356997971801729
HUM.N,2016-09-30,-0.0101840971546968
HUM.N,2016-10-31,-0.028717288488284
HUM.N,2016-11-30,0.239666530655069
HUM.N,2016-12-30,-0.0404909706710591
HUM.N,2017-01-31,-0.0256998270160632
HUM.N,2017-02-28,0.0642317380084767
HUM.N,2017-03-31,-0.0222948470395182
HUM.N,2017-04-28,0.076840981884946
HUM.N,2017-05-31,0.0463104784461175
HUM.N,2017-06-30,0.0377225297817152
HUM.N,2017-07-31,-0.0391488654275458
HUM.N,2017-08-31,0.11427335640443
HUM.N,2017-09-29,-0.0527464868761436
HUM.N,2017-10-31,0.0481057341090939
HUM.N,2017-11-30,0.0215782259712502
HUM.N,2017-12-29,-0.0475025300190179
HUM.N,2018-01-31,0.136090619584967
HUM.N,2018-02-28,-0.0355178653851174
HUM.N,2018-03-29,-0.0091516736209273
HUM.N,2018-04-30,0.09429751142242
HUM.N,2018-05-31,-0.0108776939220863
HUM.N,2018-06-29,0.0245758384455446
HUM.N,2018-07-31,0.0556059536638425
HUM.N,2018-08-31,0.0607295181090606
HUM.N,2018-09-28,0.0172992051459366
HUM.N,2018-10-31,-0.0534975776883019
HUM.N,2018-11-30,0.0282762710257923
HUM.N,2018-12-31,-0.1289421209067
HUM.N,2019-01-31,0.0785744205300826
HUM.N,2019-02-28,-0.0775105990606688
HUM.N,2019-03-29,-0.0648431803425138
HUM.N,2019-04-30,-0.0398120300623785
HUM.N,2019-05-31,-0.041306135238373
HUM.N,2019-06-28,0.0857283959250075
HUM.N,2019-07-31,0.118545043356667
HUM.N,2019-08-30,-0.0456276326862999
HUM.N,2019-09-30,-0.0953147824282129
HUM.N,2019-10-31,0.150702076924358
HUM.N,2019-11-29,0.159857239947642
HUM.N,2019-12-31,0.0757205715287221
HUM.N,2020-01-31,-0.0826148641307484
HUM.N,2020-02-28,-0.0492505353449509
HUM.N,2020-03-31,-0.0157325989514543
HUM.N,2020-04-30,0.215909814674593
HUM.N,2020-05-29,0.0755067833037057
HUM.N,2020-06-30,-0.054209612507794
HUM.N,2020-07-31,0.0121212120943988
HUM.N,2020-08-31,0.0578927252027917
HUM.N,2020-09-30,-0.0015312111791929
HUM.N,2020-10-30,-0.0352992340871123
HUM.N,2020-11-30,0.0031055900787744
HUM.N,2020-12-31,0.0259198097687959
HUM.N,2021-01-29,-0.0662003071289838
HUM.N,2021-02-26,-0.0090313486967038
HUM.N,2021-03-31,0.106122422619275
HUM.N,2021-04-30,0.0619916517405852
HUM.N,2021-05-28,-0.0169346869163317
HUM.N,2021-06-30,0.0130698664875626
HUM.N,2021-07-30,-0.0380827611047232
HUM.N,2021-08-31,-0.0479969943353413
HUM.N,2021-09-30,-0.0384316945758691
HUM.N,2021-10-29,0.190183733789011
HUM.N,2021-11-30,-0.0938120735783125
HUM.N,2021-12-31,0.106850842234191
HUM.N,2022-01-31,-0.1538395205425499
HUM.N,2022-02-28,0.106547770699483
HUM.N,2022-03-31,0.0037528473696839
HUM.N,2022-04-29,0.021577774219435
HUM.N,2022-05-31,0.0217518445216227
HUM.N,2022-06-30,0.0322018862881086
HUM.N,2022-07-29,0.0297605059352373
HUM.N,2022-08-31,-0.0004564315238876
HUM.N,2022-09-30,0.0086929437338796
HUM.N,2022-10-31,0.150229806885177
HUM.N,2022-11-30,-0.0146573967919649
HUM.N,2022-12-30,-0.0671468445947014
HUM.N,2023-01-31,-0.0009566762344783
HUM.N,2023-02-28,-0.0325972249415752
HUM.N,2023-03-31,-0.01753516086323
HUM.N,2023-04-28,0.0927573847721195
HUM.N,2023-05-31,-0.0539501215946736
HUM.N,2023-06-30,-0.10729567427414
HUM.N,2023-07-31,0.0216939145190473
HUM.N,2023-08-31,0.0105071908632939
HUM.N,2023-09-29,0.0558011176091269
HUM.N,2023-10-31,0.0763997369074432
HUM.N,2023-11-30,-0.0741469189630469
HUM.N,2023-12-29,-0.0539552171926605
HUM.N,2024-01-31,-0.174198903487657
HSY.N,2000-01-31,-0.1052631578730179
HSY.N,2000-02-29,0.0396510441800644
HSY.N,2000-03-31,0.109530583213089
HSY.N,2000-04-28,-0.0692307692402775
HSY.N,2000-05-31,0.148973820911366
HSY.N,2000-06-30,-0.0650602409724492
HSY.N,2000-07-31,-0.046391752603932
HSY.N,2000-08-31,-0.0712680870446369
HSY.N,2000-09-29,0.267935578325732
HSY.N,2000-10-31,0.0034642032076965
HSY.N,2000-11-30,0.17007782466551
HSY.N,2000-12-29,0.0177865612462282
HSY.N,2001-01-31,-0.0757281553328716
HSY.N,2001-02-28,0.0818590416502112
HSY.N,2001-03-30,0.0816039943974019
HSY.N,2001-04-30,-0.12853433351568
HSY.N,2001-05-31,0.0085287352586289
HSY.N,2001-06-29,0.0176451187207878
HSY.N,2001-07-31,-0.0218765191968743
HSY.N,2001-08-31,0.0733581149121356
HSY.N,2001-09-28,0.0138027295217566
HSY.N,2001-10-31,-0.0250879608463085
HSY.N,2001-11-30,0.0318556635231872
HSY.N,2001-12-31,0.0342193705882912
HSY.N,2002-01-31,0.0394387001602521
HSY.N,2002-02-28,0.0082703861063087
HSY.N,2002-03-28,-0.0298655343294363
HSY.N,2002-04-30,-0.007878611036582
HSY.N,2002-05-31,-0.0143148724794183
HSY.N,2002-06-28,-0.0633897797096318
HSY.N,2002-07-31,0.255360000010991
HSY.N,2002-08-30,-0.0303059857982673
HSY.N,2002-09-30,-0.180858085817839
HSY.N,2002-10-31,0.0486704270545486
HSY.N,2002-11-29,-0.0055138405574061
HSY.N,2002-12-31,0.0473676036604067
HSY.N,2003-01-31,-0.0435943060446516
HSY.N,2003-02-28,0.0067633746789486
HSY.N,2003-03-31,-0.030181086517941
HSY.N,2003-04-30,0.0413341844863454
HSY.N,2003-05-30,0.0949381045616937
HSY.N,2003-06-30,-0.0202531645583749
HSY.N,2003-07-31,0.0452196382490875
HSY.N,2003-08-29,-0.0346147013022725
HSY.N,2003-09-30,0.0397711015758668
HSY.N,2003-10-31,0.060814529428072
HSY.N,2003-11-28,0.0129405037748456
HSY.N,2003-12-31,-0.0091377091449634
HSY.N,2004-01-30,-0.0192232757313121
HSY.N,2004-02-27,0.103048928788367
HSY.N,2004-03-31,-0.0006031363073879
HSY.N,2004-04-30,0.0729028364646489
HSY.N,2004-05-28,0.0026608100384075
HSY.N,2004-06-30,0.0429392539352251
HSY.N,2004-07-30,0.0468986384190409
HSY.N,2004-08-31,0.001296762769247
HSY.N,2004-09-30,-0.032518641258718
HSY.N,2004-10-29,0.0852065938742645
HSY.N,2004-11-30,0.0261988914876068
HSY.N,2004-12-31,0.072200772195729
HSY.N,2005-01-31,0.0531148721734621
HSY.N,2005-02-28,0.0809677971125491
HSY.N,2005-03-31,-0.0403174603191393
HSY.N,2005-04-29,0.0568971220460075
HSY.N,2005-05-31,0.0082597065980933
HSY.N,2005-06-30,-0.0328609250595326
HSY.N,2005-07-29,0.0285024154412493
HSY.N,2005-08-31,-0.0710617791494084
HSY.N,2005-09-30,-0.0470468776497147
HSY.N,2005-10-31,0.0092345941913445
HSY.N,2005-11-30,-0.0416562971300843
HSY.N,2005-12-30,0.0189966801591705
HSY.N,2006-01-31,-0.0733031674110654
HSY.N,2006-02-28,0.0036372120856405
HSY.N,2006-03-31,0.0211143694845579
HSY.N,2006-04-28,0.0212521539421149
HSY.N,2006-05-31,0.071596948810536
HSY.N,2006-06-30,-0.0323317518918478
HSY.N,2006-07-31,-0.0018158707097477
HSY.N,2006-08-31,-0.0134224326648798
HSY.N,2006-09-29,-0.0094514455271353
HSY.N,2006-10-31,-0.0101028998955984
HSY.N,2006-11-30,0.006320228658271
HSY.N,2006-12-29,-0.0598451954037839
HSY.N,2007-01-31,0.0248995983812264
HSY.N,2007-02-28,0.0412680926236551
HSY.N,2007-03-30,0.0336611194926475
HSY.N,2007-04-30,0.0054884742032985
HSY.N,2007-05-31,-0.0359610386623608
HSY.N,2007-06-29,-0.0396509201459516
HSY.N,2007-07-31,-0.0892927696355977
HSY.N,2007-08-31,0.0151246053395186
HSY.N,2007-09-28,-0.0019354838636455
HSY.N,2007-10-31,-0.0711053651870615
HSY.N,2007-11-30,-0.0671449477848069
HSY.N,2007-12-31,-0.0127787521853659
HSY.N,2008-01-31,-0.0812182741251009
HSY.N,2008-02-29,0.032630857169438
HSY.N,2008-03-31,0.0159115426014824
HSY.N,2008-04-30,-0.0076984337762805
HSY.N,2008-05-30,0.0569975144049715
HSY.N,2008-06-30,-0.163562133193733
HSY.N,2008-07-31,0.121720561300859
HSY.N,2008-08-29,-0.0106649661224702
HSY.N,2008-09-30,0.0955943474597614
HSY.N,2008-10-31,-0.058168942853062
HSY.N,2008-11-28,-0.0250071292893238
HSY.N,2008-12-31,-0.0350000000025978
HSY.N,2009-01-30,0.0731145653450833
HSY.N,2009-02-27,-0.0883252328076535
HSY.N,2009-03-31,0.0314633422607349
HSY.N,2009-04-30,0.0399999999982832
HSY.N,2009-05-29,-0.0171988912512668
HSY.N,2009-06-30,0.0221465076459475
HSY.N,2009-07-31,0.109722222227395
HSY.N,2009-08-31,-0.0106564591283753
HSY.N,2009-09-30,-0.0094315574865936
HSY.N,2009-10-30,-0.0275347400780824
HSY.N,2009-11-30,-0.0563863146319138
HSY.N,2009-12-31,0.0118744698838815
HSY.N,2010-01-29,0.0178820899890846
HSY.N,2010-02-26,0.100304018507527
HSY.N,2010-03-31,0.0767102615645321
HSY.N,2010-04-30,0.0981079187269014
HSY.N,2010-05-28,0.0023750156234405
HSY.N,2010-06-30,0.0241452991617995
HSY.N,2010-07-30,-0.0194032964433036
HSY.N,2010-08-31,-0.0046171242803156
HSY.N,2010-09-30,0.0241015708993206
HSY.N,2010-10-29,0.0399243538566045
HSY.N,2010-11-30,-0.0478634972530695
HSY.N,2010-12-31,0.0074786324654263
HSY.N,2011-01-31,-0.0097560975375858
HSY.N,2011-02-28,0.1282410639906309
HSY.N,2011-03-31,0.038799694203647
HSY.N,2011-04-29,0.0618215271295317
HSY.N,2011-05-31,-0.0282673451241221
HSY.N,2011-06-30,0.0200968957376047
HSY.N,2011-07-29,-0.0072119612845194
HSY.N,2011-08-31,0.0453850670254015
HSY.N,2011-09-30,0.0100596760414167
HSY.N,2011-10-31,-0.0339297771762695
HSY.N,2011-11-30,0.0140325039183493
HSY.N,2011-12-30,0.0710818308077044
HSY.N,2012-01-31,-0.0113305276747304
HSY.N,2012-02-29,4.7506993742230006e-05
HSY.N,2012-03-30,0.0103789126785061
HSY.N,2012-04-30,0.0926137290195267
HSY.N,2012-05-31,0.0034019533073432
HSY.N,2012-06-29,0.0773257552991793
HSY.N,2012-07-31,-0.0040261002494764
HSY.N,2012-08-31,0.0063601917875237
HSY.N,2012-09-28,-0.0129490392670263
HSY.N,2012-10-31,-0.0287769784190774
HSY.N,2012-11-30,0.0703744651219853
HSY.N,2012-12-31,-0.0143305582128949
HSY.N,2013-01-31,0.100110772642526
HSY.N,2013-02-28,0.0544480852615976
HSY.N,2013-03-28,0.0502759779073143
HSY.N,2013-04-30,0.0186221866843408
HSY.N,2013-05-31,0.004146673335809
HSY.N,2013-06-28,0.0019077544544538
HSY.N,2013-07-31,0.0626120071591442
HSY.N,2013-08-30,-0.025761110504545
HSY.N,2013-09-30,0.0059815116946131
HSY.N,2013-10-31,0.0728648648449621
HSY.N,2013-11-29,-0.0187351555634173
HSY.N,2013-12-31,0.0035091340763671
HSY.N,2014-01-31,0.0223182145637815
HSY.N,2014-02-28,0.0693816286673965
HSY.N,2014-03-31,-0.013419013424504
HSY.N,2014-04-30,-0.0781609195678101
HSY.N,2014-05-30,0.0164832608832002
HSY.N,2014-06-30,0.0003081980436214
HSY.N,2014-07-31,-0.0946903563841474
HSY.N,2014-08-29,0.0431333597106955
HSY.N,2014-09-30,0.0438634871791363
HSY.N,2014-10-31,0.0050298648317754
HSY.N,2014-11-28,0.0513728387768386
HSY.N,2014-12-31,0.0363980854014365
HSY.N,2015-01-30,-0.0165496007131507
HSY.N,2015-02-27,0.0204866800549437
HSY.N,2015-03-31,-0.0276546540874316
HSY.N,2015-04-30,-0.0890892874840535
HSY.N,2015-05-29,0.0159723081834412
HSY.N,2015-06-30,-0.0433986646432043
HSY.N,2015-07-31,0.0457052797552007
HSY.N,2015-08-31,-0.0300032296112597
HSY.N,2015-09-30,0.0263628239523034
HSY.N,2015-10-30,-0.0347191989432811
HSY.N,2015-11-30,-0.020210931706582
HSY.N,2015-12-31,0.0342949832234123
HSY.N,2016-01-29,-0.0129942870181866
HSY.N,2016-02-29,0.0382403197796799
HSY.N,2016-03-31,0.0132027726042084
HSY.N,2016-04-29,0.0110761212015282
HSY.N,2016-05-31,0.0036230975628941
HSY.N,2016-06-30,0.222294022603307
HSY.N,2016-07-29,-0.0240549828117231
HSY.N,2016-08-31,-0.0932104447030966
HSY.N,2016-09-30,-0.0429472419636011
HSY.N,2016-10-31,0.0717573221701129
HSY.N,2016-11-30,-0.0508419638393733
HSY.N,2016-12-30,0.0702607615850153
HSY.N,2017-01-31,0.0197234844718641
HSY.N,2017-02-28,0.0331875410152265
HSY.N,2017-03-31,0.0083064144021229
HSY.N,2017-04-28,-0.0096109839874913
HSY.N,2017-05-31,0.07116113319088
HSY.N,2017-06-30,-0.0685347445216105
HSY.N,2017-07-31,-0.0191859923507532
HSY.N,2017-08-31,0.0023797697442737
HSY.N,2017-09-29,0.0405070529904055
HSY.N,2017-10-31,-0.0273884766989342
HSY.N,2017-11-30,0.051051329575212
HSY.N,2017-12-29,0.0232579103860509
HSY.N,2018-01-31,-0.0280151528788074
HSY.N,2018-02-28,-0.103380385828878
HSY.N,2018-03-29,0.0071239568288092
HSY.N,2018-04-30,-0.0709377526303517
HSY.N,2018-05-31,-0.0136574336539881
HSY.N,2018-06-29,0.0335406485802616
HSY.N,2018-07-31,0.0553406404708836
HSY.N,2018-08-31,0.0309862469070545
HSY.N,2018-09-28,0.0147234381165762
HSY.N,2018-10-31,0.0504901960675463
HSY.N,2018-11-30,0.017586007671941
HSY.N,2018-12-31,-0.0103416435819268
HSY.N,2019-01-31,-0.0100765068049559
HSY.N,2019-02-28,0.0499399033011042
HSY.N,2019-03-29,0.0374954824584257
HSY.N,2019-04-30,0.0872594269625127
HSY.N,2019-05-31,0.0628085492006059
HSY.N,2019-06-28,0.015686571680152
HSY.N,2019-07-31,0.132134596718922
HSY.N,2019-08-30,0.0495155401759599
HSY.N,2019-09-30,-0.0220217062155256
HSY.N,2019-10-31,-0.0523904768014901
HSY.N,2019-11-29,0.0141042567378062
HSY.N,2019-12-31,-0.0079643628537985
HSY.N,2020-01-31,0.0557218669213164
HSY.N,2020-02-28,-0.0675699313201135
HSY.N,2020-03-31,-0.0797972081454781
HSY.N,2020-04-30,-0.0005283018857382
HSY.N,2020-05-29,0.030727086046809
HSY.N,2020-06-30,-0.0446639150783196
HSY.N,2020-07-31,0.121817620726012
HSY.N,2020-08-31,0.0277759287222237
HSY.N,2020-09-30,-0.0356566200147732
HSY.N,2020-10-30,-0.0410213478644872
HSY.N,2020-11-30,0.0816664767851323
HSY.N,2020-12-31,0.0300223138869034
HSY.N,2021-01-29,-0.0452307490075762
HSY.N,2021-02-26,0.0067067278462351
HSY.N,2021-03-31,0.0858908341845004
HSY.N,2021-04-30,0.0388214466393704
HSY.N,2021-05-28,0.0581485952517173
HSY.N,2021-06-30,0.0065299046425655
HSY.N,2021-07-30,0.0269835801973481
HSY.N,2021-08-31,-0.0016309618891658
HSY.N,2021-09-30,-0.0475520540143084
HSY.N,2021-10-29,0.0360413589208068
HSY.N,2021-11-30,0.0172677128949248
HSY.N,2021-12-31,0.0900332412981435
HSY.N,2022-01-31,0.0186075360526918
HSY.N,2022-02-28,0.0309130042122682
HSY.N,2022-03-31,0.0710471670030472
HSY.N,2022-04-29,0.0421917555020859
HSY.N,2022-05-31,-0.0581567661311693
HSY.N,2022-06-30,0.0162958764439478
HSY.N,2022-07-29,0.0594906116334601
HSY.N,2022-08-31,-0.0100055276974518
HSY.N,2022-09-30,-0.0186940846713295
HSY.N,2022-10-31,0.0830044904044473
HSY.N,2022-11-30,-0.0104730839027427
HSY.N,2022-12-30,-0.0153080750264062
HSY.N,2023-01-31,-0.0300988902045785
HSY.N,2023-02-28,0.0657598112447468
HSY.N,2023-03-31,0.0675142665321069
HSY.N,2023-04-28,0.0733068668710259
HSY.N,2023-05-31,-0.0452344571866485
HSY.N,2023-06-30,-0.0385059684199572
HSY.N,2023-07-31,-0.07364837804331
HSY.N,2023-08-31,-0.0660264436541861
HSY.N,2023-09-29,-0.0687889788808899
HSY.N,2023-10-31,-0.0636245501900015
HSY.N,2023-11-30,0.0091475533496359
HSY.N,2023-12-29,-0.007875691794644
HSY.N,2024-01-31,0.0380819566565691
REGN.OQ,2000-01-31,-0.0343137255043443
REGN.OQ,2000-02-29,3.5888324872639403
REGN.OQ,2000-03-31,-0.476769911514055
REGN.OQ,2000-04-28,-0.0338266384609202
REGN.OQ,2000-05-31,-0.286652078770142
REGN.OQ,2000-06-30,0.463190184069532
REGN.OQ,2000-07-31,-0.0587002096605564
REGN.OQ,2000-08-31,0.262806236128007
REGN.OQ,2000-09-29,-0.0793650793517905
REGN.OQ,2000-10-31,-0.18007662835319
REGN.OQ,2000-11-30,-0.0887850467457022
REGN.OQ,2000-12-29,0.446794871797687
REGN.OQ,2001-01-31,-0.0713336287114822
REGN.OQ,2001-02-28,-0.0419847328207402
REGN.OQ,2001-03-30,-0.292828685265251
REGN.OQ,2001-04-30,0.397633802815836
REGN.OQ,2001-05-31,0.0290228958441821
REGN.OQ,2001-06-29,0.0858664995397209
REGN.OQ,2001-07-31,-0.224531024539794
REGN.OQ,2001-08-31,0.12095273538135
REGN.OQ,2001-09-28,-0.26162018590853
REGN.OQ,2001-10-31,-0.0062949640455412
REGN.OQ,2001-11-30,0.25203619909666
REGN.OQ,2001-12-31,0.0177087098094224
REGN.OQ,2002-01-31,-0.119318181831564
REGN.OQ,2002-02-28,-0.0842741935323696
REGN.OQ,2002-03-28,0.100396301191134
REGN.OQ,2002-04-30,-0.173669467799662
REGN.OQ,2002-05-31,-0.199951573844315
REGN.OQ,2002-06-28,-0.121723866606239
REGN.OQ,2002-07-31,0.1853893866249449
REGN.OQ,2002-08-30,-0.1017441860324269
REGN.OQ,2002-09-30,-0.126213592248788
REGN.OQ,2002-10-31,0.120740740750166
REGN.OQ,2002-11-29,0.430931923304273
REGN.OQ,2002-12-31,-0.145034642006534
REGN.OQ,2003-01-31,0.0118854673239999
REGN.OQ,2003-02-28,-0.020822210352292
REGN.OQ,2003-03-31,-0.589967284625965
REGN.OQ,2003-04-30,-0.158244680848641
REGN.OQ,2003-05-30,1.17377567138103
REGN.OQ,2003-06-30,0.144622093041419
REGN.OQ,2003-07-31,-0.0222222222207797
REGN.OQ,2003-08-29,-0.0123376623477743
REGN.OQ,2003-09-30,0.161735700215422
REGN.OQ,2003-10-31,-0.2167515563098309
REGN.OQ,2003-11-28,-0.0693641618371277
REGN.OQ,2003-12-31,0.142080745354401
REGN.OQ,2004-01-30,0.0088375254977697
REGN.OQ,2004-02-27,-0.0417789757400232
REGN.OQ,2004-03-31,-0.0450070323779924
REGN.OQ,2004-04-30,-0.0773195876126121
REGN.OQ,2004-05-28,-0.103750997614895
REGN.OQ,2004-06-30,-0.0623330365247108
REGN.OQ,2004-07-30,-0.187084520401331
REGN.OQ,2004-08-31,0.0408878504614227
REGN.OQ,2004-09-30,-0.0258136924525803
REGN.OQ,2004-10-29,-0.1624423963181299
REGN.OQ,2004-11-30,0.268225584606034
REGN.OQ,2004-12-31,-0.0010845986920073
REGN.OQ,2005-01-31,-0.218241042353523
REGN.OQ,2005-02-28,-0.151388888879129
REGN.OQ,2005-03-31,-0.163666121109181
REGN.OQ,2005-04-29,0.0880626223065872
REGN.OQ,2005-05-31,0.1205035971001989
REGN.OQ,2005-06-30,0.346709470297627
REGN.OQ,2005-07-29,0.148986889163392
REGN.OQ,2005-08-31,-0.2251037344396459
REGN.OQ,2005-09-30,0.270414993323353
REGN.OQ,2005-10-31,0.318229715516431
REGN.OQ,2005-11-30,-0.107114308548592
REGN.OQ,2005-12-30,0.427931960583214
REGN.OQ,2006-01-31,-0.0451410658239667
REGN.OQ,2006-02-28,0.07485226527201
REGN.OQ,2006-03-31,0.0158827122935884
REGN.OQ,2006-04-28,-0.12687913410117
REGN.OQ,2006-05-31,-0.108815426999778
REGN.OQ,2006-06-30,-0.0092735703311442
REGN.OQ,2006-07-31,0.065522620886761
REGN.OQ,2006-08-31,0.16251830159808
REGN.OQ,2006-09-29,-0.011964735503271
REGN.OQ,2006-10-31,0.277884002561792
REGN.OQ,2006-11-30,0.0728179551179295
REGN.OQ,2006-12-29,-0.0669456066908679
REGN.OQ,2007-01-31,-0.0089686098444352
REGN.OQ,2007-02-28,-0.0025138260340338
REGN.OQ,2007-03-30,0.0897177419596458
REGN.OQ,2007-04-30,0.258094357077704
REGN.OQ,2007-05-31,-0.174999999978515
REGN.OQ,2007-06-29,-0.201426024944241
REGN.OQ,2007-07-31,-0.1690848214249249
REGN.OQ,2007-08-31,0.306917394203573
REGN.OQ,2007-09-28,-0.0853031860337024
REGN.OQ,2007-10-31,0.2359550561867159
REGN.OQ,2007-11-30,-0.0100000000053814
REGN.OQ,2007-12-31,0.10881542699676
REGN.OQ,2008-01-31,-0.160248447212847
REGN.OQ,2008-02-29,-0.0251479290155644
REGN.OQ,2008-03-31,-0.0293373798616338
REGN.OQ,2008-04-30,0.0224075039123337
REGN.OQ,2008-05-30,0.0142711518910594
REGN.OQ,2008-06-30,-0.27437185929096
REGN.OQ,2008-07-31,0.515927977836602
REGN.OQ,2008-08-29,-0.0077661032518667
REGN.OQ,2008-09-30,0.0050644567399706
REGN.OQ,2008-10-31,-0.115895556574499
REGN.OQ,2008-11-28,-0.1989637305858559
REGN.OQ,2008-12-31,0.187580853811895
REGN.OQ,2009-01-30,-0.0479302832274071
REGN.OQ,2009-02-27,-0.1847826087090719
REGN.OQ,2009-03-31,-0.0273684210451797
REGN.OQ,2009-04-30,-0.0432900433158055
REGN.OQ,2009-05-29,0.154600301637478
REGN.OQ,2009-06-30,0.170476812538934
REGN.OQ,2009-07-31,0.196428571428018
REGN.OQ,2009-08-31,0.0601679104369667
REGN.OQ,2009-09-30,-0.150901891759645
REGN.OQ,2009-10-30,-0.186528497405449
REGN.OQ,2009-11-30,0.16878980892516
REGN.OQ,2009-12-31,0.317711171653471
REGN.OQ,2010-01-29,0.102564102562218
REGN.OQ,2010-02-26,-0.0825206301474526
REGN.OQ,2010-03-31,0.0829926410818982
REGN.OQ,2010-04-30,-0.0362400906084062
REGN.OQ,2010-05-28,0.119075597341695
REGN.OQ,2010-06-30,-0.218760938061555
REGN.OQ,2010-07-30,0.0837813619926866
REGN.OQ,2010-08-31,-0.0913600661408648
REGN.OQ,2010-09-30,0.246587807070722
REGN.OQ,2010-10-29,-0.0481751824770431
REGN.OQ,2010-11-30,0.105061349692147
REGN.OQ,2010-12-31,0.139139486479954
REGN.OQ,2011-01-31,0.0258909533927323
REGN.OQ,2011-02-28,0.0769002375026706
REGN.OQ,2011-03-31,0.239040529339889
REGN.OQ,2011-04-29,0.137294170020947
REGN.OQ,2011-05-31,0.174329876743732
REGN.OQ,2011-06-30,-0.0551482838926786
REGN.OQ,2011-07-29,-0.064362546270182
REGN.OQ,2011-08-31,0.11251413492977
REGN.OQ,2011-09-30,-0.0140606471218505
REGN.OQ,2011-10-31,-0.0498281786952308
REGN.OQ,2011-11-30,0.0745027124804545
REGN.OQ,2011-12-30,-0.0671491080468752
REGN.OQ,2012-01-31,0.639184557099974
REGN.OQ,2012-02-29,0.153312788903183
REGN.OQ,2012-03-30,0.112892451576117
REGN.OQ,2012-04-30,0.159835362696465
REGN.OQ,2012-05-31,0.0028833358364814
REGN.OQ,2012-06-29,-0.1579800958206459
REGN.OQ,2012-07-31,0.178865347590726
REGN.OQ,2012-08-31,0.0995172669886368
REGN.OQ,2012-09-28,0.0311381290111326
REGN.OQ,2012-10-31,-0.067863225473881
REGN.OQ,2012-11-30,0.240688685869153
REGN.OQ,2012-12-31,-0.0310393656239982
REGN.OQ,2013-01-31,0.0167767580716465
REGN.OQ,2013-02-28,-0.0398988156805083
REGN.OQ,2013-03-28,0.0562874251466456
REGN.OQ,2013-04-30,0.219614512456653
REGN.OQ,2013-05-31,0.124244677876543
REGN.OQ,2013-06-28,-0.0702443461402271
REGN.OQ,2013-07-31,0.200907150452177
REGN.OQ,2013-08-30,-0.102754943389908
REGN.OQ,2013-09-30,0.291197226708336
REGN.OQ,2013-10-31,-0.0807683702602101
REGN.OQ,2013-11-29,0.0217663421506478
REGN.OQ,2013-12-31,-0.0633635064253245
REGN.OQ,2014-01-31,0.048503124556232
REGN.OQ,2014-02-28,0.152153574283387
REGN.OQ,2014-03-31,-0.0969022556496327
REGN.OQ,2014-04-30,-0.0112894631592602
REGN.OQ,2014-05-30,0.0339182862298559
REGN.OQ,2014-06-30,-0.0797823820713605
REGN.OQ,2014-07-31,0.119481714881115
REGN.OQ,2014-08-29,0.108468787581729
REGN.OQ,2014-09-30,0.0285290425673608
REGN.OQ,2014-10-31,0.0920892044646069
REGN.OQ,2014-11-28,0.056867824835644
REGN.OQ,2014-12-31,-0.0140828146363604
REGN.OQ,2015-01-30,0.0156246191366385
REGN.OQ,2015-02-27,-0.006768108294355
REGN.OQ,2015-03-31,0.0909530253363132
REGN.OQ,2015-04-30,0.013245326489008
REGN.OQ,2015-05-29,0.120447689425201
REGN.OQ,2015-06-30,-0.004740908371236
REGN.OQ,2015-07-31,0.0853311900958529
REGN.OQ,2015-08-31,-0.0725354911031957
REGN.OQ,2015-09-30,-0.0941772152095393
REGN.OQ,2015-10-30,0.198327385325564
REGN.OQ,2015-11-30,-0.0231256391566769
REGN.OQ,2015-12-31,-0.0029935720679378
REGN.OQ,2016-01-29,-0.226168327594479
REGN.OQ,2016-02-29,-0.085862553252953
REGN.OQ,2016-03-31,-0.0614030519298369
REGN.OQ,2016-04-29,0.045139274216093
REGN.OQ,2016-05-31,0.0589843646412791
REGN.OQ,2016-06-30,-0.1245832602181629
REGN.OQ,2016-07-29,0.217306646030074
REGN.OQ,2016-08-31,-0.0766136620309502
REGN.OQ,2016-09-30,0.0241243153721474
REGN.OQ,2016-10-31,-0.141783990842246
REGN.OQ,2016-11-30,0.09918265606363
REGN.OQ,2016-12-30,-0.032037759740674
REGN.OQ,2017-01-31,-0.0212481952620129
REGN.OQ,2017-02-28,0.0395502240684558
REGN.OQ,2017-03-31,0.0375100401507511
REGN.OQ,2017-04-28,0.0025289669940988
REGN.OQ,2017-05-31,0.181652037371629
REGN.OQ,2017-06-30,0.0698819326469662
REGN.OQ,2017-07-31,0.0009773180753092
REGN.OQ,2017-08-31,0.0107400024439781
REGN.OQ,2017-09-29,-0.100181122973085
REGN.OQ,2017-10-31,-0.0995258543629051
REGN.OQ,2017-11-30,-0.1012368983211
REGN.OQ,2017-12-29,0.0389653457258965
REGN.OQ,2018-01-31,-0.0247632726773368
REGN.OQ,2018-02-28,-0.12603300150086
REGN.OQ,2018-03-29,0.074647359868439
REGN.OQ,2018-04-30,-0.118132187256857
REGN.OQ,2018-05-31,-0.0110642781828163
REGN.OQ,2018-06-29,0.14874134259706
REGN.OQ,2018-07-31,0.0667265717934917
REGN.OQ,2018-08-31,0.105268878556071
REGN.OQ,2018-09-28,-0.006662569137085
REGN.OQ,2018-10-31,-0.160380160357528
REGN.OQ,2018-11-30,0.0778504893165537
REGN.OQ,2018-12-31,0.0214686175230747
REGN.OQ,2019-01-31,0.149317269071085
REGN.OQ,2019-02-28,0.0034244182205505
REGN.OQ,2019-03-29,-0.0467103124718436
REGN.OQ,2019-04-30,-0.1643368564564989
REGN.OQ,2019-05-31,-0.120708748640121
REGN.OQ,2019-06-28,0.0373856555834654
REGN.OQ,2019-07-31,-0.0263258785726685
REGN.OQ,2019-08-30,-0.0482674891904494
REGN.OQ,2019-09-30,-0.0436131701296456
REGN.OQ,2019-10-31,0.1041095890717729
REGN.OQ,2019-11-29,0.20477993991686
REGN.OQ,2019-12-31,0.017560975635913
REGN.OQ,2020-01-31,-0.0999786939433875
REGN.OQ,2020-02-28,0.315529383917962
REGN.OQ,2020-03-31,0.0983422183075029
REGN.OQ,2020-04-30,0.0769829404811293
REGN.OQ,2020-05-29,0.1653038716111829
REGN.OQ,2020-06-30,0.0176890063904164
REGN.OQ,2020-07-31,0.013501162510125
REGN.OQ,2020-08-31,-0.0192067334128352
REGN.OQ,2020-09-30,-0.0970270836969658
REGN.OQ,2020-10-30,-0.0289756690100412
REGN.OQ,2020-11-30,-0.0506475826301542
REGN.OQ,2020-12-31,-0.0637947406538996
REGN.OQ,2021-01-29,0.0429094823320462
REGN.OQ,2021-02-26,-0.105728008919362
REGN.OQ,2021-03-31,0.0500921055497507
REGN.OQ,2021-04-30,0.0172464809661772
REGN.OQ,2021-05-28,0.0439019322568659
REGN.OQ,2021-06-30,0.111677248570488
REGN.OQ,2021-07-30,0.0287714398116472
REGN.OQ,2021-08-31,0.1719253058391739
REGN.OQ,2021-09-30,-0.101306801299549
REGN.OQ,2021-10-29,0.0574374566228888
REGN.OQ,2021-11-30,-0.0053286245437296
REGN.OQ,2021-12-31,-0.0078707994723715
REGN.OQ,2022-01-31,-0.0363092221885895
REGN.OQ,2022-02-28,0.0160535007176945
REGN.OQ,2022-03-31,0.129471505268378
REGN.OQ,2022-04-29,-0.0562841842870654
REGN.OQ,2022-05-31,0.0085418215110335
REGN.OQ,2022-06-30,-0.1107350242411349
REGN.OQ,2022-07-29,-0.0159694144817405
REGN.OQ,2022-08-31,-0.001083051126138
REGN.OQ,2022-09-30,0.185540219605775
REGN.OQ,2022-10-31,0.0869249640558694
REGN.OQ,2022-11-30,0.0039398998159929
REGN.OQ,2022-12-30,-0.0401889051584361
REGN.OQ,2023-01-31,0.0512550416607889
REGN.OQ,2023-02-28,0.0025709652455634
REGN.OQ,2023-03-31,0.0805475921130014
REGN.OQ,2023-04-28,-0.0241946280202581
REGN.OQ,2023-05-31,-0.0826026765279164
REGN.OQ,2023-06-30,-0.0231388330034745
REGN.OQ,2023-07-31,0.0325242853473489
REGN.OQ,2023-08-31,0.114003046176152
REGN.OQ,2023-09-29,-0.0042710740578428
REGN.OQ,2023-10-31,-0.052335471948332
REGN.OQ,2023-11-30,0.0563156342854376
REGN.OQ,2023-12-29,0.0661317536900123
REGN.OQ,2024-01-31,0.0734267724935859
CLX.N,2000-01-31,-0.048096944875922
CLX.N,2000-02-29,-0.153141361265386
CLX.N,2000-03-31,-0.196290571883017
CLX.N,2000-04-28,0.137265571047921
CLX.N,2000-05-31,0.0782312925308088
CLX.N,2000-06-30,0.130914826482279
CLX.N,2000-07-31,-0.0733450308178882
CLX.N,2000-08-31,-0.1240544629393519
CLX.N,2000-09-29,0.0932642487057174
CLX.N,2000-10-31,0.133502951661172
CLX.N,2000-11-30,0.0014005602250419
CLX.N,2000-12-29,-0.205594405602599
CLX.N,2001-01-31,-0.0432108039932373
CLX.N,2001-02-28,0.0654814814853037
CLX.N,2001-03-30,-0.125417130155171
CLX.N,2001-04-30,0.0188298887222218
CLX.N,2001-05-31,0.0882814954479363
CLX.N,2001-06-29,-0.0228060046170951
CLX.N,2001-07-31,0.1107866763889589
CLX.N,2001-08-31,-0.0034777955889082
CLX.N,2001-09-28,-0.0067114093960772
CLX.N,2001-10-31,-0.029475313299376
CLX.N,2001-11-30,0.107002801139799
CLX.N,2001-12-31,0.0007591092951118
CLX.N,2002-01-31,0.0365131479292993
CLX.N,2002-02-28,0.0738106915324428
CLX.N,2002-03-28,-0.0036538022333844
CLX.N,2002-04-30,0.0189634560168255
CLX.N,2002-05-31,0.0350282485742366
CLX.N,2002-06-28,-0.0971615720279853
CLX.N,2002-07-31,-0.063547528135567
CLX.N,2002-08-30,0.118441558449423
CLX.N,2002-09-30,-0.0668834184950077
CLX.N,2002-10-31,0.124340666082681
CLX.N,2002-11-29,-0.0242599599424907
CLX.N,2002-12-31,-0.059078467153969
CLX.N,2003-01-31,-0.0681654951134135
CLX.N,2003-02-28,0.107012035565666
CLX.N,2003-03-31,0.0912313873591926
CLX.N,2003-04-30,-0.0158888736814021
CLX.N,2003-05-30,-0.0123839009294258
CLX.N,2003-06-30,-0.0450067174020988
CLX.N,2003-07-31,0.02364197608311
CLX.N,2003-08-29,-0.0124452638932746
CLX.N,2003-09-30,0.070478413075035
CLX.N,2003-10-31,-0.0065648075302985
CLX.N,2003-11-28,0.0357615893869708
CLX.N,2003-12-31,0.0349531116866371
CLX.N,2004-01-30,0.0120504899092266
CLX.N,2004-02-27,0.0036824877326415
CLX.N,2004-03-31,-0.0030574806279498
CLX.N,2004-04-30,0.0642209551836526
CLX.N,2004-05-28,0.0112012359947398
CLX.N,2004-06-30,0.0271199388733875
CLX.N,2004-07-30,-0.0695213077776683
CLX.N,2004-08-31,0.0616837452394695
CLX.N,2004-09-30,0.0087055261116713
CLX.N,2004-10-29,0.0294309832230182
CLX.N,2004-11-30,0.0095238095144614
CLX.N,2004-12-31,0.0691219158227014
CLX.N,2005-01-31,0.0132250053361937
CLX.N,2005-02-28,0.0104341972415978
CLX.N,2005-03-31,0.0491339107172244
CLX.N,2005-04-29,0.0093076670376084
CLX.N,2005-05-31,-0.0772511848635116
CLX.N,2005-06-30,-0.0460537579184048
CLX.N,2005-07-29,0.0074517018606288
CLX.N,2005-08-31,0.0307967770831058
CLX.N,2005-09-30,-0.0352614208927932
CLX.N,2005-10-31,-0.0204501071472417
CLX.N,2005-11-30,0.0029563931874723
CLX.N,2005-12-30,0.0480840088510789
CLX.N,2006-01-31,0.0572714082634425
CLX.N,2006-02-28,0.0183792815407897
CLX.N,2006-03-31,-0.0180475799942852
CLX.N,2006-04-28,0.0771495859335237
CLX.N,2006-05-31,-0.0154253661215564
CLX.N,2006-06-30,-0.0351321411605895
CLX.N,2006-07-31,-0.0121434564046308
CLX.N,2006-08-31,-0.002168835522175
CLX.N,2006-09-29,0.0533355625950096
CLX.N,2006-10-31,0.0293851305171005
CLX.N,2006-11-30,-0.0086741016144945
CLX.N,2006-12-29,0.0023437500201681
CLX.N,2007-01-31,0.0246692435727531
CLX.N,2007-02-28,-0.0314888413364394
CLX.N,2007-03-30,0.0052083333231669
CLX.N,2007-04-30,0.0581319182999351
CLX.N,2007-05-31,0.0008944543727964
CLX.N,2007-06-29,-0.0750670241227829
CLX.N,2007-07-31,-0.0203796572541882
CLX.N,2007-08-31,-0.0109163082995835
CLX.N,2007-09-28,0.0198996655389132
CLX.N,2007-10-31,0.0325969404340924
CLX.N,2007-11-30,0.0369186510954129
CLX.N,2007-12-31,0.0044697903965031
CLX.N,2008-01-31,-0.0528076162691666
CLX.N,2008-02-29,-0.0510437051322681
CLX.N,2008-03-31,-0.0266368791906594
CLX.N,2008-04-30,-0.0574934400060768
CLX.N,2008-05-30,0.0779245282946657
CLX.N,2008-06-30,-0.0862944162320458
CLX.N,2008-07-31,0.0529518654002048
CLX.N,2008-08-29,0.0844036697374179
CLX.N,2008-09-30,0.0607445008694702
CLX.N,2008-10-31,-0.029988833936658
CLX.N,2008-11-28,-0.0271336950962702
CLX.N,2008-12-31,-0.0608519269850182
CLX.N,2009-01-30,-0.0888129691826148
CLX.N,2009-02-27,-0.0309072781548122
CLX.N,2009-03-31,0.0592592592693895
CLX.N,2009-04-30,0.0977672251825891
CLX.N,2009-05-29,-0.0644067796711092
CLX.N,2009-06-30,0.0646453089268026
CLX.N,2009-07-31,0.1019232150934369
CLX.N,2009-08-31,-0.031470250784792
CLX.N,2009-09-30,-0.004569301058937
CLX.N,2009-10-30,0.015613941149635
CLX.N,2009-11-30,0.0175586695892767
CLX.N,2009-12-31,0.0121121619189068
CLX.N,2010-01-29,-0.0218157272890984
CLX.N,2010-02-26,0.03616697651091
CLX.N,2010-03-31,0.0461588647911575
CLX.N,2010-04-30,0.0165541592788876
CLX.N,2010-05-28,-0.0290571870075093
CLX.N,2010-06-30,-0.0105062082145043
CLX.N,2010-07-30,0.0524890996357528
CLX.N,2010-08-31,-0.0009247842058726
CLX.N,2010-09-30,0.0299290342682579
CLX.N,2010-10-29,0.0049745152435511
CLX.N,2010-11-30,-0.0712246431276488
CLX.N,2010-12-31,0.0237825594504875
CLX.N,2011-01-31,0.0024626104723153
CLX.N,2011-02-28,0.0774367943906329
CLX.N,2011-03-31,0.0340909090850761
CLX.N,2011-04-29,0.002126265913839
CLX.N,2011-05-31,0.0117714613574966
CLX.N,2011-06-30,-0.0431328036339179
CLX.N,2011-07-29,0.0702983443961065
CLX.N,2011-08-31,-0.0264003352459923
CLX.N,2011-09-30,-0.0483500717182166
CLX.N,2011-10-31,0.0181273839738376
CLX.N,2011-11-30,-0.029578727209969
CLX.N,2011-12-30,0.0246305418744863
CLX.N,2012-01-31,0.0405688442955453
CLX.N,2012-02-29,-0.015292746853651
CLX.N,2012-03-30,0.016861411052854
CLX.N,2012-04-30,0.0285001975692996
CLX.N,2012-05-31,-0.0185449358065145
CLX.N,2012-06-29,0.0531976744322039
CLX.N,2012-07-31,0.0122899332290094
CLX.N,2012-08-31,0.0005501306597286
CLX.N,2012-09-28,-0.0096219931221449
CLX.N,2012-10-31,0.0121696322118886
CLX.N,2012-11-30,0.0560165975139055
CLX.N,2012-12-31,-0.0409954158615547
CLX.N,2013-01-31,0.0798016460402886
CLX.N,2013-02-28,0.0714194618026316
CLX.N,2013-03-28,0.0538031186608852
CLX.N,2013-04-30,-0.0187677917927138
CLX.N,2013-05-31,-0.0367536231793377
CLX.N,2013-06-28,0.000722195469613
CLX.N,2013-07-31,0.0421724790404552
CLX.N,2013-08-30,-0.037700721438792
CLX.N,2013-09-30,-0.0118500604759096
CLX.N,2013-10-31,0.112425324153505
CLX.N,2013-11-29,0.0330413571066146
CLX.N,2013-12-31,-0.0044005581288416
CLX.N,2014-01-31,-0.0406785519468827
CLX.N,2014-02-28,-0.0112155885644543
CLX.N,2014-03-31,0.008363886349465
CLX.N,2014-04-30,0.0386929127797282
CLX.N,2014-05-30,-0.0119073869972557
CLX.N,2014-06-30,0.0198616380231669
CLX.N,2014-07-31,-0.0418258782357289
CLX.N,2014-08-29,0.0199148152466974
CLX.N,2014-09-30,0.0839729119750617
CLX.N,2014-10-31,0.0438202890386639
CLX.N,2014-11-28,0.0213065326617809
CLX.N,2014-12-31,0.0254871088316369
CLX.N,2015-01-30,0.0309965168352563
CLX.N,2015-02-27,0.0180864024022446
CLX.N,2015-03-31,0.0161082474265675
CLX.N,2015-04-30,-0.0323051773429726
CLX.N,2015-05-29,0.0147031102722501
CLX.N,2015-06-30,-0.0338101430503365
CLX.N,2015-07-31,0.0836306350359093
CLX.N,2015-08-31,-0.0068786850154352
CLX.N,2015-09-30,0.0392192137892713
CLX.N,2015-10-30,0.0621428984718813
CLX.N,2015-11-30,0.0193537805414734
CLX.N,2015-12-31,0.0203539823135985
CLX.N,2016-01-29,0.0237695631873542
CLX.N,2016-02-29,-0.0203796978102275
CLX.N,2016-03-31,-0.002847650693439
CLX.N,2016-04-29,-0.0005372872747356
CLX.N,2016-05-31,0.0264313662763109
CLX.N,2016-06-30,0.0766298428454857
CLX.N,2016-07-29,-0.0472598131746833
CLX.N,2016-08-31,-0.0002288853107778
CLX.N,2016-09-30,-0.0447191697234953
CLX.N,2016-10-31,-0.0347565980723585
CLX.N,2016-11-30,-0.0371604732400367
CLX.N,2016-12-30,0.0385946694172032
CLX.N,2017-01-31,0.0064438296016127
CLX.N,2017-02-28,0.140083333318384
CLX.N,2017-03-31,-0.0144726262513575
CLX.N,2017-04-28,-0.0025818802122519
CLX.N,2017-05-31,0.0152591816856852
CLX.N,2017-06-30,-0.0183452442304897
CLX.N,2017-07-31,0.0082775920721132
CLX.N,2017-08-31,0.0377556371334551
CLX.N,2017-09-29,-0.0477874828534434
CLX.N,2017-10-31,-0.0344514457902109
CLX.N,2017-11-30,0.1008456492274929
CLX.N,2017-12-29,0.0678440663410824
CLX.N,2018-01-31,-0.0418227154562335
CLX.N,2018-02-28,-0.0889971063524965
CLX.N,2018-03-29,0.0312209482690335
CLX.N,2018-04-30,-0.1121725968141199
CLX.N,2018-05-31,0.0309726962581479
CLX.N,2018-06-29,0.11934122320235
CLX.N,2018-07-31,0.0065064694876799
CLX.N,2018-08-31,0.0725752756025042
CLX.N,2018-09-28,0.0374534418601504
CLX.N,2018-10-31,-0.0068310079458513
CLX.N,2018-11-30,0.1156618390047749
CLX.N,2018-12-31,-0.0693153000750931
CLX.N,2019-01-31,-0.0312558721287103
CLX.N,2019-02-28,0.0650357190926893
CLX.N,2019-03-29,0.015376827175371
CLX.N,2019-04-30,0.0016749823356192
CLX.N,2019-05-31,-0.0683653665655221
CLX.N,2019-06-28,0.0288959075371482
CLX.N,2019-07-31,0.0687969870852625
CLX.N,2019-08-30,-0.0273062730683713
CLX.N,2019-09-30,-0.0397698533129538
CLX.N,2019-10-31,-0.0206265437158434
CLX.N,2019-11-29,0.0036563071134982
CLX.N,2019-12-31,0.0358227079710547
CLX.N,2020-01-31,0.0315124518625023
CLX.N,2020-02-28,0.0134130061856812
CLX.N,2020-03-31,0.0867519758927746
CLX.N,2020-04-30,0.0821122115963453
CLX.N,2020-05-29,0.1062540227660199
CLX.N,2020-06-30,0.0636121212135088
CLX.N,2020-07-31,0.0833690084270491
CLX.N,2020-08-31,-0.0550082448795105
CLX.N,2020-09-30,-0.0596420581436656
CLX.N,2020-10-30,-0.013893514772798
CLX.N,2020-11-30,-0.0155782086817087
CLX.N,2020-12-31,-0.0051241624059771
CLX.N,2021-01-29,0.0427476394495089
CLX.N,2021-02-26,-0.135634488673692
CLX.N,2021-03-31,0.0653410660291667
CLX.N,2021-04-30,-0.0484151940036802
CLX.N,2021-05-28,-0.0316164383573809
CLX.N,2021-06-30,0.0179935494736427
CLX.N,2021-07-30,0.0118264204003522
CLX.N,2021-08-31,-0.0709823649948339
CLX.N,2021-09-30,-0.0145194882231985
CLX.N,2021-10-29,-0.0086169189650837
CLX.N,2021-11-30,-0.0009815348732957
CLX.N,2021-12-31,0.0706785385113387
CLX.N,2022-01-31,-0.0308805438991596
CLX.N,2022-02-28,-0.131478613141566
CLX.N,2022-03-31,-0.0463680636602486
CLX.N,2022-04-29,0.0401193590480582
CLX.N,2022-05-31,0.0131734857512196
CLX.N,2022-06-30,-0.0301320858758692
CLX.N,2022-07-29,0.0142742002905725
CLX.N,2022-08-31,0.0176254934921096
CLX.N,2022-09-30,-0.1105029790709919
CLX.N,2022-10-31,0.147027629896542
CLX.N,2022-11-30,0.0178718159202611
CLX.N,2022-12-30,-0.0559704002746388
CLX.N,2023-01-31,0.0396996553147288
CLX.N,2023-02-28,0.0742967724030692
CLX.N,2023-03-31,0.0180133813881533
CLX.N,2023-04-28,0.0541276049777071
CLX.N,2023-05-31,-0.0449221108544201
CLX.N,2023-06-30,0.005436844089117
CLX.N,2023-07-31,-0.0475352112711613
CLX.N,2023-08-31,0.0404558055148014
CLX.N,2023-09-29,-0.162288271005992
CLX.N,2023-10-31,-0.0930770475112539
CLX.N,2023-11-30,0.217926932871765
CLX.N,2023-12-29,-0.0053017091152156
CLX.N,2024-01-31,0.0271738466801168
DOV.N,2000-01-31,-0.111570247926379
DOV.N,2000-02-29,-0.0404476796477022
DOV.N,2000-03-31,0.241491085899993
DOV.N,2000-04-28,0.0613577023642187
DOV.N,2000-05-31,-0.0827607755520543
DOV.N,2000-06-30,-0.1276881720418509
DOV.N,2000-07-31,0.129429892133595
DOV.N,2000-08-31,0.0695057260658116
DOV.N,2000-09-29,-0.0396419437384688
DOV.N,2000-10-31,-0.0958721704400299
DOV.N,2000-11-30,-0.0325254702370726
DOV.N,2000-12-29,-0.0091603053434952
DOV.N,2001-01-31,0.020647149454762
DOV.N,2001-02-28,-0.0704843433760061
DOV.N,2001-03-30,-0.0656934306569842
DOV.N,2001-04-30,0.0901227678614123
DOV.N,2001-05-31,0.0881743175453886
DOV.N,2001-06-29,-0.111818825224239
DOV.N,2001-07-31,-0.0398406374343386
DOV.N,2001-08-31,-0.0026862755319138
DOV.N,2001-09-28,-0.161748329629127
DOV.N,2001-10-31,0.0943208236520965
DOV.N,2001-11-30,0.12270260210639
DOV.N,2001-12-31,0.0056972327911792
DOV.N,2002-01-31,0.0302131103196051
DOV.N,2002-02-28,0.0396531766140327
DOV.N,2002-03-28,0.0361384887463203
DOV.N,2002-04-30,-0.0912195122089372
DOV.N,2002-05-31,-0.0411929191161464
DOV.N,2002-06-28,-0.0165776903545809
DOV.N,2002-07-31,-0.161428571423233
DOV.N,2002-08-30,-0.0165940852527524
DOV.N,2002-09-30,-0.116602854148194
DOV.N,2002-10-31,-0.0118203309758373
DOV.N,2002-11-29,0.249660472472133
DOV.N,2002-12-31,-0.0653846153687418
DOV.N,2003-01-31,-0.102537722900898
DOV.N,2003-02-28,-0.0196176613268411
DOV.N,2003-03-31,-0.0509404388641532
DOV.N,2003-04-30,0.186622625944363
DOV.N,2003-05-30,0.0593925784627002
DOV.N,2003-06-30,-0.0115473441072977
DOV.N,2003-07-31,0.221962616828262
DOV.N,2003-08-29,0.0426559727864588
DOV.N,2003-09-30,-0.0697001578144805
DOV.N,2003-10-31,0.103194797840996
DOV.N,2003-11-28,-0.0123370985553316
DOV.N,2003-12-31,0.0354258921817585
DOV.N,2004-01-30,0.0394968553141177
DOV.N,2004-02-27,-0.0479223858344078
DOV.N,2004-03-31,-0.0107170196406404
DOV.N,2004-04-30,0.0324993551675272
DOV.N,2004-05-28,-0.022937992280925
DOV.N,2004-06-30,0.0805954825666264
DOV.N,2004-07-30,-0.0574821852843075
DOV.N,2004-08-31,-0.045219052352902
DOV.N,2004-09-30,0.030214683264506
DOV.N,2004-10-29,0.0102907126228111
DOV.N,2004-11-30,0.0340947301602927
DOV.N,2004-12-31,0.0368355995156921
DOV.N,2005-01-31,-0.0867906533042292
DOV.N,2005-02-28,0.0139050744416404
DOV.N,2005-03-31,-0.0227566589096692
DOV.N,2005-04-29,-0.0378406986086987
DOV.N,2005-05-31,0.0460233449879406
DOV.N,2005-06-30,-0.0393451280548518
DOV.N,2005-07-29,0.134139637158475
DOV.N,2005-08-31,-0.0093937312404907
DOV.N,2005-09-30,0.0022113022255754
DOV.N,2005-10-31,-0.0443736209817198
DOV.N,2005-11-30,0.0420196073581784
DOV.N,2005-12-30,0.0009888751605513
DOV.N,2006-01-31,0.134354161507591
DOV.N,2006-02-28,0.0474336637955908
DOV.N,2006-03-31,0.0129328326944425
DOV.N,2006-04-28,0.024505766064544
DOV.N,2006-05-31,-0.014879262451103
DOV.N,2006-06-30,0.0120802620753004
DOV.N,2006-07-31,-0.0463281408191603
DOV.N,2006-08-31,0.0353843090332866
DOV.N,2006-09-29,-0.0242698478061666
DOV.N,2006-10-31,0.0012647554646658
DOV.N,2006-11-30,0.0629544309797663
DOV.N,2006-12-29,-0.0254473160737377
DOV.N,2007-01-31,0.0118319053187574
DOV.N,2007-02-28,-0.0328556846967015
DOV.N,2007-03-30,0.0213433772733164
DOV.N,2007-04-30,-0.0141364474372361
DOV.N,2007-05-31,0.0440438376971155
DOV.N,2007-06-29,0.0219780219610073
DOV.N,2007-07-31,-0.0029325513051684
DOV.N,2007-08-31,-0.0273864268829042
DOV.N,2007-09-28,0.031376518228333
DOV.N,2007-10-31,-0.0971540725930358
DOV.N,2007-11-30,0.0103681786715231
DOV.N,2007-12-31,-0.0041054451121029
DOV.N,2008-01-31,-0.1243219787380919
DOV.N,2008-02-29,0.033280589901463
DOV.N,2008-03-31,0.0065044567500822
DOV.N,2008-04-30,0.184059358552922
DOV.N,2008-05-30,0.0972782978246423
DOV.N,2008-06-30,-0.105584319530517
DOV.N,2008-07-31,0.0260492040846922
DOV.N,2008-08-29,0.0001480622283145
DOV.N,2008-09-30,-0.178817334941037
DOV.N,2008-10-31,-0.216522811358302
DOV.N,2008-11-28,-0.0525000874709224
DOV.N,2008-12-31,0.103586992960091
DOV.N,2009-01-30,-0.140947752119659
DOV.N,2009-02-27,-0.109522580373707
DOV.N,2009-03-31,0.0577385725849504
DOV.N,2009-04-30,0.166793025035441
DOV.N,2009-05-29,0.0297119449386185
DOV.N,2009-06-30,0.0524809160247497
DOV.N,2009-07-31,0.0278029616223299
DOV.N,2009-08-31,0.0244361079460405
DOV.N,2009-09-30,0.120555073733693
DOV.N,2009-10-30,-0.0278637770809497
DOV.N,2009-11-30,0.0916999619652498
DOV.N,2009-12-31,0.0178571428500831
DOV.N,2010-01-29,0.0305215092476252
DOV.N,2010-02-26,0.0616431267353712
DOV.N,2010-03-31,0.0329209014714607
DOV.N,2010-04-30,0.117005347576099
DOV.N,2010-05-28,-0.135259003044099
DOV.N,2010-06-30,-0.0690576965659664
DOV.N,2010-07-30,0.1478822684906029
DOV.N,2010-08-31,-0.061258655408959
DOV.N,2010-09-30,0.1664432528887079
DOV.N,2010-10-29,0.0170465428075488
DOV.N,2010-11-30,0.0372986323747857
DOV.N,2010-12-31,0.0664112388158471
DOV.N,2011-01-31,0.0966638152099078
DOV.N,2011-02-28,0.0066809370184868
DOV.N,2011-03-31,0.0231906614843684
DOV.N,2011-04-29,0.0349863096788394
DOV.N,2011-05-31,-0.007672266268391
DOV.N,2011-06-30,0.0084783578645157
DOV.N,2011-07-29,-0.108112094396192
DOV.N,2011-08-31,-0.0434605548727874
DOV.N,2011-09-30,-0.189847009712728
DOV.N,2011-10-31,0.1916309012663279
DOV.N,2011-11-30,-0.0040891901888714
DOV.N,2011-12-30,0.0560305621316921
DOV.N,2012-01-31,0.0923341946523479
DOV.N,2012-02-29,0.0145119538852978
DOV.N,2012-03-30,-0.0168697282195064
DOV.N,2012-04-30,-0.004448681295187
DOV.N,2012-05-31,-0.0924945145481157
DOV.N,2012-06-29,-0.0521570014067608
DOV.N,2012-07-31,0.0160417832721949
DOV.N,2012-08-31,0.0677727417598288
DOV.N,2012-09-28,0.0290607161161918
DOV.N,2012-10-31,-0.0213481257357295
DOV.N,2012-11-30,0.0982765208079794
DOV.N,2012-12-31,0.0333385752378188
DOV.N,2013-01-31,0.0528077918444914
DOV.N,2013-02-28,0.0654138295994213
DOV.N,2013-03-28,-0.0064076346477087
DOV.N,2013-04-30,-0.0535126235011031
DOV.N,2013-05-31,0.13948024106114
DOV.N,2013-06-28,-0.0075399360853938
DOV.N,2013-07-31,0.10275560134196
DOV.N,2013-08-30,-0.0025391514724366
DOV.N,2013-09-30,0.0562022339844067
DOV.N,2013-10-31,0.0218189914298277
DOV.N,2013-11-29,-0.007384129768572
DOV.N,2013-12-31,0.0639188891332749
DOV.N,2014-01-31,-0.103376838628271
DOV.N,2014-02-28,0.0894177449295257
DOV.N,2014-03-31,0.0499497192380751
DOV.N,2014-04-30,0.056880733951
DOV.N,2014-05-30,0.0133870563899072
DOV.N,2014-06-30,0.0432438632653203
DOV.N,2014-07-31,-0.057064321056117
DOV.N,2014-08-29,0.0292345212573473
DOV.N,2014-09-30,-0.0858085808426672
DOV.N,2014-10-31,-0.0110792978850853
DOV.N,2014-11-28,-0.0261566952389352
DOV.N,2014-12-31,-0.068450448113045
DOV.N,2015-01-30,-0.0234244283263574
DOV.N,2015-02-27,0.03430157960992
DOV.N,2015-03-31,-0.0406662040438855
DOV.N,2015-04-30,0.0954861111310994
DOV.N,2015-05-29,0.0009642812607397
DOV.N,2015-06-30,-0.0692307692540973
DOV.N,2015-07-31,-0.0870618409578349
DOV.N,2015-08-31,-0.0263181734981779
DOV.N,2015-09-30,-0.0769975787055273
DOV.N,2015-10-30,0.126792584829103
DOV.N,2015-11-30,0.0294142684270042
DOV.N,2015-12-31,-0.0696509863334015
DOV.N,2016-01-29,-0.046648181366929
DOV.N,2016-02-29,0.0470772462184992
DOV.N,2016-03-31,0.0584073708440509
DOV.N,2016-04-29,0.0212964402295843
DOV.N,2016-05-31,0.0223801810097126
DOV.N,2016-06-30,0.0385018726567219
DOV.N,2016-07-29,0.0304385458761292
DOV.N,2016-08-31,0.0210401036948247
DOV.N,2016-09-30,0.015724137933537
DOV.N,2016-10-31,-0.0916621401378309
DOV.N,2016-11-30,0.0922663362170804
DOV.N,2016-12-30,0.0319515218216224
DOV.N,2017-01-31,0.0376351261193473
DOV.N,2017-02-28,0.0358870724633513
DOV.N,2017-03-31,0.0031210986217749
DOV.N,2017-04-28,-0.018294959579227
DOV.N,2017-05-31,0.0521078437555866
DOV.N,2017-06-30,-0.0282253179784986
DOV.N,2017-07-31,0.0471204188556777
DOV.N,2017-08-31,0.0161401591179531
DOV.N,2017-09-29,0.0766965127599548
DOV.N,2017-10-31,0.0448626764452253
DOV.N,2017-11-30,0.0282654778739089
DOV.N,2017-12-29,0.0335687237793698
DOV.N,2018-01-31,0.0516882859749805
DOV.N,2018-02-28,-0.053182218795914
DOV.N,2018-03-29,-0.0187812187965586
DOV.N,2018-04-30,-0.0562003665223916
DOV.N,2018-05-31,0.0380252365040882
DOV.N,2018-06-29,-0.0519362776903343
DOV.N,2018-07-31,0.133606557397272
DOV.N,2018-08-31,0.0406358695140647
DOV.N,2018-09-28,0.0309770583446594
DOV.N,2018-10-31,-0.0642719981881135
DOV.N,2018-11-30,0.0305994064713742
DOV.N,2018-12-31,-0.16421251031462
DOV.N,2019-01-31,0.23791402394174
DOV.N,2019-02-28,0.0361948617686827
DOV.N,2019-03-29,0.0361206229945601
DOV.N,2019-04-30,0.0452025586227687
DOV.N,2019-05-31,-0.083179199730225
DOV.N,2019-06-28,0.120680013428698
DOV.N,2019-07-31,-0.0334331337550472
DOV.N,2019-08-30,-0.0269704247336555
DOV.N,2019-09-30,0.0620866225605314
DOV.N,2019-10-31,0.0434913619830195
DOV.N,2019-11-29,0.0777484832109054
DOV.N,2019-12-31,0.0339074273300688
DOV.N,2020-01-31,-0.0122332118750336
DOV.N,2020-02-28,-0.0933828727439753
DOV.N,2020-03-31,-0.182986178699407
DOV.N,2020-04-30,0.115677865122645
DOV.N,2020-05-29,0.0436851147678277
DOV.N,2020-06-30,-0.0070951156746916
DOV.N,2020-07-31,0.065969345484685
DOV.N,2020-08-31,0.0718756034458099
DOV.N,2020-09-30,-0.0136562272308361
DOV.N,2020-10-30,0.0218755768873102
DOV.N,2020-11-30,0.10665348898456
DOV.N,2020-12-31,0.0345816602457467
DOV.N,2021-01-29,-0.0773069306920319
DOV.N,2021-02-26,0.0623309931888853
DOV.N,2021-03-31,0.112526367013614
DOV.N,2021-04-30,0.087945744925366
DOV.N,2021-05-28,0.0121041867989258
DOV.N,2021-06-30,0.0006644518182936
DOV.N,2021-07-30,0.109694555123842
DOV.N,2021-08-31,0.0462896879280504
DOV.N,2021-09-30,-0.10816701080286
DOV.N,2021-10-29,0.0873311897493405
DOV.N,2021-11-30,-0.0281117658548895
DOV.N,2021-12-31,0.108330790386321
DOV.N,2022-01-31,-0.06437224670042
DOV.N,2022-02-28,-0.0739026048820822
DOV.N,2022-03-31,0.0002550044503144
DOV.N,2022-04-29,-0.1504142766119409
DOV.N,2022-05-31,0.0083092400564506
DOV.N,2022-06-30,-0.0940183705347896
DOV.N,2022-07-29,0.10187932738978
DOV.N,2022-08-31,-0.0614847955524642
DOV.N,2022-09-30,-0.0670614596871979
DOV.N,2022-10-31,0.121032767197101
DOV.N,2022-11-30,0.0900937217709321
DOV.N,2022-12-30,-0.0460725607625484
DOV.N,2023-01-31,0.1212613544006969
DOV.N,2023-02-28,-0.0093877143424043
DOV.N,2023-03-31,0.0136090727070803
DOV.N,2023-04-28,-0.0380413321021743
DOV.N,2023-05-31,-0.0844164803046286
DOV.N,2023-06-30,0.107402685064891
DOV.N,2023-07-31,-0.0113782593941015
DOV.N,2023-08-31,0.0194574667615077
DOV.N,2023-09-29,-0.0592717464662336
DOV.N,2023-10-31,-0.0685255537258128
DOV.N,2023-11-30,0.0901994070404757
DOV.N,2023-12-29,0.0896146217108431
DOV.N,2024-01-31,-0.0262011572530797
NEM.N,2000-01-31,-0.168367346922851
NEM.N,2000-02-29,0.0858895705582066
NEM.N,2000-03-31,0.0155352493197726
NEM.N,2000-04-28,0.044568245118485
NEM.N,2000-05-31,-0.0159999999879534
NEM.N,2000-06-30,-0.0612328640457993
NEM.N,2000-07-31,-0.179190751451097
NEM.N,2000-08-31,0.045774647861965
NEM.N,2000-09-29,-0.0826949631145472
NEM.N,2000-10-31,-0.20220588234906
NEM.N,2000-11-30,0.152073732744427
NEM.N,2000-12-29,0.0941221052578223
NEM.N,2001-01-31,-0.0945054944937917
NEM.N,2001-02-28,0.090614886749605
NEM.N,2001-03-30,-0.0415945085950623
NEM.N,2001-04-30,0.130893300220733
NEM.N,2001-05-31,0.123971475583332
NEM.N,2001-06-29,-0.0904502377173905
NEM.N,2001-07-31,0.0048361096421127
NEM.N,2001-08-31,0.109090909113069
NEM.N,2001-09-28,0.1395802332024329
NEM.N,2001-10-31,-0.016949152526791
NEM.N,2001-11-30,-0.152155172411135
NEM.N,2001-12-31,-0.0270325759637928
NEM.N,2002-01-31,0.142857142858213
NEM.N,2002-02-28,0.104395604398223
NEM.N,2002-03-28,0.149415676700176
NEM.N,2002-04-30,0.0296135788965968
NEM.N,2002-05-31,0.0947036127557331
NEM.N,2002-06-28,-0.155562247033226
NEM.N,2002-07-31,-0.0733004177857429
NEM.N,2002-08-30,0.168852459019723
NEM.N,2002-09-30,-0.0343980343800806
NEM.N,2002-10-31,-0.1014176663224309
NEM.N,2002-11-29,-0.0529935274973755
NEM.N,2002-12-31,0.241671883492597
NEM.N,2003-01-31,-0.0027557699037761
NEM.N,2003-02-28,-0.0559585492290223
NEM.N,2003-03-31,-0.0417494983758454
NEM.N,2003-04-30,0.0332695984687694
NEM.N,2003-05-30,0.0977054033630005
NEM.N,2003-06-30,0.0958456132684553
NEM.N,2003-07-31,0.1121380160259579
NEM.N,2003-08-29,0.0886426592710468
NEM.N,2003-09-30,-0.0043301069733885
NEM.N,2003-10-31,0.119979534360808
NEM.N,2003-11-28,0.0995888533578873
NEM.N,2003-12-31,0.0107893727777892
NEM.N,2004-01-30,-0.142974696578415
NEM.N,2004-02-27,0.0429668746998163
NEM.N,2004-03-31,0.0744140719985095
NEM.N,2004-04-30,-0.1979412395244159
NEM.N,2004-05-28,0.0637700548455693
NEM.N,2004-06-30,-0.0239234449927349
NEM.N,2004-07-30,0.0441176470559137
NEM.N,2004-08-31,0.0968618729993282
NEM.N,2004-09-30,0.0273989449818839
NEM.N,2004-10-29,0.0437074456541038
NEM.N,2004-11-30,-0.0015526035549555
NEM.N,2004-12-31,-0.0620908130946992
NEM.N,2005-01-31,-0.0634992118754451
NEM.N,2005-02-28,0.0824717480213721
NEM.N,2005-03-31,-0.0593977402370651
NEM.N,2005-04-29,-0.10130177513276
NEM.N,2005-05-31,-0.0166165683008114
NEM.N,2005-06-30,0.048066595064163
NEM.N,2005-07-29,-0.0379195490554387
NEM.N,2005-08-31,0.0540612516619603
NEM.N,2005-09-30,0.194690963524778
NEM.N,2005-10-31,-0.0968836124739636
NEM.N,2005-11-30,0.0849169970555468
NEM.N,2005-12-30,0.157849089356592
NEM.N,2006-01-31,0.15730337077171
NEM.N,2006-02-28,-0.143689320394268
NEM.N,2006-03-31,-0.0175342898113786
NEM.N,2006-04-28,0.124686837549115
NEM.N,2006-05-31,-0.106408498969045
NEM.N,2006-06-30,0.0169322480926688
NEM.N,2006-07-31,-0.0321178915569112
NEM.N,2006-08-31,0.0003903962449167
NEM.N,2006-09-29,-0.164247677902613
NEM.N,2006-10-31,0.0589473684395119
NEM.N,2006-11-30,0.0362270819349573
NEM.N,2006-12-29,-0.0354777677597652
NEM.N,2007-01-31,-0.0011074197245759
NEM.N,2007-02-28,-0.0006651884806272
NEM.N,2007-03-30,-0.0661449630118259
NEM.N,2007-04-30,-0.00690640629267
NEM.N,2007-05-31,-0.0244604316468138
NEM.N,2007-06-29,-0.037483396317874
NEM.N,2007-07-31,0.0688684075794508
NEM.N,2007-08-31,0.0122155688586294
NEM.N,2007-09-28,0.0609282477030033
NEM.N,2007-10-31,0.137044489137636
NEM.N,2007-11-30,-0.0230043256138074
NEM.N,2007-12-31,-0.0153188538768326
NEM.N,2008-01-31,0.112840466907305
NEM.N,2008-02-29,-0.0583364004451696
NEM.N,2008-03-31,-0.112990961808876
NEM.N,2008-04-30,-0.0240618101342366
NEM.N,2008-05-30,0.0750961321046659
NEM.N,2008-06-30,0.0997540560997743
NEM.N,2008-07-31,-0.0805214723754399
NEM.N,2008-08-29,-0.0596330275190096
NEM.N,2008-09-30,-0.138500092945155
NEM.N,2008-10-31,-0.320433436532536
NEM.N,2008-11-28,0.277524677315641
NEM.N,2008-12-31,0.213632049749002
NEM.N,2009-01-30,-0.0226044226141804
NEM.N,2009-02-27,0.046505781809731
NEM.N,2009-03-31,0.0779579765448726
NEM.N,2009-04-30,-0.10098302057491
NEM.N,2009-05-29,0.214463220672008
NEM.N,2009-06-30,-0.161898016246982
NEM.N,2009-07-31,0.0117445558950127
NEM.N,2009-08-31,-0.0280532043478021
NEM.N,2009-09-30,0.0976903840235233
NEM.N,2009-10-30,-0.012721490209028
NEM.N,2009-11-30,0.234238380130776
NEM.N,2009-12-31,-0.11631444124583
NEM.N,2010-01-29,-0.0940604523508143
NEM.N,2010-02-26,0.1497900140282509
NEM.N,2010-03-31,0.0355380054774626
NEM.N,2010-04-30,0.101119183200406
NEM.N,2010-05-28,-0.0402995720574956
NEM.N,2010-06-30,0.149196581208229
NEM.N,2010-07-30,-0.0945902170439585
NEM.N,2010-08-31,0.0969588551004913
NEM.N,2010-09-30,0.0268229073706114
NEM.N,2010-10-29,-0.0308868014664618
NEM.N,2010-11-30,-0.0335140463361141
NEM.N,2010-12-31,0.0466636849585214
NEM.N,2011-01-31,-0.103532476002484
NEM.N,2011-02-28,0.0036317414290225
NEM.N,2011-03-31,-0.009642123829381
NEM.N,2011-04-29,0.0738365701917687
NEM.N,2011-05-31,-0.034806347030363
NEM.N,2011-06-30,-0.0423131203937414
NEM.N,2011-07-29,0.030387252197598
NEM.N,2011-08-31,0.126056464676731
NEM.N,2011-09-30,0.0091404794102443
NEM.N,2011-10-31,0.06248012718353
NEM.N,2011-11-30,0.0306748466309623
NEM.N,2011-12-30,-0.124233670013227
NEM.N,2012-01-31,0.0244959173595365
NEM.N,2012-02-29,-0.0338321405155704
NEM.N,2012-03-30,-0.131362016058576
NEM.N,2012-04-30,-0.0706065925508118
NEM.N,2012-05-31,-0.0102833158220472
NEM.N,2012-06-29,0.0357862382583591
NEM.N,2012-07-31,-0.0832817975937683
NEM.N,2012-08-31,0.139644704288715
NEM.N,2012-09-28,0.112988762163865
NEM.N,2012-10-31,-0.0260667737915539
NEM.N,2012-11-30,-0.136755270397704
NEM.N,2012-12-31,-0.0061465490221955
NEM.N,2013-01-31,-0.0749354004952606
NEM.N,2013-02-28,-0.0621508379895357
NEM.N,2013-03-28,0.0510743319335507
NEM.N,2013-04-30,-0.2265457149733709
NEM.N,2013-05-31,0.0580246913480985
NEM.N,2013-06-28,-0.117292348622884
NEM.N,2013-07-31,0.0016694490851942
NEM.N,2013-08-30,0.058999999989469
NEM.N,2013-09-30,-0.1084913921372269
NEM.N,2013-10-31,-0.0298932384165416
NEM.N,2013-11-29,-0.0891415993965305
NEM.N,2013-12-31,-0.0645587600468789
NEM.N,2014-01-31,-0.0620929222534818
NEM.N,2014-02-28,0.0768518518414443
NEM.N,2014-03-31,0.0139464423905844
NEM.N,2014-04-30,0.059300341287301
NEM.N,2014-05-30,-0.0781312928001985
NEM.N,2014-06-30,0.112622074469965
NEM.N,2014-07-31,-0.020833333344241
NEM.N,2014-08-29,0.0875150541988401
NEM.N,2014-09-30,-0.148299642209661
NEM.N,2014-10-31,-0.186117136664083
NEM.N,2014-11-28,-0.0191897654546156
NEM.N,2014-12-31,0.0284820842044439
NEM.N,2015-01-30,0.330687830699265
NEM.N,2015-02-27,0.0469184890735517
NEM.N,2015-03-31,-0.174518376403388
NEM.N,2015-04-30,0.2201750345396489
NEM.N,2015-05-29,0.0283125707694374
NEM.N,2015-06-30,-0.141559299892728
NEM.N,2015-07-31,-0.264982876723808
NEM.N,2015-08-31,-0.0058241118182823
NEM.N,2015-09-30,-0.0571076533587171
NEM.N,2015-10-30,0.210952084637
NEM.N,2015-11-30,-0.0539568345295403
NEM.N,2015-12-31,-0.0215672745511966
NEM.N,2016-01-29,0.109505280699772
NEM.N,2016-02-29,0.294088176360514
NEM.N,2016-03-31,0.0300296683299073
NEM.N,2016-04-29,0.315650865350633
NEM.N,2016-05-31,-0.0732056048029421
NEM.N,2016-06-30,0.20789826873185
NEM.N,2016-07-29,0.124744376281447
NEM.N,2016-08-31,-0.130909090909027
NEM.N,2016-09-30,0.0281164497629207
NEM.N,2016-10-31,-0.0572664800381614
NEM.N,2016-11-30,-0.124190064811726
NEM.N,2016-12-30,0.051836928033673
NEM.N,2017-01-31,0.0648664514159383
NEM.N,2017-02-28,-0.0562293274464899
NEM.N,2017-03-31,-0.0359237827239328
NEM.N,2017-04-28,0.0257888349453301
NEM.N,2017-05-31,0.0100561964296777
NEM.N,2017-06-30,-0.0501976987651838
NEM.N,2017-07-31,0.147576412465273
NEM.N,2017-08-31,0.03147699758613
NEM.N,2017-09-29,-0.0197113335016115
NEM.N,2017-10-31,-0.0359904025915379
NEM.N,2017-11-30,0.0229535398331833
NEM.N,2017-12-29,0.0164460884100992
NEM.N,2018-01-31,0.0796908315589541
NEM.N,2018-02-28,-0.0570229573088661
NEM.N,2018-03-29,0.0265729720644233
NEM.N,2018-04-30,0.0056309188894387
NEM.N,2018-05-31,-0.0091626368121409
NEM.N,2018-06-29,-0.0278304713201538
NEM.N,2018-07-31,-0.0273137098940599
NEM.N,2018-08-31,-0.154034896399799
NEM.N,2018-09-28,-0.0222305615045369
NEM.N,2018-10-31,0.0238410596025915
NEM.N,2018-11-30,0.045924967642744
NEM.N,2018-12-31,0.0760213454523513
NEM.N,2019-01-31,-0.015584415569003
NEM.N,2019-02-28,0.000293169157582
NEM.N,2019-03-29,0.0527875275500125
NEM.N,2019-04-30,-0.11002140851986
NEM.N,2019-05-31,0.0653573728194332
NEM.N,2019-06-28,0.167305995988186
NEM.N,2019-07-31,-0.0506888484633429
NEM.N,2019-08-30,0.0922782037249326
NEM.N,2019-09-30,-0.0459486729008462
NEM.N,2019-10-31,0.047732067512706
NEM.N,2019-11-29,-0.0334759627600004
NEM.N,2019-12-31,0.135558754483833
NEM.N,2020-01-31,0.0370540851422176
NEM.N,2020-02-28,-0.009542831770972
NEM.N,2020-03-31,0.0173492726752218
NEM.N,2020-04-30,0.313604240301422
NEM.N,2020-05-29,-0.016980497643579
NEM.N,2020-06-30,0.0606383888916628
NEM.N,2020-07-31,0.120829284082584
NEM.N,2020-08-31,-0.0277456647339102
NEM.N,2020-09-30,-0.053467741780082
NEM.N,2020-10-30,-0.0096138692010389
NEM.N,2020-11-30,-0.0639719923348642
NEM.N,2020-12-31,0.0250730859944224
NEM.N,2021-01-29,-0.0048422107327558
NEM.N,2021-02-26,-0.0875838926075942
NEM.N,2021-03-31,0.119328896046117
NEM.N,2021-04-30,0.0355068856925282
NEM.N,2021-05-28,0.17737542060058
NEM.N,2021-06-30,-0.130926904476859
NEM.N,2021-07-30,-0.0088355948109748
NEM.N,2021-08-31,-0.0768863419354601
NEM.N,2021-09-30,-0.0546844301403794
NEM.N,2021-10-29,-0.0055248618609822
NEM.N,2021-11-30,0.0170370370316104
NEM.N,2021-12-31,0.140299239059248
NEM.N,2022-01-31,-0.0137052563466975
NEM.N,2022-02-28,0.0822298512155878
NEM.N,2022-03-31,0.208839790891816
NEM.N,2022-04-29,-0.0830711139075504
NEM.N,2022-05-31,-0.068634179823153
NEM.N,2022-06-30,-0.113369751712373
NEM.N,2022-07-29,-0.2411597117621489
NEM.N,2022-08-31,-0.0865724381633867
NEM.N,2022-09-30,0.0293966188882497
NEM.N,2022-10-31,0.0068998334711609
NEM.N,2022-11-30,0.1216918714489879
NEM.N,2022-12-30,0.0059009174320179
NEM.N,2023-01-31,0.121398305077511
NEM.N,2023-02-28,-0.176081617222225
NEM.N,2023-03-31,0.134718766108929
NEM.N,2023-04-28,-0.0330477356212401
NEM.N,2023-05-31,-0.136075949350212
NEM.N,2023-06-30,0.0520345252693395
NEM.N,2023-07-31,0.0060947022942654
NEM.N,2023-08-31,-0.0815470643447996
NEM.N,2023-09-29,-0.0529199364854778
NEM.N,2023-10-31,0.0140730717056461
NEM.N,2023-11-30,0.0832163832222732
NEM.N,2023-12-29,0.0298581736724102
NEM.N,2024-01-31,-0.166223725552823
EIX.N,2000-01-31,0.119328647356414
EIX.N,2000-02-29,-0.0926724137912603
EIX.N,2000-03-31,-0.370546318289383
EIX.N,2000-04-28,0.169970061972908
EIX.N,2000-05-31,0.121311475375129
EIX.N,2000-06-30,-0.0278362573534086
EIX.N,2000-07-31,-0.0396341463378287
EIX.N,2000-08-31,0.0507936507705812
EIX.N,2000-09-29,-0.0664652567985662
EIX.N,2000-10-31,0.25382811937058
EIX.N,2000-11-30,-0.0392670157098777
EIX.N,2000-12-29,-0.318801089921005
EIX.N,2001-01-31,-0.146240000001218
EIX.N,2001-02-28,0.116941529220185
EIX.N,2001-03-30,-0.151677852334235
EIX.N,2001-04-30,-0.220727848103135
EIX.N,2001-05-31,0.0994923857959824
EIX.N,2001-06-29,0.0295475531097198
EIX.N,2001-07-31,0.259192825100404
EIX.N,2001-08-31,-0.0306267806171748
EIX.N,2001-09-28,-0.0330639235759891
EIX.N,2001-10-31,0.079787234033202
EIX.N,2001-11-30,0.062631949307155
EIX.N,2001-12-31,-2.729961e-11
EIX.N,2002-01-31,0.0231788079745785
EIX.N,2002-02-28,0.0226537216903893
EIX.N,2002-03-28,0.0601265822608235
EIX.N,2002-04-30,0.0835820895599855
EIX.N,2002-05-31,0.0280991735466181
EIX.N,2002-06-28,-0.0889603429895217
EIX.N,2002-07-31,-0.229411764701709
EIX.N,2002-08-30,-0.0854961832201134
EIX.N,2002-09-30,-0.165275459104585
EIX.N,2002-10-31,0.0050000000197785
EIX.N,2002-11-29,0.103482587045477
EIX.N,2002-12-31,0.0685302074172149
EIX.N,2003-01-31,0.0405063290895675
EIX.N,2003-02-28,0.0024330900314291
EIX.N,2003-03-31,0.10760517802117
EIX.N,2003-04-30,0.0657414170884019
EIX.N,2003-05-30,0.1158327621516179
EIX.N,2003-06-30,0.0092137592064616
EIX.N,2003-07-31,-0.001217285437812
EIX.N,2003-08-29,0.149299207781819
EIX.N,2003-09-30,0.0127253446470748
EIX.N,2003-10-31,0.0319371727839461
EIX.N,2003-11-28,0.0360223236891057
EIX.N,2003-12-31,0.0739471106485738
EIX.N,2004-01-30,0.0123410120825787
EIX.N,2004-02-27,0.0495454545507514
EIX.N,2004-03-31,0.0607516063573099
EIX.N,2004-04-30,-0.0366405928332417
EIX.N,2004-05-28,0.0316239316271734
EIX.N,2004-06-30,0.0674808751700502
EIX.N,2004-07-30,0.0481032459921249
EIX.N,2004-08-31,0.0029850746440873
EIX.N,2004-09-30,-0.0063187871992814
EIX.N,2004-10-29,0.150509241809409
EIX.N,2004-11-30,0.0459016393596379
EIX.N,2004-12-31,0.0118756952841808
EIX.N,2005-01-31,0.013737121435258
EIX.N,2005-02-28,0.0003079766051397
EIX.N,2005-03-31,0.0769002375298549
EIX.N,2005-04-29,0.0455069124342588
EIX.N,2005-05-31,0.0123966942165946
EIX.N,2005-06-30,0.110239494899954
EIX.N,2005-07-29,0.0081381010976575
EIX.N,2005-08-31,0.101516634056865
EIX.N,2005-09-30,0.0555995573862309
EIX.N,2005-10-31,-0.0744500846109044
EIX.N,2005-11-30,0.0310786106008378
EIX.N,2005-12-30,-0.0274016107896542
EIX.N,2006-01-31,0.0048154092949226
EIX.N,2006-02-28,0.012323140128278
EIX.N,2006-03-31,-0.0657831249967288
EIX.N,2006-04-28,-0.0186983972700105
EIX.N,2006-05-31,-0.0289532293840142
EIX.N,2006-06-30,0.0007085281546463
EIX.N,2006-07-31,0.0610256409972445
EIX.N,2006-08-31,0.0546157564052043
EIX.N,2006-09-29,-0.0397705764989437
EIX.N,2006-10-31,0.0672430355196842
EIX.N,2006-11-30,0.0346534653439945
EIX.N,2006-12-29,-0.0046126372958191
EIX.N,2007-01-31,-0.0109938434725505
EIX.N,2007-02-28,0.0431302801216569
EIX.N,2007-03-30,0.0532384626073565
EIX.N,2007-04-30,0.0655404029831959
EIX.N,2007-05-31,0.113085004767277
EIX.N,2007-06-29,-0.0318792398494831
EIX.N,2007-07-31,-0.0575552387781723
EIX.N,2007-08-31,-0.0034032898558771
EIX.N,2007-09-28,0.0573057869536417
EIX.N,2007-10-31,0.0486925157952105
EIX.N,2007-11-30,-0.0373172829111265
EIX.N,2007-12-31,-0.0411886588328263
EIX.N,2008-01-31,-0.0226719130518463
EIX.N,2008-02-29,-0.0529141104250761
EIX.N,2008-03-31,-0.0015408067122918
EIX.N,2008-04-30,0.0642594859409221
EIX.N,2008-05-30,0.0203181905310768
EIX.N,2008-06-30,-0.0289239843729666
EIX.N,2008-07-31,-0.0591669910460039
EIX.N,2008-08-29,-0.0500620604065999
EIX.N,2008-09-30,-0.124487053527595
EIX.N,2008-10-31,-0.108020050133315
EIX.N,2008-11-28,-0.0615341388118076
EIX.N,2008-12-31,-0.0286284017178514
EIX.N,2009-01-30,0.0140099626385184
EIX.N,2009-02-27,-0.164261590415318
EIX.N,2009-03-31,0.0697504578863395
EIX.N,2009-04-30,-0.0104130510345374
EIX.N,2009-05-29,0.0256050508543465
EIX.N,2009-06-30,0.086582908504534
EIX.N,2009-07-31,0.0273363000805003
EIX.N,2009-08-31,0.0337252475388317
EIX.N,2009-09-30,0.0142335089128798
EIX.N,2009-10-30,-0.0524121500805726
EIX.N,2009-11-30,0.0700817096095478
EIX.N,2009-12-31,0.030512757429372
EIX.N,2010-01-29,-0.041978148337451
EIX.N,2010-02-26,-0.0207082833225774
EIX.N,2010-03-31,0.0568410568166544
EIX.N,2010-04-30,0.005853087507031
EIX.N,2010-05-28,-0.0584812336293807
EIX.N,2010-06-30,-0.0103321042772731
EIX.N,2010-07-30,0.045081967222627
EIX.N,2010-08-31,0.0180995474932948
EIX.N,2010-09-30,0.0281942926463766
EIX.N,2010-10-29,0.0729863332253653
EIX.N,2010-11-30,0.0010840108402421
EIX.N,2010-12-31,0.0535691275763639
EIX.N,2011-01-31,-0.0601036269455708
EIX.N,2011-02-28,0.0231532524934175
EIX.N,2011-03-31,-0.0056123294724387
EIX.N,2011-04-29,0.0732440557342413
EIX.N,2011-05-31,0.0022918258324158
EIX.N,2011-06-30,-0.0073510667803822
EIX.N,2011-07-29,-0.0175483871177511
EIX.N,2011-08-31,-0.0231153139245571
EIX.N,2011-09-30,0.0373070135363012
EIX.N,2011-10-31,0.0614379084895598
EIX.N,2011-11-30,-0.0317733990207678
EIX.N,2011-12-30,0.0614869997899599
EIX.N,2012-01-31,-0.0086956521583556
EIX.N,2012-02-29,0.0202241715544043
EIX.N,2012-03-30,0.0230639965005595
EIX.N,2012-04-30,0.0352858150971399
EIX.N,2012-05-31,0.0215860031821089
EIX.N,2012-06-29,0.0348607235397826
EIX.N,2012-07-31,-0.0004329004156992
EIX.N,2012-08-31,-0.0517540060574637
EIX.N,2012-09-28,0.0508433177629679
EIX.N,2012-10-31,0.0273582840955057
EIX.N,2012-11-30,-0.0311035364313497
EIX.N,2012-12-31,0.0010790611438398
EIX.N,2013-01-31,0.0663863686763173
EIX.N,2013-02-28,-0.0033201909150474
EIX.N,2013-03-28,0.0546817330046202
EIX.N,2013-04-30,0.0691573926779546
EIX.N,2013-05-31,-0.14609665428838
EIX.N,2013-06-28,0.0558087604007109
EIX.N,2013-07-31,0.0350913621290947
EIX.N,2013-08-30,-0.0794383149425725
EIX.N,2013-09-30,0.0110846910288631
EIX.N,2013-10-31,0.0644811115969792
EIX.N,2013-11-29,-0.0575158066469095
EIX.N,2013-12-31,0.0096850984838035
EIX.N,2014-01-31,0.0401727861744043
EIX.N,2014-02-28,0.0874169435339909
EIX.N,2014-03-31,0.0880832152340383
EIX.N,2014-04-30,-0.0008832361405742
EIX.N,2014-05-30,-0.0251060820509185
EIX.N,2014-06-30,0.0603580563884557
EIX.N,2014-07-31,-0.0569609361147364
EIX.N,2014-08-29,0.0791970802917365
EIX.N,2014-09-30,-0.0484303820028119
EIX.N,2014-10-31,0.119098712453402
EIX.N,2014-11-28,0.0156599552586371
EIX.N,2014-12-31,0.0365078345928205
EIX.N,2015-01-30,0.0407758094250081
EIX.N,2015-02-27,-0.057226705808673
EIX.N,2015-03-31,-0.0211759195180713
EIX.N,2015-04-30,-0.0244917560520258
EIX.N,2015-05-29,-0.0021332458321181
EIX.N,2015-06-30,-0.0792193086637604
EIX.N,2015-07-31,0.0797049298354968
EIX.N,2015-08-31,-0.0254957507118679
EIX.N,2015-09-30,0.0857943739532418
EIX.N,2015-10-30,-0.0404312668525473
EIX.N,2015-11-30,-0.0191672174406167
EIX.N,2015-12-31,0.0053986717509115
EIX.N,2016-01-29,0.0437426110691685
EIX.N,2016-02-29,0.102912621349938
EIX.N,2016-03-31,0.0617449467640982
EIX.N,2016-04-29,-0.0164139657788583
EIX.N,2016-05-31,0.0130108895387075
EIX.N,2016-06-30,0.0911669596606797
EIX.N,2016-07-29,-0.0037337453485487
EIX.N,2016-08-31,-0.0602222796587191
EIX.N,2016-09-30,7.649993868369999e-06
EIX.N,2016-10-31,0.0170242214405791
EIX.N,2016-11-30,-0.0640990745884656
EIX.N,2016-12-30,0.0548044900136455
EIX.N,2017-01-31,0.0123628281837631
EIX.N,2017-02-28,0.0941273326051537
EIX.N,2017-03-31,0.0051551633286179
EIX.N,2017-04-28,0.0045220449829783
EIX.N,2017-05-31,0.0200075028409641
EIX.N,2017-06-30,-0.0347775565585132
EIX.N,2017-07-31,0.0062667860259446
EIX.N,2017-08-31,0.0190645653294986
EIX.N,2017-09-29,-0.0308093972787343
EIX.N,2017-10-31,0.0360243617868665
EIX.N,2017-11-30,0.0165103189614064
EIX.N,2017-12-29,-0.214490259592351
EIX.N,2018-01-31,-0.011227071473441
EIX.N,2018-02-28,-0.0310251079395426
EIX.N,2018-03-29,0.0607469810816337
EIX.N,2018-04-30,0.0292177191342574
EIX.N,2018-05-31,-0.0512820512663129
EIX.N,2018-06-29,0.0275900900661581
EIX.N,2018-07-31,0.0531057373229043
EIX.N,2018-08-31,-0.0135074290801217
EIX.N,2018-09-28,0.0390119796907471
EIX.N,2018-10-31,0.0252659574576599
EIX.N,2018-11-30,-0.202766969292017
EIX.N,2018-12-31,0.0371940868258291
EIX.N,2019-01-31,0.0035229875005025
EIX.N,2019-02-28,0.051255046504006
EIX.N,2019-03-29,0.0440830712169979
EIX.N,2019-04-30,0.0298772609714654
EIX.N,2019-05-31,-0.068997961425296
EIX.N,2019-06-28,0.135421930271719
EIX.N,2019-07-31,0.1158522964562289
EIX.N,2019-08-30,-0.0304534477906597
EIX.N,2019-09-30,0.0520103348722144
EIX.N,2019-10-31,-0.166003712556999
EIX.N,2019-11-29,0.0985691573963028
EIX.N,2019-12-31,0.100629133082558
EIX.N,2020-01-31,0.0151173584377282
EIX.N,2020-02-28,-0.122273024166178
EIX.N,2020-03-31,-0.175319367610841
EIX.N,2020-04-30,0.0715459025157383
EIX.N,2020-05-29,-0.0102197240645621
EIX.N,2020-06-30,-0.0653932197685645
EIX.N,2020-07-31,0.0368070736091695
EIX.N,2020-08-31,-0.0573019579629853
EIX.N,2020-09-30,-0.019145371902367
EIX.N,2020-10-30,0.102281667985759
EIX.N,2020-11-30,0.0949321912801202
EIX.N,2020-12-31,0.0347994143699024
EIX.N,2021-01-29,-0.0741801973756243
EIX.N,2021-02-26,-0.0716987620254527
EIX.N,2021-03-31,0.0974835639551863
EIX.N,2021-04-30,0.0145051194711713
EIX.N,2021-05-28,-0.0602186711430643
EIX.N,2021-06-30,0.0349024521269996
EIX.N,2021-07-30,-0.0464737492584522
EIX.N,2021-08-31,0.061284403658497
EIX.N,2021-09-30,-0.0297159509347621
EIX.N,2021-10-29,0.134487110136646
EIX.N,2021-11-30,0.0373430796058968
EIX.N,2021-12-31,0.0563176665198062
EIX.N,2022-01-31,-0.0799999999992114
EIX.N,2022-02-28,0.0100334448079036
EIX.N,2022-03-31,0.116468775714429
EIX.N,2022-04-29,-0.0186875891590766
EIX.N,2022-05-31,0.0162814362470769
EIX.N,2022-06-30,-0.0954083822213802
EIX.N,2022-07-29,0.0833988168227751
EIX.N,2022-08-31,7.59548e-12
EIX.N,2022-09-30,-0.154946443878062
EIX.N,2022-10-31,0.0611523506614211
EIX.N,2022-11-30,0.110259826788446
EIX.N,2022-12-30,-0.0346749543063651
EIX.N,2023-01-31,0.0829927695639154
EIX.N,2023-02-28,-0.03904208997984
EIX.N,2023-03-31,0.0773858340414655
EIX.N,2023-04-28,0.0426406006496973
EIX.N,2023-05-31,-0.0826086956589631
EIX.N,2023-06-30,0.0285841232299902
EIX.N,2023-07-31,0.0472013788991206
EIX.N,2023-08-31,-0.043218454692906
EIX.N,2023-09-29,-0.0700941077678098
EIX.N,2023-10-31,-0.0036340653873681
EIX.N,2023-11-30,0.0623215984950172
EIX.N,2023-12-29,0.0787998458946726
EIX.N,2024-01-31,-0.0560917610955138
TYL.N,2000-01-31,-0.204545454536559
TYL.N,2000-02-29,0.2285714285864289
TYL.N,2000-03-31,0.104651162793434
TYL.N,2000-04-28,-0.0947368420814915
TYL.N,2000-05-31,-0.255813953494969
TYL.N,2000-06-30,-0.359374999993318
TYL.N,2000-07-31,5.5222e-13
TYL.N,2000-08-31,-0.146341463418018
TYL.N,2000-09-29,-0.0857142857244317
TYL.N,2000-10-31,0.2187499999943679
TYL.N,2000-11-30,-0.179487179482173
TYL.N,2000-12-29,-0.156249999993041
TYL.N,2001-01-31,0.0666666666658042
TYL.N,2001-02-28,-0.22222222223604
TYL.N,2001-03-30,0.357142857145613
TYL.N,2001-04-30,-0.184210526315554
TYL.N,2001-05-31,0.7032258064578809
TYL.N,2001-06-29,-0.0909090909201916
TYL.N,2001-07-31,0.100000000000953
TYL.N,2001-08-31,0.3825757575634529
TYL.N,2001-09-28,-0.205479452057365
TYL.N,2001-10-31,0.189655172432284
TYL.N,2001-11-30,-0.0231884057897935
TYL.N,2001-12-31,0.350148367954027
TYL.N,2002-01-31,-0.0329670329668907
TYL.N,2002-02-28,-0.0454545454425808
TYL.N,2002-03-28,0.366666666671156
TYL.N,2002-04-30,-0.0540069686317961
TYL.N,2002-05-31,-0.0313075506538131
TYL.N,2002-06-28,0.0114068441044053
TYL.N,2002-07-31,-0.075187969930701
TYL.N,2002-08-30,-0.237804878041883
TYL.N,2002-09-30,0.173333333347075
TYL.N,2002-10-31,-0.090909090906356
TYL.N,2002-11-29,0.112499999996165
TYL.N,2002-12-31,-0.0629213483049115
TYL.N,2003-01-31,-0.0647482014369946
TYL.N,2003-02-28,-0.0307692307690242
TYL.N,2003-03-31,-0.0661375661179273
TYL.N,2003-04-30,0.118980169992785
TYL.N,2003-05-30,0.14936708861517
TYL.N,2003-06-30,-0.0638766519775454
TYL.N,2003-07-31,0.1647058823491149
TYL.N,2003-08-29,0.278787878774943
TYL.N,2003-09-30,0.118483412318683
TYL.N,2003-10-31,0.11864406777054
TYL.N,2003-11-28,0.0606060605972489
TYL.N,2003-12-31,0.146428571425516
TYL.N,2004-01-30,0.0384215991662551
TYL.N,2004-02-27,-0.069000000003387
TYL.N,2004-03-31,0.0429645542549168
TYL.N,2004-04-30,-0.0278063851746486
TYL.N,2004-05-28,-0.0572033898407884
TYL.N,2004-06-30,0.0629213483045679
TYL.N,2004-07-30,-0.0274841437698413
TYL.N,2004-08-31,-0.0108695652199005
TYL.N,2004-09-30,-0.0285714285719915
TYL.N,2004-10-29,-0.0135746606121934
TYL.N,2004-11-30,-0.100917431179942
TYL.N,2004-12-31,0.0663265306011378
TYL.N,2005-01-31,-0.0849282296792464
TYL.N,2005-02-28,-0.0797385620713549
TYL.N,2005-03-31,0.0809659090756369
TYL.N,2005-04-29,-0.240473061757325
TYL.N,2005-05-31,0.126297577863455
TYL.N,2005-06-30,0.161290322578098
TYL.N,2005-07-29,0.0502645502720014
TYL.N,2005-08-31,0.0226700251685648
TYL.N,2005-09-30,0.0197044334840524
TYL.N,2005-10-31,-0.0169082125590123
TYL.N,2005-11-30,0.0749385749334333
TYL.N,2005-12-30,0.0034285714253021
TYL.N,2006-01-31,-0.009111617332417
TYL.N,2006-02-28,0.139080459773884
TYL.N,2006-03-31,0.109989909193735
TYL.N,2006-04-28,0.0027272727243139
TYL.N,2006-05-31,-0.0362647325312964
TYL.N,2006-06-30,0.053621825034226
TYL.N,2006-07-31,0.073214285705594
TYL.N,2006-08-31,0.0881863560950936
TYL.N,2006-09-29,-0.0114678899167951
TYL.N,2006-10-31,0.0974477957996445
TYL.N,2006-11-30,0.0183227625135836
TYL.N,2006-12-29,-0.0269896193621789
TYL.N,2007-01-31,-0.0113798008554353
TYL.N,2007-02-28,-0.019424460434694
TYL.N,2007-03-30,-0.06823184151565
TYL.N,2007-04-30,-0.0590551181066227
TYL.N,2007-05-31,0.0150627614941438
TYL.N,2007-06-29,0.0230832646201676
TYL.N,2007-07-31,-0.0306204673604471
TYL.N,2007-08-31,0.232751454731093
TYL.N,2007-09-28,-0.0997977073515595
TYL.N,2007-10-31,0.207490636731692
TYL.N,2007-11-30,-0.0657568238342902
TYL.N,2007-12-31,-0.144090305460838
TYL.N,2008-01-31,0.0380139643090966
TYL.N,2008-02-29,0.0351270552975562
TYL.N,2008-03-31,0.0093862815862972
TYL.N,2008-04-30,0.0350500715242876
TYL.N,2008-05-30,0.0891499654668593
TYL.N,2008-06-30,-0.138959390860424
TYL.N,2008-07-31,0.17759764184123
TYL.N,2008-08-29,0.0143929912540159
TYL.N,2008-09-30,-0.0641579272098772
TYL.N,2008-10-31,-0.104152933417494
TYL.N,2008-11-28,-0.0706401766256141
TYL.N,2008-12-31,-0.0514647664327961
TYL.N,2009-01-30,0.0509181969875729
TYL.N,2009-02-27,0.0810166798970073
TYL.N,2009-03-31,0.0749448934603343
TYL.N,2009-04-30,0.127819548863382
TYL.N,2009-05-29,0.0181818181753075
TYL.N,2009-06-30,-0.0702380952420689
TYL.N,2009-07-31,-0.0140845070456602
TYL.N,2009-08-31,-0.0110389610431978
TYL.N,2009-09-30,0.122127380188826
TYL.N,2009-10-30,0.112931538891494
TYL.N,2009-11-30,0.0504731860915368
TYL.N,2009-12-31,-0.003503503485608
TYL.N,2010-01-29,-0.0592667001482837
TYL.N,2010-02-26,-0.0304324612974838
TYL.N,2010-03-31,0.0319383259733867
TYL.N,2010-04-30,-0.0907150480014359
TYL.N,2010-05-28,-0.047535211271103
TYL.N,2010-06-30,-0.0437461490953246
TYL.N,2010-07-30,0.0586340206298469
TYL.N,2010-08-31,0.0535605599361163
TYL.N,2010-09-30,0.1646447140560379
TYL.N,2010-10-29,0.0124007936605239
TYL.N,2010-11-30,-1.6952e-12
TYL.N,2010-12-31,0.0171484566105502
TYL.N,2011-01-31,-0.0004816955777745
TYL.N,2011-02-28,0.0660240963817043
TYL.N,2011-03-31,0.0718806510129781
TYL.N,2011-04-29,0.0455504006625565
TYL.N,2011-05-31,0.0250100847020173
TYL.N,2011-06-30,0.0539157811761068
TYL.N,2011-07-29,-0.0481702763402334
TYL.N,2011-08-31,-0.0102000784746623
TYL.N,2011-09-30,0.001981767759243
TYL.N,2011-10-31,0.24881329117074
TYL.N,2011-11-30,0.0152043079049437
TYL.N,2011-12-30,-0.0605304212273438
TYL.N,2012-01-31,0.166722019258086
TYL.N,2012-02-29,0.0751494449296481
TYL.N,2012-03-30,0.0169446650814313
TYL.N,2012-04-30,0.0400937255903899
TYL.N,2012-05-31,-0.0663329161234153
TYL.N,2012-06-29,0.0817694370003298
TYL.N,2012-07-31,-0.0329615861338814
TYL.N,2012-08-31,0.0317785750861743
TYL.N,2012-09-28,0.0933929458610063
TYL.N,2012-10-31,0.086097228541431
TYL.N,2012-11-30,-0.0186153524207653
TYL.N,2012-12-31,0.0323955669227056
TYL.N,2013-01-31,0.115813377375032
TYL.N,2013-02-28,0.0434782608807669
TYL.N,2013-03-28,0.0861702127762875
TYL.N,2013-04-30,0.0323212536534072
TYL.N,2013-05-31,0.091239721708914
TYL.N,2013-06-28,-0.0066657006214245
TYL.N,2013-07-31,0.0885485047346348
TYL.N,2013-08-30,-0.0097829000121699
TYL.N,2013-09-30,0.183786709984371
TYL.N,2013-10-31,0.105636218132293
TYL.N,2013-11-29,0.0610071347775012
TYL.N,2013-12-31,-0.0046779066414817
TYL.N,2014-01-31,0.0325075883837491
TYL.N,2014-02-28,-0.110668563309324
TYL.N,2014-03-31,-0.107698869701067
TYL.N,2014-04-30,-0.0242590822294729
TYL.N,2014-05-30,-0.0431108389498511
TYL.N,2014-06-30,0.167413285526459
TYL.N,2014-07-31,-0.0052625808649229
TYL.N,2014-08-29,-0.0184062603210744
TYL.N,2014-09-30,-0.0074107343212866
TYL.N,2014-10-31,0.266063348416098
TYL.N,2014-11-28,-0.0298427448090337
TYL.N,2014-12-31,0.0079204273214015
TYL.N,2015-01-30,-0.0307017543739568
TYL.N,2015-02-27,0.125282805445829
TYL.N,2015-03-31,0.0097176844836908
TYL.N,2015-04-30,0.0117812992569536
TYL.N,2015-05-29,-0.0038540385327426
TYL.N,2015-06-30,0.0650312808946487
TYL.N,2015-07-31,0.0785283660524441
TYL.N,2015-08-31,-0.010749605865746
TYL.N,2015-09-30,0.0816430020508056
TYL.N,2015-10-30,0.140981849820421
TYL.N,2015-11-30,0.0474289739375824
TYL.N,2015-12-31,-0.0230889934995658
TYL.N,2016-01-29,-0.0990133088517224
TYL.N,2016-02-29,-0.233923341400018
TYL.N,2016-03-31,0.0688996010732779
TYL.N,2016-04-29,0.138402923583165
TYL.N,2016-05-31,0.0469913257199455
TYL.N,2016-06-30,0.0875464805071231
TYL.N,2016-07-29,-0.0221342450888932
TYL.N,2016-08-31,0.0057048214855595
TYL.N,2016-09-30,0.0444037816490539
TYL.N,2016-10-31,-0.0632482625849555
TYL.N,2016-11-30,-0.0716957605881992
TYL.N,2016-12-30,-0.0411685694976153
TYL.N,2017-01-31,0.0227638859534658
TYL.N,2017-02-28,0.0385563621434752
TYL.N,2017-03-31,0.0191889218603398
TYL.N,2017-04-28,0.0584239130677876
TYL.N,2017-05-31,0.0445626260561028
TYL.N,2017-06-30,0.0280313670439372
TYL.N,2017-07-31,-0.0219730175882342
TYL.N,2017-08-31,0.0057621791538862
TYL.N,2017-09-29,0.0087962963042995
TYL.N,2017-10-31,0.0170376319468612
TYL.N,2017-11-30,0.0317558801903348
TYL.N,2017-12-29,-0.0320905313715971
TYL.N,2018-01-31,0.138153064111202
TYL.N,2018-02-28,0.0079400526245785
TYL.N,2018-03-29,0.0386490079272419
TYL.N,2018-04-30,0.0377322715060473
TYL.N,2018-05-31,0.05801205921102
TYL.N,2018-06-29,-0.041101804642297
TYL.N,2018-07-31,0.0130121566729777
TYL.N,2018-08-31,0.0976043379795009
TYL.N,2018-09-28,-0.0076533711318741
TYL.N,2018-10-31,-0.13629315269076
TYL.N,2018-11-30,-0.089294151011553
TYL.N,2018-12-31,-0.0360033201936876
TYL.N,2019-01-31,0.0181358303828132
TYL.N,2019-02-28,0.0824567894559237
TYL.N,2019-03-29,-0.0019043898679524
TYL.N,2019-04-30,0.13458904111817
TYL.N,2019-05-31,-0.0800310465196151
TYL.N,2019-06-28,0.0125146473129472
TYL.N,2019-07-31,0.0802240533336904
TYL.N,2019-08-30,0.0993786158196037
TYL.N,2019-09-30,0.0232322444869166
TYL.N,2019-10-31,0.0229333333197854
TYL.N,2019-11-29,0.0806271413949592
TYL.N,2019-12-31,0.0339456181084228
TYL.N,2020-01-31,0.0788614092505007
TYL.N,2020-02-28,-0.0319142362872636
TYL.N,2020-03-31,-0.0535822562605214
TYL.N,2020-04-30,0.0813663339718394
TYL.N,2020-05-29,0.170320246975511
TYL.N,2020-06-30,-0.0757507127282194
TYL.N,2020-07-31,0.029895064573755
TYL.N,2020-08-31,-0.0334219734096256
TYL.N,2020-09-30,0.0094118328664414
TYL.N,2020-10-30,0.102765664453413
TYL.N,2020-11-30,0.112440813788637
TYL.N,2020-12-31,0.0208606173850485
TYL.N,2021-01-29,-0.0314533125435379
TYL.N,2021-02-26,0.0960997185232602
TYL.N,2021-03-31,-0.0839195546044258
TYL.N,2021-04-30,0.0007773301838509
TYL.N,2021-05-28,-0.0510756484564122
TYL.N,2021-06-30,0.1220607203224549
TYL.N,2021-07-30,0.0890200499701521
TYL.N,2021-08-31,-0.0140873660294109
TYL.N,2021-09-30,-0.0556928144764099
TYL.N,2021-10-29,0.184388967628783
TYL.N,2021-11-30,-0.044622804751419
TYL.N,2021-12-31,0.0365524682984366
TYL.N,2022-01-31,-0.119249000851521
TYL.N,2022-02-28,-0.0961165048654208
TYL.N,2022-03-31,0.0388315508995352
TYL.N,2022-04-29,-0.112791926106961
TYL.N,2022-05-31,-0.0985280332453353
TYL.N,2022-06-30,-0.0655949637193307
TYL.N,2022-07-29,0.200072184813604
TYL.N,2022-08-31,-0.0688972431046164
TYL.N,2022-09-30,-0.0646281392096588
TYL.N,2022-10-31,-0.0695539568255709
TYL.N,2022-11-30,0.0600315467311556
TYL.N,2022-12-30,-0.0593160996687462
TYL.N,2023-01-31,0.0011165906825265
TYL.N,2023-02-28,-0.004709235707889
TYL.N,2023-03-31,0.103937743188966
TYL.N,2023-04-28,0.0687739680050981
TYL.N,2023-05-31,0.0473049626783013
TYL.N,2023-06-30,0.0491485288286142
TYL.N,2023-07-31,-0.0476384853457335
TYL.N,2023-08-31,0.0045382346462135
TYL.N,2023-09-29,-0.0308460708256393
TYL.N,2023-10-31,-0.034288082049692
TYL.N,2023-11-30,0.0963797264871962
TYL.N,2023-12-29,0.0226983661150832
TYL.N,2024-01-31,0.0110733760628043
BIIB.OQ,2000-01-31,0.28435114504475
BIIB.OQ,2000-02-29,0.116394254587757
BIIB.OQ,2000-03-31,-0.302573203205302
BIIB.OQ,2000-04-28,-0.3486005088986549
BIIB.OQ,2000-05-31,-0.0029296874839904
BIIB.OQ,2000-06-30,0.8383937316502901
BIIB.OQ,2000-07-31,0.0468833244662112
BIIB.OQ,2000-08-31,0.136895674286317
BIIB.OQ,2000-09-29,0.255931101166276
BIIB.OQ,2000-10-31,0.118417503546527
BIIB.OQ,2000-11-30,-0.112492033124215
BIIB.OQ,2000-12-29,0.0890484739462321
BIIB.OQ,2001-01-31,-0.0692290701249357
BIIB.OQ,2001-02-28,-0.041445270970309
BIIB.OQ,2001-03-30,-0.290465631931783
BIIB.OQ,2001-04-30,0.230000000039616
BIIB.OQ,2001-05-31,0.252032520347945
BIIB.OQ,2001-06-29,0.09886363634904
BIIB.OQ,2001-07-31,-0.202540995712444
BIIB.OQ,2001-08-31,0.0979992589858958
BIIB.OQ,2001-09-28,-0.1636578370202009
BIIB.OQ,2001-10-31,0.210006052038798
BIIB.OQ,2001-11-30,0.172057352420755
BIIB.OQ,2001-12-31,-0.0194879089605418
BIIB.OQ,2002-01-31,-0.137385753657604
BIIB.OQ,2002-02-28,0.0565085771694105
BIIB.OQ,2002-03-28,0.0235593759884032
BIIB.OQ,2002-04-30,-0.145412130628868
BIIB.OQ,2002-05-31,-0.2194722475053729
BIIB.OQ,2002-06-28,-0.173467008635071
BIIB.OQ,2002-07-31,0.257827926648131
BIIB.OQ,2002-08-30,-0.0989010988842869
BIIB.OQ,2002-09-30,0.0333499253393927
BIIB.OQ,2002-10-31,0.108381502881769
BIIB.OQ,2002-11-29,-0.285093437630318
BIIB.OQ,2002-12-31,0.0082066869132173
BIIB.OQ,2003-01-31,-0.0325595417751699
BIIB.OQ,2003-02-28,-0.104082268607047
BIIB.OQ,2003-03-31,0.1971826086839649
BIIB.OQ,2003-04-30,-0.0484906592159964
BIIB.OQ,2003-05-30,0.165496183202739
BIIB.OQ,2003-06-30,-0.10924810058614
BIIB.OQ,2003-07-31,-0.0047058823541267
BIIB.OQ,2003-08-29,0.0268912529420278
BIIB.OQ,2003-09-30,-0.0460431654772156
BIIB.OQ,2003-10-31,0.0597285067908099
BIIB.OQ,2003-11-28,0.0868203814391713
BIIB.OQ,2003-12-31,-0.036668412769427
BIIB.OQ,2004-01-30,0.163404023918882
BIIB.OQ,2004-02-27,0.295863519522753
BIIB.OQ,2004-03-31,0.0027051397767015
BIIB.OQ,2004-04-30,0.0611510791459224
BIIB.OQ,2004-05-28,0.0533898305163178
BIIB.OQ,2004-06-30,0.0176991150354038
BIIB.OQ,2004-07-30,-0.0513833992194632
BIIB.OQ,2004-08-31,-0.0111666666783313
BIIB.OQ,2004-09-30,0.0310129782344739
BIIB.OQ,2004-10-29,-0.0492071276922962
BIIB.OQ,2004-11-30,0.0089408528275367
BIIB.OQ,2004-12-31,0.135139740954637
BIIB.OQ,2005-01-31,-0.024771055387681
BIIB.OQ,2005-02-28,-0.4050184729003039
BIIB.OQ,2005-03-31,-0.107115135856647
BIIB.OQ,2005-04-29,0.0501303969827345
BIIB.OQ,2005-05-31,0.078918322278017
BIIB.OQ,2005-06-30,-0.118925831208045
BIIB.OQ,2005-07-29,0.140493468810633
BIIB.OQ,2005-08-31,0.0727920590582161
BIIB.OQ,2005-09-30,-0.0633451957313405
BIIB.OQ,2005-10-31,0.0291286727807882
BIIB.OQ,2005-11-30,0.0536549347872051
BIIB.OQ,2005-12-30,0.0588647512271134
BIIB.OQ,2006-01-31,-0.0127950584681858
BIIB.OQ,2006-02-28,0.0558659217946402
BIIB.OQ,2006-03-31,-0.0031746031847291
BIIB.OQ,2006-04-28,-0.0477707006291132
BIIB.OQ,2006-05-31,0.0396878483910057
BIIB.OQ,2006-06-30,-0.0064336264346401
BIIB.OQ,2006-07-31,-0.0908698467613228
BIIB.OQ,2006-08-31,0.047958214597426
BIIB.OQ,2006-09-29,0.0122338015386609
BIIB.OQ,2006-10-31,0.0653536257914522
BIIB.OQ,2006-11-30,0.0978991596457008
BIIB.OQ,2006-12-29,-0.0587447378420553
BIIB.OQ,2007-01-31,-0.0172799349318949
BIIB.OQ,2007-02-28,-0.0651634257327565
BIIB.OQ,2007-03-30,-0.0179243195370108
BIIB.OQ,2007-04-30,0.0637674628223721
BIIB.OQ,2007-05-31,0.106121584430407
BIIB.OQ,2007-06-29,0.0245116813459365
BIIB.OQ,2007-07-31,0.0568224299283091
BIIB.OQ,2007-08-31,0.128758401145519
BIIB.OQ,2007-09-28,0.0393293638564924
BIIB.OQ,2007-10-31,0.122267450633303
BIIB.OQ,2007-11-30,-0.0042987641178244
BIIB.OQ,2007-12-31,-0.232056125200433
BIIB.OQ,2008-01-31,0.0708011244097415
BIIB.OQ,2008-02-29,-0.0424938474321287
BIIB.OQ,2008-03-31,0.0570596298945183
BIIB.OQ,2008-04-30,-0.0162100826656174
BIIB.OQ,2008-05-30,0.0339429889728263
BIIB.OQ,2008-06-30,-0.109322709130315
BIIB.OQ,2008-07-31,0.248166040460482
BIIB.OQ,2008-08-29,-0.269925458710135
BIIB.OQ,2008-09-30,-0.0125662674343194
BIIB.OQ,2008-10-31,-0.15390733744003
BIIB.OQ,2008-11-28,-0.0056404230239236
BIIB.OQ,2008-12-31,0.125738596078826
BIIB.OQ,2009-01-30,0.0214150745604165
BIIB.OQ,2009-02-27,-0.0536485097820484
BIIB.OQ,2009-03-31,0.138575152067647
BIIB.OQ,2009-04-30,-0.0778328881967553
BIIB.OQ,2009-05-29,0.0713694662806506
BIIB.OQ,2009-06-30,-0.128210079185088
BIIB.OQ,2009-07-31,0.0531561461744524
BIIB.OQ,2009-08-31,0.055941114598657
BIIB.OQ,2009-09-30,0.0061740689170901
BIIB.OQ,2009-10-30,-0.1660728424342449
BIIB.OQ,2009-11-30,0.114170424866585
BIIB.OQ,2009-12-31,0.139752875994921
BIIB.OQ,2010-01-29,0.0044859812943298
BIIB.OQ,2010-02-26,0.0236323036865254
BIIB.OQ,2010-03-31,0.042719505539508
BIIB.OQ,2010-04-30,-0.0716527196749805
BIIB.OQ,2010-05-28,-0.10929577465488
BIIB.OQ,2010-06-30,0.0004216740559843
BIIB.OQ,2010-07-30,0.177660695456542
BIIB.OQ,2010-08-31,-0.0372226199015454
BIIB.OQ,2010-09-30,0.0431226765978575
BIIB.OQ,2010-10-29,0.117426942277605
BIIB.OQ,2010-11-30,0.0200924892375529
BIIB.OQ,2010-12-31,0.0481475691725743
BIIB.OQ,2011-01-31,-0.0235645040989324
BIIB.OQ,2011-02-28,0.0447533221220027
BIIB.OQ,2011-03-31,0.0729532163763165
BIIB.OQ,2011-04-29,0.326474996580906
BIIB.OQ,2011-05-31,-0.0269131998145867
BIIB.OQ,2011-06-30,0.128681515878833
BIIB.OQ,2011-07-29,-0.0472315750183938
BIIB.OQ,2011-08-31,-0.0752920388793185
BIIB.OQ,2011-09-30,-0.0111464968058147
BIIB.OQ,2011-10-31,0.249168008563057
BIIB.OQ,2011-11-30,-0.0121175661662423
BIIB.OQ,2011-12-30,-0.0426272292395075
BIIB.OQ,2012-01-31,0.0715129486422363
BIIB.OQ,2012-02-29,-0.0122964721889888
BIIB.OQ,2012-03-30,0.0815660685297176
BIIB.OQ,2012-04-30,0.063824720175097
BIIB.OQ,2012-05-31,-0.0243265427997775
BIIB.OQ,2012-06-29,0.1042447418621359
BIIB.OQ,2012-07-31,0.0100429422297952
BIIB.OQ,2012-08-31,0.0052115476884451
BIIB.OQ,2012-09-28,0.0180094139951339
BIIB.OQ,2012-10-31,-0.0737787308173471
BIIB.OQ,2012-11-30,0.0786427434404915
BIIB.OQ,2012-12-31,-0.0162318062776331
BIIB.OQ,2013-01-31,0.0641576327742326
BIIB.OQ,2013-02-28,0.0657355202632484
BIIB.OQ,2013-03-28,0.159733076828079
BIIB.OQ,2013-04-30,0.134881550962721
BIIB.OQ,2013-05-31,0.0847759557858121
BIIB.OQ,2013-06-28,-0.093856583439115
BIIB.OQ,2013-07-31,0.0136152416092461
BIIB.OQ,2013-08-30,-0.0234263970900132
BIIB.OQ,2013-09-30,0.130222514323985
BIIB.OQ,2013-10-31,0.0142465525780584
BIIB.OQ,2013-11-29,0.191572136467867
BIIB.OQ,2013-12-31,-0.038560676354939
BIIB.OQ,2014-01-31,0.117569258271022
BIIB.OQ,2014-02-28,0.0896878198599793
BIIB.OQ,2014-03-31,-0.1021779969326
BIIB.OQ,2014-04-30,-0.0613005525146174
BIIB.OQ,2014-05-30,0.112322373944674
BIIB.OQ,2014-06-30,-0.0127125277877579
BIIB.OQ,2014-07-31,0.0605118772171926
BIIB.OQ,2014-08-29,0.0258679984390628
BIIB.OQ,2014-09-30,-0.035651819044424
BIIB.OQ,2014-10-31,-0.0294126538091445
BIIB.OQ,2014-11-28,-0.041703002362664
BIIB.OQ,2014-12-31,0.103220774149796
BIIB.OQ,2015-01-30,0.14644277506029
BIIB.OQ,2015-02-27,0.0524976873331907
BIIB.OQ,2015-03-31,0.0308845430747122
BIIB.OQ,2015-04-30,-0.114413603624731
BIIB.OQ,2015-05-29,0.0616692963917306
BIIB.OQ,2015-06-30,0.0175067381956608
BIIB.OQ,2015-07-31,-0.210823389619626
BIIB.OQ,2015-08-31,-0.0673818934687226
BIIB.OQ,2015-09-30,-0.0184661957760855
BIIB.OQ,2015-10-30,-0.0044549535510879
BIIB.OQ,2015-11-30,-0.0125641113955307
BIIB.OQ,2015-12-31,0.0679425503690259
BIIB.OQ,2016-01-29,-0.1086665578550769
BIIB.OQ,2016-02-29,-0.0499523914231372
BIIB.OQ,2016-03-31,0.0034692776161053
BIIB.OQ,2016-04-29,0.0563537184821243
BIIB.OQ,2016-05-31,0.0536019491732202
BIIB.OQ,2016-06-30,-0.1653608532054289
BIIB.OQ,2016-07-29,0.19894963195114
BIIB.OQ,2016-08-31,0.0541510019979217
BIIB.OQ,2016-09-30,0.0242122828257042
BIIB.OQ,2016-10-31,-0.104942018347063
BIIB.OQ,2016-11-30,0.0495752730482775
BIIB.OQ,2016-12-30,-0.0356717788260552
BIIB.OQ,2017-01-31,-0.0223570068453597
BIIB.OQ,2017-02-28,0.130142436317766
BIIB.OQ,2017-03-31,-0.0525987525845468
BIIB.OQ,2017-04-28,-0.0080828030174517
BIIB.OQ,2017-05-31,-0.0864274916047901
BIIB.OQ,2017-06-30,0.0952092666394508
BIIB.OQ,2017-07-31,0.0671801297372972
BIIB.OQ,2017-08-31,0.0931316689298267
BIIB.OQ,2017-09-29,-0.0108668183176813
BIIB.OQ,2017-10-31,-0.0046627491000574
BIIB.OQ,2017-11-30,0.0337226464735445
BIIB.OQ,2017-12-29,-0.0111742247754834
BIIB.OQ,2018-01-31,0.0917851649561834
BIIB.OQ,2018-02-28,-0.169115321588187
BIIB.OQ,2018-03-29,-0.0524931658587168
BIIB.OQ,2018-04-30,-0.0008034475102288
BIIB.OQ,2018-05-31,0.0744152046908237
BIIB.OQ,2018-06-29,-0.0126547829472572
BIIB.OQ,2018-07-31,0.152046582132774
BIIB.OQ,2018-08-31,0.0571821634659366
BIIB.OQ,2018-09-28,-0.0005092081541162
BIIB.OQ,2018-10-31,-0.138801618963553
BIIB.OQ,2018-11-30,0.0967890360278273
BIIB.OQ,2018-12-31,-0.0982859882485455
BIIB.OQ,2019-01-31,0.109198458063158
BIIB.OQ,2019-02-28,-0.0172868356599515
BIIB.OQ,2019-03-29,-0.279351239294182
BIIB.OQ,2019-04-30,-0.0302056011426379
BIIB.OQ,2019-05-31,-0.0434042924515541
BIIB.OQ,2019-06-28,0.0664872999331698
BIIB.OQ,2019-07-31,0.0168897250639597
BIIB.OQ,2019-08-30,-0.0759818349991205
BIIB.OQ,2019-09-30,0.0594766780613622
BIIB.OQ,2019-10-31,0.283008332652966
BIIB.OQ,2019-11-29,0.0036825014128012
BIIB.OQ,2019-12-31,-0.010273173011555
BIIB.OQ,2020-01-31,-0.0939574697463646
BIIB.OQ,2020-02-28,0.147070857353651
BIIB.OQ,2020-03-31,0.025908751900596
BIIB.OQ,2020-04-30,-0.0617927808272402
BIIB.OQ,2020-05-29,0.0345652393557716
BIIB.OQ,2020-06-30,-0.12875704191214
BIIB.OQ,2020-07-31,0.0266866006443054
BIIB.OQ,2020-08-31,0.0471440532821277
BIIB.OQ,2020-09-30,-0.013767208996004
BIIB.OQ,2020-10-30,-0.111428370002625
BIIB.OQ,2020-11-30,-0.0472091085890033
BIIB.OQ,2020-12-31,0.0195278344579242
BIIB.OQ,2021-01-29,0.154169729638794
BIIB.OQ,2021-02-26,-0.0344290718719122
BIIB.OQ,2021-03-31,0.025175901491959
BIIB.OQ,2021-04-30,-0.0443967828413692
BIIB.OQ,2021-05-28,0.0005611042545501
BIIB.OQ,2021-06-30,0.294564079593456
BIIB.OQ,2021-07-30,-0.056429953481366
BIIB.OQ,2021-08-31,0.0372784868210032
BIIB.OQ,2021-09-30,-0.164999557400973
BIIB.OQ,2021-10-29,-0.0576345453836227
BIIB.OQ,2021-11-30,-0.1160191990378999
BIIB.OQ,2021-12-31,0.0177313990222228
BIIB.OQ,2022-01-31,-0.0580193397678262
BIIB.OQ,2022-02-28,-0.0663274336344901
BIIB.OQ,2022-03-31,-0.0019430358832534
BIIB.OQ,2022-04-29,-0.0150047483540885
BIIB.OQ,2022-05-31,-0.0358657925200255
BIIB.OQ,2022-06-30,0.0197000000229945
BIIB.OQ,2022-07-29,0.0545258409154654
BIIB.OQ,2022-08-31,-0.0915093462269491
BIIB.OQ,2022-09-30,0.366567714163976
BIIB.OQ,2022-10-31,0.0615730337035583
BIIB.OQ,2022-11-30,0.0766652554358742
BIIB.OQ,2022-12-30,-0.0925713536898116
BIIB.OQ,2023-01-31,0.0504838942404
BIIB.OQ,2023-02-28,-0.0723272602278805
BIIB.OQ,2023-03-31,0.0302749573832528
BIIB.OQ,2023-04-28,0.0942344351353923
BIIB.OQ,2023-05-31,-0.0257042369500701
BIIB.OQ,2023-06-30,-0.0390000337449043
BIIB.OQ,2023-07-31,-0.0514656836937204
BIIB.OQ,2023-08-31,-0.01047411078937
BIIB.OQ,2023-09-29,-0.0387118491609167
BIIB.OQ,2023-10-31,-0.075755807169015
BIIB.OQ,2023-11-30,-0.0145659678507479
BIIB.OQ,2023-12-29,0.105476760064817
BIIB.OQ,2024-01-31,-0.0467983151115981
TSCO.OQ,2000-01-31,0.124999999978708
TSCO.OQ,2000-02-29,6.62559e-12
TSCO.OQ,2000-03-31,0.138888888888787
TSCO.OQ,2000-04-28,-0.1951219512053139
TSCO.OQ,2000-05-31,-0.0833333333311536
TSCO.OQ,2000-06-30,0.0950413223052351
TSCO.OQ,2000-07-31,-0.116981132064847
TSCO.OQ,2000-08-31,-0.111111111113588
TSCO.OQ,2000-09-29,-0.153846153858131
TSCO.OQ,2000-10-31,-0.17613636365002
TSCO.OQ,2000-11-30,-0.179310344816401
TSCO.OQ,2000-12-29,0.142857142867336
TSCO.OQ,2001-01-31,0.7352941176402049
TSCO.OQ,2001-02-28,-0.0211864406838179
TSCO.OQ,2001-03-30,-0.0303030302921313
TSCO.OQ,2001-04-30,0.0857142857209183
TSCO.OQ,2001-05-31,0.0223684210587742
TSCO.OQ,2001-06-29,0.0289575289624717
TSCO.OQ,2001-07-31,0.375859912431754
TSCO.OQ,2001-08-31,0.0863636363318503
TSCO.OQ,2001-09-28,-0.205439330544834
TSCO.OQ,2001-10-31,0.421800947862372
TSCO.OQ,2001-11-30,0.0870370370344562
TSCO.OQ,2001-12-31,0.1611584327131389
TSCO.OQ,2002-01-31,0.0924295774797868
TSCO.OQ,2002-02-28,0.163309159278188
TSCO.OQ,2002-03-28,0.0621103671439924
TSCO.OQ,2002-04-30,0.1989130434677609
TSCO.OQ,2002-05-31,0.0131858567486161
TSCO.OQ,2002-06-28,0.2704645186283489
TSCO.OQ,2002-07-31,-0.157909564745669
TSCO.OQ,2002-08-30,0.111743057884968
TSCO.OQ,2002-09-30,-0.0436352693379323
TSCO.OQ,2002-10-31,0.1954059156471549
TSCO.OQ,2002-11-29,0.170781784681602
TSCO.OQ,2002-12-31,-0.154638248124632
TSCO.OQ,2003-01-31,-0.0183510638448771
TSCO.OQ,2003-02-28,-0.104036846370592
TSCO.OQ,2003-03-31,-0.0015119443572222
TSCO.OQ,2003-04-30,0.282556026658524
TSCO.OQ,2003-05-30,0.0696576151066657
TSCO.OQ,2003-06-30,0.0540838852298899
TSCO.OQ,2003-07-31,0.159999999987967
TSCO.OQ,2003-08-29,0.245712222411316
TSCO.OQ,2003-09-30,-0.0489855072463575
TSCO.OQ,2003-10-31,0.277354465077599
TSCO.OQ,2003-11-28,0.0388928656712608
TSCO.OQ,2003-12-31,-0.106798346348826
TSCO.OQ,2004-01-30,0.0889688866190324
TSCO.OQ,2004-02-27,0.011097992879099
TSCO.OQ,2004-03-31,-0.0957496497153565
TSCO.OQ,2004-04-30,0.0087809917373693
TSCO.OQ,2004-05-28,-0.0135688684249253
TSCO.OQ,2004-06-30,0.0853880093428097
TSCO.OQ,2004-07-30,-0.132950741278508
TSCO.OQ,2004-08-31,-0.039713182557521
TSCO.OQ,2004-09-30,-0.0970706490608543
TSCO.OQ,2004-10-29,0.153944020338669
TSCO.OQ,2004-11-30,-0.125689084873607
TSCO.OQ,2004-12-31,0.173076923085145
TSCO.OQ,2005-01-31,-0.0378930394774284
TSCO.OQ,2005-02-28,0.1896648044837819
TSCO.OQ,2005-03-31,0.0248884714403344
TSCO.OQ,2005-04-29,-0.0785796105418175
TSCO.OQ,2005-05-31,0.104425658868705
TSCO.OQ,2005-06-30,0.105357946880334
TSCO.OQ,2005-07-29,0.145010183326442
TSCO.OQ,2005-08-31,-0.0846673781660635
TSCO.OQ,2005-09-30,-0.112903225821026
TSCO.OQ,2005-10-31,0.0624315443536143
TSCO.OQ,2005-11-30,0.110515463920039
TSCO.OQ,2005-12-30,-0.0170813219440929
TSCO.OQ,2006-01-31,-0.0351341141049719
TSCO.OQ,2006-02-28,0.236883320293163
TSCO.OQ,2006-03-31,0.0500158277905673
TSCO.OQ,2006-04-28,-0.0233644859775338
TSCO.OQ,2006-05-31,-0.141688532196666
TSCO.OQ,2006-06-30,-0.0061140082631021
TSCO.OQ,2006-07-31,-0.172426271027978
TSCO.OQ,2006-08-31,-0.0690861390600999
TSCO.OQ,2006-09-29,0.13339596056733
TSCO.OQ,2006-10-31,0.003315375070269
TSCO.OQ,2006-11-30,-0.0169351507398985
TSCO.OQ,2006-12-29,-0.0607142857155736
TSCO.OQ,2007-01-31,0.125698948777773
TSCO.OQ,2007-02-28,0.0166898470186829
TSCO.OQ,2007-03-30,0.006449091250211
TSCO.OQ,2007-04-30,0.0046601941760469
TSCO.OQ,2007-05-31,0.0284112872195141
TSCO.OQ,2007-06-29,-0.0218004134637424
TSCO.OQ,2007-07-31,-0.0870317003015638
TSCO.OQ,2007-08-31,0.0134680134679541
TSCO.OQ,2007-09-28,-0.0429817275597757
TSCO.OQ,2007-10-31,-0.100889563893285
TSCO.OQ,2007-11-30,-0.0101351351229454
TSCO.OQ,2007-12-31,-0.123842028272584
TSCO.OQ,2008-01-31,0.0723427935701164
TSCO.OQ,2008-02-29,-0.0285417747732555
TSCO.OQ,2008-03-31,0.055555555555862
TSCO.OQ,2008-04-30,-0.10020242915527
TSCO.OQ,2008-05-30,-0.0390888638868313
TSCO.OQ,2008-06-30,-0.150131694455677
TSCO.OQ,2008-07-31,0.308884297525283
TSCO.OQ,2008-08-29,0.121283872657499
TSCO.OQ,2008-09-30,-0.0133740028102993
TSCO.OQ,2008-10-31,-0.0116527942803671
TSCO.OQ,2008-11-28,-0.0765158806500734
TSCO.OQ,2008-12-31,-0.058363731122352
TSCO.OQ,2009-01-30,-0.0672385168738993
TSCO.OQ,2009-02-27,-0.0732720261055064
TSCO.OQ,2009-03-31,0.154289372604257
TSCO.OQ,2009-04-30,0.119800332788902
TSCO.OQ,2009-05-29,-0.0495294700290985
TSCO.OQ,2009-06-30,0.0766023970668182
TSCO.OQ,2009-07-31,0.160939012594246
TSCO.OQ,2009-08-31,-0.0189701897135969
TSCO.OQ,2009-09-30,0.0288992775112602
TSCO.OQ,2009-10-30,-0.0768277571234329
TSCO.OQ,2009-11-30,0.0445190156636659
TSCO.OQ,2009-12-31,0.134289997839556
TSCO.OQ,2010-01-29,-0.0470166163014424
TSCO.OQ,2010-02-26,0.0842084406721676
TSCO.OQ,2010-03-31,0.0634172734486462
TSCO.OQ,2010-04-30,0.157105943116444
TSCO.OQ,2010-05-28,0.0108145965766139
TSCO.OQ,2010-06-30,-0.1002066115948129
TSCO.OQ,2010-07-30,0.140068886327192
TSCO.OQ,2010-08-31,-0.0200243046885902
TSCO.OQ,2010-09-30,0.166813768767544
TSCO.OQ,2010-10-29,-0.0015128593141048
TSCO.OQ,2010-11-30,0.074278958790968
TSCO.OQ,2010-12-31,0.141747115597965
TSCO.OQ,2011-01-31,0.0581563208870197
TSCO.OQ,2011-02-28,0.0161542713208269
TSCO.OQ,2011-03-31,0.149606299221397
TSCO.OQ,2011-04-29,0.0335783494855015
TSCO.OQ,2011-05-31,0.0227974280223571
TSCO.OQ,2011-06-30,0.058898036726575
TSCO.OQ,2011-07-29,-0.0143540669779137
TSCO.OQ,2011-08-31,-0.067094238638718
TSCO.OQ,2011-09-30,0.0192276356561893
TSCO.OQ,2011-10-31,0.134132693842146
TSCO.OQ,2011-11-30,0.0198946572973353
TSCO.OQ,2011-12-30,-0.0287968987794434
TSCO.OQ,2012-01-31,0.151389878831767
TSCO.OQ,2012-02-29,0.0596861255029024
TSCO.OQ,2012-03-30,0.0595530595564424
TSCO.OQ,2012-04-30,0.08668286218829
TSCO.OQ,2012-05-31,-0.0697909617224454
TSCO.OQ,2012-06-29,-0.0907498631765822
TSCO.OQ,2012-07-31,0.0940284131780151
TSCO.OQ,2012-08-31,0.0530090834460104
TSCO.OQ,2012-09-28,0.0357142857225203
TSCO.OQ,2012-10-31,-0.0267974517198021
TSCO.OQ,2012-11-30,-0.0666379912661593
TSCO.OQ,2012-12-31,-0.0140593617605761
TSCO.OQ,2013-01-31,0.1732684472652849
TSCO.OQ,2013-02-28,0.0050751934724304
TSCO.OQ,2013-03-28,0.0013462833054322
TSCO.OQ,2013-04-30,0.0291942763998385
TSCO.OQ,2013-05-31,0.0472876066332638
TSCO.OQ,2013-06-28,0.0502768351436291
TSCO.OQ,2013-07-31,0.029929427780325
TSCO.OQ,2013-08-30,0.0124857506149796
TSCO.OQ,2013-09-30,0.0978180926559785
TSCO.OQ,2013-10-31,0.0622301622687425
TSCO.OQ,2013-11-29,0.0278872021677554
TSCO.OQ,2013-12-31,0.0596912990110221
TSCO.OQ,2014-01-31,-0.1426914153053139
TSCO.OQ,2014-02-28,0.0629900442565638
TSCO.OQ,2014-03-31,0.0009920634901581
TSCO.OQ,2014-04-30,-0.0479966020212529
TSCO.OQ,2014-05-30,-0.0305664508718487
TSCO.OQ,2014-06-30,-0.0710550599571845
TSCO.OQ,2014-07-31,0.0293046357498685
TSCO.OQ,2014-08-29,0.0796636743428145
TSCO.OQ,2014-09-30,-0.0812546676484612
TSCO.OQ,2014-10-31,0.190375548720716
TSCO.OQ,2014-11-28,0.0529424692753777
TSCO.OQ,2014-12-31,0.0245677888742233
TSCO.OQ,2015-01-30,0.0298147678220888
TSCO.OQ,2015-02-27,0.0876526798910236
TSCO.OQ,2015-03-31,-0.0347253744951463
TSCO.OQ,2015-04-30,0.0117564072630615
TSCO.OQ,2015-05-29,0.0148595584113096
TSCO.OQ,2015-06-30,0.0321322010945968
TSCO.OQ,2015-07-31,0.028685790503463
TSCO.OQ,2015-08-31,-0.0759504034849373
TSCO.OQ,2015-09-30,-0.0116047356574024
TSCO.OQ,2015-10-30,0.0957068311135478
TSCO.OQ,2015-11-30,-0.0307493854909948
TSCO.OQ,2015-12-31,-0.0430889759243507
TSCO.OQ,2016-01-29,0.0328654970840349
TSCO.OQ,2016-02-29,-0.040084720694889
TSCO.OQ,2016-03-31,0.0696464467231592
TSCO.OQ,2016-04-29,0.0464293610445712
TSCO.OQ,2016-05-31,0.0178162820501004
TSCO.OQ,2016-06-30,-0.0511966701419601
TSCO.OQ,2016-07-29,0.0051546391759158
TSCO.OQ,2016-08-31,-0.0814658572706658
TSCO.OQ,2016-09-30,-0.197736748076947
TSCO.OQ,2016-10-31,-0.0700816629591319
TSCO.OQ,2016-11-30,0.202921085807459
TSCO.OQ,2016-12-30,0.0098574663752999
TSCO.OQ,2017-01-31,-0.0282284659242058
TSCO.OQ,2017-02-28,-0.0342107265496107
TSCO.OQ,2017-03-31,-0.0273586236038392
TSCO.OQ,2017-04-28,-0.10236334637263
TSCO.OQ,2017-05-31,-0.1050417441476039
TSCO.OQ,2017-06-30,-0.0170444243084913
TSCO.OQ,2017-07-31,0.0352333518098698
TSCO.OQ,2017-08-31,0.0656194859047021
TSCO.OQ,2017-09-29,0.0635187363585148
TSCO.OQ,2017-10-31,-0.0478748617533347
TSCO.OQ,2017-11-30,0.137166541885063
TSCO.OQ,2017-12-29,0.0953985932042762
TSCO.OQ,2018-01-31,0.0200668896060117
TSCO.OQ,2018-02-28,-0.144968034534988
TSCO.OQ,2018-03-29,-0.0294162944734133
TSCO.OQ,2018-04-30,0.0790225325441536
TSCO.OQ,2018-05-31,0.0974132365140851
TSCO.OQ,2018-06-29,0.0293365630313027
TSCO.OQ,2018-07-31,0.0202640868037038
TSCO.OQ,2018-08-31,0.135173630198872
TSCO.OQ,2018-09-28,0.0294517444503501
TSCO.OQ,2018-10-31,0.0111135563514138
TSCO.OQ,2018-11-30,0.0388533955998348
TSCO.OQ,2018-12-31,-0.1228844738851329
TSCO.OQ,2019-01-31,0.0234899328541278
TSCO.OQ,2019-02-28,0.120114435633637
TSCO.OQ,2019-03-29,0.0252753015253354
TSCO.OQ,2019-04-30,0.0587152209325947
TSCO.OQ,2019-05-31,-0.0229105874242534
TSCO.OQ,2019-06-28,0.0795792815892422
TSCO.OQ,2019-07-31,9.191178991519e-05
TSCO.OQ,2019-08-30,-0.0603056742722302
TSCO.OQ,2019-09-30,-0.1122889674063259
TSCO.OQ,2019-10-31,0.0506413091323863
TSCO.OQ,2019-11-29,-0.0025255025620718
TSCO.OQ,2019-12-31,-0.0105887335787554
TSCO.OQ,2020-01-31,-0.0052440068472782
TSCO.OQ,2020-02-28,-0.0444274553147618
TSCO.OQ,2020-03-31,-0.0447407072524802
TSCO.OQ,2020-04-30,0.1996451803783379
TSCO.OQ,2020-05-29,0.206761548579442
TSCO.OQ,2020-06-30,0.0800688411685563
TSCO.OQ,2020-07-31,0.0830867289111041
TSCO.OQ,2020-08-31,0.0453859273099451
TSCO.OQ,2020-09-30,-0.0368877242470905
TSCO.OQ,2020-10-30,-0.0706711315677725
TSCO.OQ,2020-11-30,0.0603127669819079
TSCO.OQ,2020-12-31,-0.0016334067081559
TSCO.OQ,2021-01-29,0.0082515293826783
TSCO.OQ,2021-02-26,0.124893663914758
TSCO.OQ,2021-03-31,0.113990941117424
TSCO.OQ,2021-04-30,0.0650553422220423
TSCO.OQ,2021-05-28,-0.0338528709656366
TSCO.OQ,2021-06-30,0.023995597120994
TSCO.OQ,2021-07-30,-0.0275717510493497
TSCO.OQ,2021-08-31,0.0764376734228958
TSCO.OQ,2021-09-30,0.0430373230421364
TSCO.OQ,2021-10-29,0.0718621983125443
TSCO.OQ,2021-11-30,0.0399143729199487
TSCO.OQ,2021-12-31,0.0588914037161915
TSCO.OQ,2022-01-31,-0.0850377200238396
TSCO.OQ,2022-02-28,-0.0624880189293249
TSCO.OQ,2022-03-31,0.145149418517381
TSCO.OQ,2022-04-29,-0.136778506244317
TSCO.OQ,2022-05-31,-0.0649253068698793
TSCO.OQ,2022-06-30,0.0346391972613171
TSCO.OQ,2022-07-29,-0.0122259479079001
TSCO.OQ,2022-08-31,-0.0286823352893707
TSCO.OQ,2022-09-30,0.0039427491114654
TSCO.OQ,2022-10-31,0.182321928129302
TSCO.OQ,2022-11-30,0.0340673881825888
TSCO.OQ,2022-12-30,-0.0059210816997918
TSCO.OQ,2023-01-31,0.0134240120661016
TSCO.OQ,2023-02-28,0.0276860929757712
TSCO.OQ,2023-03-31,0.0076309697306364
TSCO.OQ,2023-04-28,0.0142954390513585
TSCO.OQ,2023-05-31,-0.116565862655669
TSCO.OQ,2023-06-30,0.0549167422007961
TSCO.OQ,2023-07-31,0.0130710085768873
TSCO.OQ,2023-08-31,-0.019804793410951
TSCO.OQ,2023-09-29,-0.0707093821631801
TSCO.OQ,2023-10-31,-0.0516621521869029
TSCO.OQ,2023-11-30,0.059747869244685
TSCO.OQ,2023-12-29,0.0592089059715493
TSCO.OQ,2024-01-31,0.0445054178358109
