RIC,date,return
CTRA.N,2000-01-31,-0.0817120622570172
CTRA.N,2000-02-29,0.0748573329981963
CTRA.N,2000-03-31,0.142292490146434
CTRA.N,2000-04-28,0.0276816608781016
CTRA.N,2000-05-31,0.345876926225746
CTRA.N,2000-06-30,-0.150375939852505
CTRA.N,2000-07-31,-0.1268436578214939
CTRA.N,2000-08-31,0.0835520981234936
CTRA.N,2000-09-29,0.0187499999820211
CTRA.N,2000-10-31,-0.0368098159351015
CTRA.N,2000-11-30,0.0148030133718837
CTRA.N,2000-12-29,0.56918238989614
CTRA.N,2001-01-31,-0.101563126266733
CTRA.N,2001-02-28,-0.0315065459711797
CTRA.N,2001-03-30,-0.0036900368835685
CTRA.N,2001-04-30,0.0711111111139007
CTRA.N,2001-05-31,0.0663528821006298
CTRA.N,2001-06-29,-0.207792207793917
CTRA.N,2001-07-31,0.0286885246178703
CTRA.N,2001-08-31,-0.107627437146482
CTRA.N,2001-09-28,-0.107781753123357
CTRA.N,2001-10-31,0.208020050176281
CTRA.N,2001-11-30,-0.0818187521157256
CTRA.N,2001-12-31,0.0887279311873672
CTRA.N,2002-01-31,-0.1663201663273169
CTRA.N,2002-02-28,0.0045427864173697
CTRA.N,2002-03-28,0.2318407960108439
CTRA.N,2002-04-30,0.0149434571773921
CTRA.N,2002-05-31,-0.0852331518336228
CTRA.N,2002-06-28,-0.0043572984663824
CTRA.N,2002-07-31,-0.0853391684945344
CTRA.N,2002-08-30,0.0665647502434128
CTRA.N,2002-09-30,-0.0337078651904409
CTRA.N,2002-10-31,0.0167441860455952
CTRA.N,2002-11-29,0.0586107579246371
CTRA.N,2002-12-31,0.0727272727170802
CTRA.N,2003-01-31,-0.0512510088791003
CTRA.N,2003-02-28,0.0255512522442478
CTRA.N,2003-03-31,-0.0029081844842733
CTRA.N,2003-04-30,0.0208333333311697
CTRA.N,2003-05-30,0.107486955744746
CTRA.N,2003-06-30,0.0191952750376808
CTRA.N,2003-07-31,-0.0927200289897089
CTRA.N,2003-08-29,0.0775689547199499
CTRA.N,2003-09-30,-0.0352504638169103
CTRA.N,2003-10-31,-0.0173076923010629
CTRA.N,2003-11-28,0.0411204200797715
CTRA.N,2003-12-31,0.105045180730346
CTRA.N,2004-01-30,0.0391822828001245
CTRA.N,2004-02-27,-0.0029279869169885
CTRA.N,2004-03-31,0.0062561738377933
CTRA.N,2004-04-30,0.168193717270345
CTRA.N,2004-05-28,0.0319516471038286
CTRA.N,2004-06-30,0.149456521744073
CTRA.N,2004-07-30,0.0394799054219206
CTRA.N,2004-08-31,-0.0800858936160949
CTRA.N,2004-09-30,0.111111111104105
CTRA.N,2004-10-29,-0.0576837416578201
CTRA.N,2004-11-30,0.144534799569355
CTRA.N,2004-12-31,-0.0853658536569961
CTRA.N,2005-01-31,0.0639548022674226
CTRA.N,2005-02-28,0.190210628231186
CTRA.N,2005-03-31,-0.0150026790292784
CTRA.N,2005-04-29,-0.199274745374109
CTRA.N,2005-05-31,0.0662881658849312
CTRA.N,2005-06-30,0.106858054226652
CTRA.N,2005-07-29,0.167723342925852
CTRA.N,2005-08-31,0.0669107128961697
CTRA.N,2005-09-30,0.169483676763045
CTRA.N,2005-10-31,-0.0934468421974536
CTRA.N,2005-11-30,-0.0773254964279364
CTRA.N,2005-12-30,0.0684671878566828
CTRA.N,2006-01-31,0.143458980053715
CTRA.N,2006-02-28,-0.1216100682674379
CTRA.N,2006-03-31,0.0589924878193444
CTRA.N,2006-04-28,0.0277488003344444
CTRA.N,2006-05-31,-0.108679868340295
CTRA.N,2006-06-30,0.1169364030349879
CTRA.N,2006-07-31,0.0765306122388394
CTRA.N,2006-08-31,-0.0313358497978562
CTRA.N,2006-09-29,-0.0613004308611019
CTRA.N,2006-10-31,0.103901523045033
CTRA.N,2006-11-30,0.175113900393319
CTRA.N,2006-12-29,-0.0238210204490442
CTRA.N,2007-01-31,0.0694146743693473
CTRA.N,2007-02-28,0.0422726008571762
CTRA.N,2007-03-30,-0.0035523978612197
CTRA.N,2007-04-30,0.0819964349365301
CTRA.N,2007-05-31,0.071699852924819
CTRA.N,2007-06-29,-0.0543589743599787
CTRA.N,2007-07-31,-0.0726681128138976
CTRA.N,2007-08-31,-0.0242531999394049
CTRA.N,2007-09-28,0.0545890821969307
CTRA.N,2007-10-31,0.128839590439388
CTRA.N,2007-11-30,-0.132091128566293
CTRA.N,2007-12-31,0.172864613599818
CTRA.N,2008-01-31,-0.0416150606876893
CTRA.N,2008-02-29,0.286868135086215
CTRA.N,2008-03-31,0.0219095477348645
CTRA.N,2008-04-30,0.120574350869432
CTRA.N,2008-05-30,0.0580916521824133
CTRA.N,2008-06-30,0.124149377582614
CTRA.N,2008-07-31,-0.350214085339427
CTRA.N,2008-08-29,0.0104781268574345
CTRA.N,2008-09-30,-0.186768676871517
CTRA.N,2008-10-31,-0.223298284432792
CTRA.N,2008-11-28,0.068795870014254
CTRA.N,2008-12-31,-0.132465799141466
CTRA.N,2009-01-30,0.0573076923069575
CTRA.N,2009-02-27,-0.258177801301456
CTRA.N,2009-03-31,0.15709376534105
CTRA.N,2009-04-30,0.280865506990725
CTRA.N,2009-05-29,0.164640148229522
CTRA.N,2009-06-30,-0.127810987769569
CTRA.N,2009-07-31,0.146540469992764
CTRA.N,2009-08-31,0.0042444712162508
CTRA.N,2009-09-30,0.0141843971686171
CTRA.N,2009-10-30,0.0760839160921809
CTRA.N,2009-11-30,-0.0036736439615348
CTRA.N,2009-12-31,0.138120104434711
CTRA.N,2010-01-29,-0.122046340904621
CTRA.N,2010-02-26,0.0496511713752588
CTRA.N,2010-03-31,-0.0832087693041832
CTRA.N,2010-04-30,-0.0182065217428573
CTRA.N,2010-05-28,-0.0389525490705149
CTRA.N,2010-06-30,-0.0971461516407434
CTRA.N,2010-07-30,-0.027139208171637
CTRA.N,2010-08-31,-0.0854649914156076
CTRA.N,2010-09-30,0.0815373563257639
CTRA.N,2010-10-29,-0.0375290601259324
CTRA.N,2010-11-30,0.207806778125419
CTRA.N,2010-12-31,0.0823563054257757
CTRA.N,2011-01-31,0.100678815033016
CTRA.N,2011-02-28,0.0968051885602668
CTRA.N,2011-03-31,0.160096364422954
CTRA.N,2011-04-29,0.062488200865501
CTRA.N,2011-05-31,0.0444792558679411
CTRA.N,2011-06-30,0.128680851048714
CTRA.N,2011-07-29,0.117176896395011
CTRA.N,2011-08-31,0.0244886616660458
CTRA.N,2011-09-30,-0.1838913788721849
CTRA.N,2011-10-31,0.255370699401246
CTRA.N,2011-11-30,0.140286680003649
CTRA.N,2011-12-30,-0.143244158450908
CTRA.N,2012-01-31,-0.158919572239619
CTRA.N,2012-02-29,0.0934169278977299
CTRA.N,2012-03-30,-0.1063646788784929
CTRA.N,2012-04-30,0.127366057100738
CTRA.N,2012-05-31,-0.0734682062616151
CTRA.N,2012-06-29,0.210817455422655
CTRA.N,2012-07-31,0.0713197969663109
CTRA.N,2012-08-31,-0.018487793323709
CTRA.N,2012-09-28,0.0842791596225472
CTRA.N,2012-10-31,0.0463251670286637
CTRA.N,2012-11-30,0.0029652455188589
CTRA.N,2012-12-31,0.0560509554232128
CTRA.N,2013-01-31,0.0615275106032496
CTRA.N,2013-02-28,0.174118984476086
CTRA.N,2013-03-28,0.0910117798933061
CTRA.N,2013-04-30,0.0065079130462559
CTRA.N,2013-05-31,0.0342475101611774
CTRA.N,2013-06-28,0.009380329710174
CTRA.N,2013-07-31,0.0675865953172787
CTRA.N,2013-08-30,0.032716430106307
CTRA.N,2013-09-30,-0.0462560694835179
CTRA.N,2013-10-31,-0.0535905680544361
CTRA.N,2013-11-29,-0.0240733065508676
CTRA.N,2013-12-31,0.125108853422167
CTRA.N,2014-01-31,0.0319852447555953
CTRA.N,2014-02-28,-0.124562281151841
CTRA.N,2014-03-31,-0.0320000000195716
CTRA.N,2014-04-30,0.159386068461488
CTRA.N,2014-05-30,-0.0769010183162605
CTRA.N,2014-06-30,-0.0579470198678103
CTRA.N,2014-07-31,-0.0348564733515531
CTRA.N,2014-08-29,0.0185275399864311
CTRA.N,2014-09-30,-0.0253428741892021
CTRA.N,2014-10-31,-0.0486387274242597
CTRA.N,2014-11-28,0.0630708494022405
CTRA.N,2014-12-31,-0.103813559322651
CTRA.N,2015-01-30,-0.104370858850804
CTRA.N,2015-02-27,0.09433962263407
CTRA.N,2015-03-31,0.0182758620620014
CTRA.N,2015-04-30,0.145275990507151
CTRA.N,2015-05-29,0.0047309284475789
CTRA.N,2015-06-30,-0.0712603062307688
CTRA.N,2015-07-31,-0.170577044986696
CTRA.N,2015-08-31,-0.0944749376845252
CTRA.N,2015-09-30,-0.076468103096201
CTRA.N,2015-10-30,-0.0068618481253823
CTRA.N,2015-11-30,-0.131879526988041
CTRA.N,2015-12-31,-0.0605416888019385
CTRA.N,2016-01-29,0.1741809070372449
CTRA.N,2016-02-29,-0.0298795180665643
CTRA.N,2016-03-31,0.128166915039899
CTRA.N,2016-04-29,0.0303830911355762
CTRA.N,2016-05-31,0.0251986128533905
CTRA.N,2016-06-30,0.0738423028629178
CTRA.N,2016-07-29,-0.0415695415633075
CTRA.N,2016-08-31,-0.0008226996362307
CTRA.N,2016-09-30,0.0475030451026785
CTRA.N,2016-10-31,-0.190697674401926
CTRA.N,2016-11-30,0.0604250789819144
CTRA.N,2016-12-30,0.0560578662050628
CTRA.N,2017-01-31,-0.079678824692559
CTRA.N,2017-02-28,0.0195530726270949
CTRA.N,2017-03-31,0.0917808219240109
CTRA.N,2017-04-28,-0.0280217482250792
CTRA.N,2017-05-31,-0.0432128348260373
CTRA.N,2017-06-30,0.130238846327241
CTRA.N,2017-07-31,-0.0083732057426547
CTRA.N,2017-08-31,0.0294328227461991
CTRA.N,2017-09-29,0.0469667318937976
CTRA.N,2017-10-31,0.0355140186942173
CTRA.N,2017-11-30,0.047003376713254
CTRA.N,2017-12-29,-0.0120898100325172
CTRA.N,2018-01-31,-0.0767221142479677
CTRA.N,2018-02-28,-0.0831119544431362
CTRA.N,2018-03-29,-0.0074503311193956
CTRA.N,2018-04-30,-0.002919099262109
CTRA.N,2018-05-31,-0.0418613622912694
CTRA.N,2018-06-29,0.0415754923345399
CTRA.N,2018-07-31,-0.0126050420090606
CTRA.N,2018-08-31,0.0166426623058999
CTRA.N,2018-09-28,-0.0549727234520716
CTRA.N,2018-10-31,0.07593250444986
CTRA.N,2018-11-30,0.0412005792257424
CTRA.N,2018-12-31,-0.111685214638662
CTRA.N,2019-01-31,0.119461832447997
CTRA.N,2019-02-28,-0.0132264529267696
CTRA.N,2019-03-29,0.0601137286552595
CTRA.N,2019-04-30,-0.0080459770058802
CTRA.N,2019-05-31,-0.0302966484381256
CTRA.N,2019-06-28,-0.0823341326786621
CTRA.N,2019-07-31,-0.165505226477115
CTRA.N,2019-08-30,-0.101866000924015
CTRA.N,2019-09-30,0.02628504671805
CTRA.N,2019-10-31,0.060899260119375
CTRA.N,2019-11-29,-0.140127807391833
CTRA.N,2019-12-31,0.0922208281002788
CTRA.N,2020-01-31,-0.18538111582399
CTRA.N,2020-02-28,-0.0113555713301238
CTRA.N,2020-03-31,0.234027279256337
CTRA.N,2020-04-30,0.257707969776163
CTRA.N,2020-05-29,-0.0774421560463974
CTRA.N,2020-06-30,-0.1340725806353569
CTRA.N,2020-07-31,0.0884749708802166
CTRA.N,2020-08-31,0.0195593431848973
CTRA.N,2020-09-30,-0.0848708486900545
CTRA.N,2020-10-30,0.0247695852657503
CTRA.N,2020-11-30,-0.0094480202105314
CTRA.N,2020-12-31,-0.0707762557145223
CTRA.N,2021-01-29,0.132067234980968
CTRA.N,2021-02-26,0.0098199672762453
CTRA.N,2021-03-31,0.014586709885229
CTRA.N,2021-04-30,-0.1123535676224929
CTRA.N,2021-05-28,-0.0100128545661416
CTRA.N,2021-06-30,0.064634146331116
CTRA.N,2021-07-30,-0.0836197021430945
CTRA.N,2021-08-31,-0.0001605716108588
CTRA.N,2021-09-30,0.369414726224567
CTRA.N,2021-10-29,0.0031631446936371
CTRA.N,2021-11-30,-0.0444452539971963
CTRA.N,2021-12-31,-0.0537848605534704
CTRA.N,2022-01-31,0.152631578959737
CTRA.N,2022-02-28,0.0652968036648567
CTRA.N,2022-03-31,0.180816332623654
CTRA.N,2022-04-29,0.0674823878412605
CTRA.N,2022-05-31,0.217039441882335
CTRA.N,2022-06-30,-0.2487620157168689
CTRA.N,2022-07-29,0.186118650654311
CTRA.N,2022-08-31,0.0333778786697749
CTRA.N,2022-09-30,-0.154966030432594
CTRA.N,2022-10-31,0.191807044407635
CTRA.N,2022-11-30,-0.0815147715095019
CTRA.N,2022-12-30,-0.119670369052946
CTRA.N,2023-01-31,0.0187220187316635
CTRA.N,2023-02-28,-0.0023971234364145
CTRA.N,2023-03-31,0.0073703896825802
CTRA.N,2023-04-28,0.0431947840074697
CTRA.N,2023-05-31,-0.0844815054687419
CTRA.N,2023-06-30,0.0881720430004135
CTRA.N,2023-07-31,0.0885375494246489
CTRA.N,2023-08-31,0.0310302049351738
CTRA.N,2023-09-29,-0.040439872290196
CTRA.N,2023-10-31,0.0166358595048903
CTRA.N,2023-11-30,-0.038422903077004
CTRA.N,2023-12-29,-0.027809523797154
CTRA.N,2024-01-31,-0.0250783699029231
LLY.N,2000-01-31,0.0056390977425815
LLY.N,2000-02-29,-0.107465109670933
LLY.N,2000-03-31,0.0599369085203489
LLY.N,2000-04-28,0.227182539676545
LLY.N,2000-05-31,-0.0119406232127405
LLY.N,2000-06-30,0.311986863719482
LLY.N,2000-07-31,0.0400500625797715
LLY.N,2000-08-31,-0.294859268291871
LLY.N,2000-09-29,0.111301369858
LLY.N,2000-10-31,0.10169491526222
LLY.N,2000-11-30,0.0514162818341544
LLY.N,2000-12-29,-0.0066711140710475
LLY.N,2001-01-31,-0.15325721961297
LLY.N,2001-02-28,0.0119053904694919
LLY.N,2001-03-30,-0.0352378554904938
LLY.N,2001-04-30,0.108792068876817
LLY.N,2001-05-31,-0.0002038841999138
LLY.N,2001-06-29,-0.1263282172422909
LLY.N,2001-07-31,0.0713513513577912
LLY.N,2001-08-31,-0.0173178862175642
LLY.N,2001-09-28,0.0395465670372279
LLY.N,2001-10-31,-0.0520446096685835
LLY.N,2001-11-30,0.0844852144638175
LLY.N,2001-12-31,-0.0499576629942975
LLY.N,2002-01-31,-0.0437993379088141
LLY.N,2002-02-28,0.0124954955782454
LLY.N,2002-03-28,0.0062062590823339
LLY.N,2002-04-30,-0.133202099730114
LLY.N,2002-05-31,-0.0157369261193885
LLY.N,2002-06-28,-0.128284389489482
LLY.N,2002-07-31,0.0358156028232379
LLY.N,2002-08-30,-0.0008327933100467
LLY.N,2002-09-30,-0.0466838932148421
LLY.N,2002-10-31,0.0028912179269768
LLY.N,2002-11-29,0.236958305097693
LLY.N,2002-12-31,-0.0702781844953581
LLY.N,2003-01-31,-0.0513385826707219
LLY.N,2003-02-28,-0.0557479145477762
LLY.N,2003-03-31,0.0104314002901318
LLY.N,2003-04-30,0.116710411193281
LLY.N,2003-05-30,-0.0585421601109004
LLY.N,2003-06-30,0.153923372931066
LLY.N,2003-07-31,-0.045382050183431
LLY.N,2003-08-29,0.0159222469578835
LLY.N,2003-09-30,-0.107169697881679
LLY.N,2003-10-31,0.121548821525267
LLY.N,2003-11-28,0.0343289555054012
LLY.N,2003-12-31,0.0258168028017984
LLY.N,2004-01-30,-0.03256078484638
LLY.N,2004-02-27,0.0918781337287139
LLY.N,2004-03-31,-0.0952123343215532
LLY.N,2004-04-30,0.1032884902919479
LLY.N,2004-05-28,0.0029102743775206
LLY.N,2004-06-30,-0.0510384145338044
LLY.N,2004-07-30,-0.0885424116838441
LLY.N,2004-08-31,0.0014096090177384
LLY.N,2004-09-30,-0.0535855003552803
LLY.N,2004-10-29,-0.0855953372147434
LLY.N,2004-11-30,-0.0225754169770981
LLY.N,2004-12-31,0.064129008057501
LLY.N,2005-01-31,-0.0442290748832504
LLY.N,2005-02-28,0.0395173935074173
LLY.N,2005-03-31,-0.0696428571490625
LLY.N,2005-04-29,0.122264875236685
LLY.N,2005-05-31,0.0035418053800981
LLY.N,2005-06-30,-0.0444253859253911
LLY.N,2005-07-29,0.0109495602353561
LLY.N,2005-08-31,-0.0161616426272926
LLY.N,2005-09-30,-0.0272628135520622
LLY.N,2005-10-31,-0.0696935724999213
LLY.N,2005-11-30,0.0217583109418324
LLY.N,2005-12-30,0.120594059384738
LLY.N,2006-01-31,0.0005301289959531
LLY.N,2006-02-28,-0.0105625005290005
LLY.N,2006-03-31,-0.0057533261527053
LLY.N,2006-04-28,-0.0430379746735883
LLY.N,2006-05-31,-0.01655198684015
LLY.N,2006-06-30,0.070294345453576
LLY.N,2006-07-31,0.0271394970123322
LLY.N,2006-08-31,-0.0075470739546146
LLY.N,2006-09-29,0.0191310566711798
LLY.N,2006-10-31,-0.0173684210440896
LLY.N,2006-11-30,-0.0361270776213145
LLY.N,2006-12-29,-0.0278036946997249
LLY.N,2007-01-31,0.0387715930960075
LLY.N,2007-02-28,-0.0197309834641648
LLY.N,2007-03-30,0.0203267477156712
LLY.N,2007-04-30,0.100912306830441
LLY.N,2007-05-31,-0.0014141384253614
LLY.N,2007-06-29,-0.046741726386229
LLY.N,2007-07-31,-0.0320329276946481
LLY.N,2007-08-31,0.0681851623314507
LLY.N,2007-09-28,-0.007323452458833
LLY.N,2007-10-31,-0.0488318988078577
LLY.N,2007-11-30,-0.014265875343822
LLY.N,2007-12-31,0.0083097261662952
LLY.N,2008-01-31,-0.0350252856187291
LLY.N,2008-02-29,-0.0200502268100541
LLY.N,2008-03-31,0.031387445029181
LLY.N,2008-04-30,-0.0668734250776593
LLY.N,2008-05-30,0.00988433227574
LLY.N,2008-06-30,-0.041130037410636
LLY.N,2008-07-31,0.0205805892726115
LLY.N,2008-08-29,-0.0001444816769664
LLY.N,2008-09-30,-0.0561629153382298
LLY.N,2008-10-31,-0.23188734952147
LLY.N,2008-11-28,0.0245929898555552
LLY.N,2008-12-31,0.1792093704118079
LLY.N,2009-01-30,-0.0856717159042495
LLY.N,2009-02-27,-0.191416258083179
LLY.N,2009-03-31,0.137168141591472
LLY.N,2009-04-30,-0.0146662676012401
LLY.N,2009-05-29,0.0647604693699049
LLY.N,2009-06-30,0.0020248770510409
LLY.N,2009-07-31,0.0072170900808543
LLY.N,2009-08-31,-0.0267201124703218
LLY.N,2009-09-30,-0.0128511655686381
LLY.N,2009-10-30,0.0296699969640518
LLY.N,2009-11-30,0.0949889164984223
LLY.N,2009-12-31,-0.0277702151001725
LLY.N,2010-01-29,-0.0142817137974296
LLY.N,2010-02-26,-0.010442107650081
LLY.N,2010-03-31,0.0547466511665648
LLY.N,2010-04-30,-0.0345113196908705
LLY.N,2010-05-28,-0.0491288598054496
LLY.N,2010-06-30,0.0216529429775225
LLY.N,2010-07-30,0.0626865671938309
LLY.N,2010-08-31,-0.0447203866199392
LLY.N,2010-09-30,0.0884982121576721
LLY.N,2010-10-29,-0.0364084314157586
LLY.N,2010-11-30,-0.0303586739222611
LLY.N,2010-12-31,0.0409982174790584
LLY.N,2011-01-31,-0.0077054794487322
LLY.N,2011-02-28,0.0080692489479388
LLY.N,2011-03-31,0.0176504629744758
LLY.N,2011-04-29,0.0523173159044201
LLY.N,2011-05-31,0.0530278325676501
LLY.N,2011-06-30,-0.0246881496930509
LLY.N,2011-07-29,0.0205169197858717
LLY.N,2011-08-31,-0.0070319307272931
LLY.N,2011-09-30,-0.0143961610354313
LLY.N,2011-10-31,0.0051393021499177
LLY.N,2011-11-30,0.0319741681087082
LLY.N,2011-12-30,0.098018494065462
LLY.N,2012-01-31,-0.0437921077955116
LLY.N,2012-02-29,-0.0001278581170838
LLY.N,2012-03-30,0.0262487257949441
LLY.N,2012-04-30,0.0278122671944667
LLY.N,2012-05-31,0.0011190738878275
LLY.N,2012-06-29,0.0478632478494028
LLY.N,2012-07-31,0.0261011419261877
LLY.N,2012-08-31,0.0316610592825703
LLY.N,2012-09-28,0.0556668893302965
LLY.N,2012-10-31,0.0257329677177069
LLY.N,2012-11-30,0.0189132157616381
LLY.N,2012-12-31,0.0057096248069876
LLY.N,2013-01-31,0.0886050283932691
LLY.N,2013-02-28,0.0274014970578214
LLY.N,2013-03-28,0.0389681668370243
LLY.N,2013-04-30,-0.0248283148328191
LLY.N,2013-05-31,-0.0316678886771806
LLY.N,2013-06-28,-0.0759969902019348
LLY.N,2013-07-31,0.0812296417004941
LLY.N,2013-08-30,-0.0235688090131904
LLY.N,2013-09-30,-0.0208171206279816
LLY.N,2013-10-31,-0.0101331214014693
LLY.N,2013-11-29,0.017800104107883
LLY.N,2013-12-31,0.015531660694756
LLY.N,2014-01-31,0.0590196078472478
LLY.N,2014-02-28,0.113827139882238
LLY.N,2014-03-31,-0.0125817815968912
LLY.N,2014-04-30,0.0040774719628273
LLY.N,2014-05-30,0.0211257357028769
LLY.N,2014-06-30,0.0385900434212354
LLY.N,2014-07-31,-0.0178542705667529
LLY.N,2014-08-29,0.0493615921375494
LLY.N,2014-09-30,0.0202957835012789
LLY.N,2014-10-31,0.0228218966785112
LLY.N,2014-11-28,0.0344525014562027
LLY.N,2014-12-31,0.01277157956922
LLY.N,2015-01-30,0.0436295115241545
LLY.N,2015-02-27,-0.0184503812515578
LLY.N,2015-03-31,0.0353427390520222
LLY.N,2015-04-30,-0.0107364074197828
LLY.N,2015-05-29,0.105328609279921
LLY.N,2015-06-30,0.0581749049308398
LLY.N,2015-07-31,0.0122170319432542
LLY.N,2015-08-31,-0.0197157323448207
LLY.N,2015-09-30,0.0162720097021263
LLY.N,2015-10-30,-0.0253315808569952
LLY.N,2015-11-30,0.0120432233143983
LLY.N,2015-12-31,0.0270599707519077
LLY.N,2016-01-29,-0.0612390220763824
LLY.N,2016-02-29,-0.0834066773954197
LLY.N,2016-03-31,0.0001388889008779
LLY.N,2016-04-29,0.0488820997198553
LLY.N,2016-05-31,1.913704307688e-05
LLY.N,2016-06-30,0.0495801679496914
LLY.N,2016-07-29,0.0525714285608034
LLY.N,2016-08-31,-0.0560717725169234
LLY.N,2016-09-30,0.0322829582052515
LLY.N,2016-10-31,-0.0799900324133512
LLY.N,2016-11-30,-0.0850899667637308
LLY.N,2016-12-30,0.0957985697203627
LLY.N,2017-01-31,0.047314751863748
LLY.N,2017-02-28,0.0822238007233935
LLY.N,2017-03-31,0.0156985871165274
LLY.N,2017-04-28,-0.0243728450817904
LLY.N,2017-05-31,-0.0240581697874982
LLY.N,2017-06-30,0.0343094131199326
LLY.N,2017-07-31,0.004374240574223
LLY.N,2017-08-31,-0.0102722344088624
LLY.N,2017-09-29,0.0522819535021868
LLY.N,2017-10-31,-0.0420855739908469
LLY.N,2017-11-30,0.0394624500452778
LLY.N,2017-12-29,-0.0021266540458628
LLY.N,2018-01-31,-0.0356381719268091
LLY.N,2018-02-28,-0.0474840150019162
LLY.N,2018-03-29,0.0045442742227501
LLY.N,2018-04-30,0.0478221532989553
LLY.N,2018-05-31,0.0562383880638291
LLY.N,2018-06-29,0.0034101599151332
LLY.N,2018-07-31,0.157974920890445
LLY.N,2018-08-31,0.0750948909295075
LLY.N,2018-09-28,0.0157122574640549
LLY.N,2018-10-31,0.0105302394990658
LLY.N,2018-11-30,0.0996655434819649
LLY.N,2018-12-31,-0.0246122724356151
LLY.N,2019-01-31,0.0357760110632059
LLY.N,2019-02-28,0.0592740910031759
LLY.N,2019-03-29,0.0274764431233989
LLY.N,2019-04-30,-0.098027127009049
LLY.N,2019-05-31,-0.0039248564641806
LLY.N,2019-06-28,-0.0444195273478155
LLY.N,2019-07-31,-0.0166079971308625
LLY.N,2019-08-30,0.0429616633913736
LLY.N,2019-09-30,-0.0100911746649558
LLY.N,2019-10-31,0.01895734598404
LLY.N,2019-11-29,0.0358008879131406
LLY.N,2019-12-31,0.1199829569702849
LLY.N,2020-01-31,0.0624667123138528
LLY.N,2020-02-28,-0.092035059735206
LLY.N,2020-03-31,0.0998176484558786
LLY.N,2020-04-30,0.1147635525006059
LLY.N,2020-05-29,-0.0063073630797642
LLY.N,2020-06-30,0.0734226871478436
LLY.N,2020-07-31,-0.0846022658031687
LLY.N,2020-08-31,-0.0077861519430864
LLY.N,2020-09-30,-0.0024934294802918
LLY.N,2020-10-30,-0.1186326171928049
LLY.N,2020-11-30,0.1222922095050249
LLY.N,2020-12-31,0.159217301741482
LLY.N,2021-01-29,0.2317578772797439
LLY.N,2021-02-26,-0.0106760952774224
LLY.N,2021-03-31,-0.0881936649177442
LLY.N,2021-04-30,-0.0216786211386479
LLY.N,2021-05-28,0.0976141025170754
LLY.N,2021-06-30,0.149093821961263
LLY.N,2021-07-30,0.0609097246463177
LLY.N,2021-08-31,0.0641613487496195
LLY.N,2021-09-30,-0.105462851815481
LLY.N,2021-10-29,0.102618480852815
LLY.N,2021-11-30,-0.0231904809666129
LLY.N,2021-12-31,0.1136107079469559
LLY.N,2022-01-31,-0.11161393094085
LLY.N,2022-02-28,0.0228359815328694
LLY.N,2022-03-31,0.145709141807301
LLY.N,2022-04-29,0.0201138387242601
LLY.N,2022-05-31,0.0765525307675918
LLY.N,2022-06-30,0.0344244512567822
LLY.N,2022-07-29,0.0168398976120156
LLY.N,2022-08-31,-0.0834171184919114
LLY.N,2022-09-30,0.0734322610622362
LLY.N,2022-10-31,0.119808257316433
LLY.N,2022-11-30,0.0276487619605155
LLY.N,2022-12-30,-0.0141209442831562
LLY.N,2023-01-31,-0.0592882134089179
LLY.N,2023-02-28,-0.0927448785544832
LLY.N,2023-03-31,0.103463787679524
LLY.N,2023-04-28,0.152699318637991
LLY.N,2023-05-31,0.0877003801353045
LLY.N,2023-06-30,0.0920225399318511
LLY.N,2023-07-31,-0.0307689027381811
LLY.N,2023-08-31,0.221788639346607
LLY.N,2023-09-29,-0.0308011548213193
LLY.N,2023-10-31,0.031277344371321
LLY.N,2023-11-30,0.0689679337766789
LLY.N,2023-12-29,-0.0137384948615551
LLY.N,2024-01-31,0.107544774564712
BRO.N,2000-01-31,-0.104404567711069
BRO.N,2000-02-29,-0.0350861174587069
BRO.N,2000-03-31,0.172348484837304
BRO.N,2000-04-28,0.0371567043753389
BRO.N,2000-05-31,0.165746792785949
BRO.N,2000-06-30,0.115281501345515
BRO.N,2000-07-31,-0.0769230769068637
BRO.N,2000-08-31,0.114841687279962
BRO.N,2000-09-29,0.1920374706922299
BRO.N,2000-10-31,0.0216110019681774
BRO.N,2000-11-30,-0.0247606837350534
BRO.N,2000-12-29,0.106719367571283
BRO.N,2001-01-31,-0.0157142857242319
BRO.N,2001-02-28,0.134518097122689
BRO.N,2001-03-30,-0.1269230769102519
BRO.N,2001-04-30,0.245227606451092
BRO.N,2001-05-31,-0.0337501273101811
BRO.N,2001-06-29,0.0266503667406428
BRO.N,2001-07-31,0.1514646344488
BRO.N,2001-08-31,-0.0837944524696981
BRO.N,2001-09-28,0.177933529277405
BRO.N,2001-10-31,0.1017274472192499
BRO.N,2001-11-30,0.016240650404223
BRO.N,2001-12-31,-0.0624999999947011
BRO.N,2002-01-31,0.272893772917701
BRO.N,2002-02-28,0.0077376662580206
BRO.N,2002-03-28,-0.102087503568905
BRO.N,2002-04-30,0.0573248407530821
BRO.N,2002-05-31,0.0752127813562398
BRO.N,2002-06-28,-0.116409537166315
BRO.N,2002-07-31,-0.0866666666637432
BRO.N,2002-08-30,0.0185322085981039
BRO.N,2002-09-30,0.0256410256349164
BRO.N,2002-10-31,0.0133333333477446
BRO.N,2002-11-29,0.134517178985596
BRO.N,2002-12-31,-0.0610110400809406
BRO.N,2003-01-31,-0.0785891089184119
BRO.N,2003-02-28,-0.030384606347441
BRO.N,2003-03-31,0.0863983344805025
BRO.N,2003-04-30,0.1424465027231559
BRO.N,2003-05-30,-0.007336735988847
BRO.N,2003-06-30,-0.0832157968824352
BRO.N,2003-07-31,-0.0461538461329614
BRO.N,2003-08-29,0.0018815445229161
BRO.N,2003-09-30,-0.0070967741737566
BRO.N,2003-10-31,-0.0107212475524666
BRO.N,2003-11-28,0.0352003455749246
BRO.N,2003-12-31,0.0368839427552003
BRO.N,2004-01-30,0.0628641520916111
BRO.N,2004-02-27,0.0667570686424426
BRO.N,2004-03-31,0.0504065040647694
BRO.N,2004-04-30,0.0064499483754976
BRO.N,2004-05-28,0.0266679462152286
BRO.N,2004-06-30,0.0780390195132772
BRO.N,2004-07-30,-0.0134570765805174
BRO.N,2004-08-31,0.0577145486913655
BRO.N,2004-09-30,0.0178173719258761
BRO.N,2004-10-29,-0.0862144419990005
BRO.N,2004-11-30,-0.0271272843532612
BRO.N,2004-12-31,0.0739827373341351
BRO.N,2005-01-31,-0.0048220436411108
BRO.N,2005-02-28,0.072584373561394
BRO.N,2005-03-31,-0.0066810344818776
BRO.N,2005-04-29,-0.0507702321365304
BRO.N,2005-05-31,0.0203527591173362
BRO.N,2005-06-30,0.0085278276400999
BRO.N,2005-07-29,-0.0360480640814738
BRO.N,2005-08-31,0.0978260869580491
BRO.N,2005-09-30,0.0467663787477262
BRO.N,2005-10-31,0.095391426826392
BRO.N,2005-11-30,0.0741763298112608
BRO.N,2005-12-30,0.046607265241174
BRO.N,2006-01-31,-0.0592665356802056
BRO.N,2006-02-28,0.0903268922323379
BRO.N,2006-03-31,0.0617204988992479
BRO.N,2006-04-28,-0.059337349403913
BRO.N,2006-05-31,-0.0227740119831968
BRO.N,2006-06-30,-0.0410239579850403
BRO.N,2006-07-31,0.0742642025830052
BRO.N,2006-08-31,-0.0446546568172927
BRO.N,2006-09-29,0.0207080828326038
BRO.N,2006-10-31,-0.0425392669937527
BRO.N,2006-11-30,-0.0068345626677571
BRO.N,2006-12-29,-0.0272413792930445
BRO.N,2007-01-31,0.0038993265129576
BRO.N,2007-02-28,-0.0039240576952096
BRO.N,2007-03-30,-0.0390763765864514
BRO.N,2007-04-30,-0.0480591497256549
BRO.N,2007-05-31,0.0143547133121524
BRO.N,2007-06-29,-0.0353031466118116
BRO.N,2007-07-31,0.0222752585414179
BRO.N,2007-08-31,0.0498220422805031
BRO.N,2007-09-28,-0.0230312035704939
BRO.N,2007-10-31,-0.0422053231926932
BRO.N,2007-11-30,-0.0206145817363562
BRO.N,2007-12-31,-0.0447154471664937
BRO.N,2008-01-31,-0.0421276595571
BRO.N,2008-02-29,-0.20552074907258
BRO.N,2008-03-31,-0.0252383623120309
BRO.N,2008-04-30,0.104718066739087
BRO.N,2008-05-30,0.0177423535340624
BRO.N,2008-06-30,-0.10683102206898
BRO.N,2008-07-31,0.0103507763250779
BRO.N,2008-08-29,0.161137576221563
BRO.N,2008-09-30,0.0639763779538998
BRO.N,2008-10-31,-0.0508788159098107
BRO.N,2008-11-28,-0.026817231191554
BRO.N,2008-12-31,0.0502512562907138
BRO.N,2009-01-30,-0.0846889952073271
BRO.N,2009-02-27,-0.114774879155624
BRO.N,2009-03-31,0.12092471844194
BRO.N,2009-04-30,0.0290851401547172
BRO.N,2009-05-29,-0.005250482049914
BRO.N,2009-06-30,0.0337136929432729
BRO.N,2009-07-31,-0.0376317109752018
BRO.N,2009-08-31,0.039951336407321
BRO.N,2009-09-30,-0.0357322596749603
BRO.N,2009-10-30,-0.041231732793752
BRO.N,2009-11-30,-0.0241874268341664
BRO.N,2009-12-31,0.0067226890579186
BRO.N,2010-01-29,-0.0205898719961746
BRO.N,2010-02-26,-0.0423950428636085
BRO.N,2010-03-31,0.0679380214800842
BRO.N,2010-04-30,0.1238839285774369
BRO.N,2010-05-28,-0.0230692842388103
BRO.N,2010-06-30,-0.0234693877613424
BRO.N,2010-07-30,0.0459770115008731
BRO.N,2010-08-31,-0.0452877142728237
BRO.N,2010-09-30,0.0603991596619815
BRO.N,2010-10-29,0.104011887078774
BRO.N,2010-11-30,0.0297130189949513
BRO.N,2010-12-31,0.0467861827654414
BRO.N,2011-01-31,0.0375939849654323
BRO.N,2011-02-28,0.0557350565157713
BRO.N,2011-03-31,-0.0130068860119636
BRO.N,2011-04-29,0.0019379845073992
BRO.N,2011-05-31,0.0240950539044726
BRO.N,2011-06-30,-0.0276619931772374
BRO.N,2011-07-29,-0.15003897116767
BRO.N,2011-08-31,-0.0324875183285295
BRO.N,2011-09-30,-0.152784388385513
BRO.N,2011-10-31,0.245224719117025
BRO.N,2011-11-30,-0.0552536231923163
BRO.N,2011-12-30,0.0848513902216728
BRO.N,2012-01-31,0.0103762192700456
BRO.N,2012-02-29,0.0373134328367257
BRO.N,2012-03-30,0.0063478628858948
BRO.N,2012-04-30,0.134146341479334
BRO.N,2012-05-31,-0.0478022956505659
BRO.N,2012-06-29,0.0652343750009563
BRO.N,2012-07-31,-0.0744407774150505
BRO.N,2012-08-31,0.0430918584309918
BRO.N,2012-09-28,-0.0064786585243272
BRO.N,2012-10-31,-0.0199462984536576
BRO.N,2012-11-30,0.0541409954456114
BRO.N,2012-12-31,-0.0514157972846089
BRO.N,2013-01-31,0.0774036388753543
BRO.N,2013-02-28,0.0972933431040362
BRO.N,2013-03-28,0.0679999999876122
BRO.N,2013-04-30,-0.0299360123715606
BRO.N,2013-05-31,0.0413036463206795
BRO.N,2013-06-28,-0.0009296560224211
BRO.N,2013-07-31,0.0232630272904444
BRO.N,2013-08-30,-0.053542445110025
BRO.N,2013-09-30,0.0308285163620534
BRO.N,2013-10-31,-0.0022531112290115
BRO.N,2013-11-29,-0.0097087378804252
BRO.N,2013-12-31,-0.0072738772905741
BRO.N,2014-01-31,0.0031857279594274
BRO.N,2014-02-28,-0.041025420198807
BRO.N,2014-03-31,0.0219269103118756
BRO.N,2014-04-30,-0.0318595578708116
BRO.N,2014-05-30,0.0171855916046895
BRO.N,2014-06-30,0.0172242464292944
BRO.N,2014-07-31,0.0022793878263576
BRO.N,2014-08-29,0.0632549024413307
BRO.N,2014-09-30,-0.0144083384426766
BRO.N,2014-10-31,-0.0055684198615207
BRO.N,2014-11-28,0.0106716886382516
BRO.N,2014-12-31,0.0220496894689388
BRO.N,2015-01-30,-0.0625949559578138
BRO.N,2015-02-27,0.0454567880806476
BRO.N,2015-03-31,0.0301804604893766
BRO.N,2015-04-30,-0.0317124735713046
BRO.N,2015-05-29,0.0137715179905125
BRO.N,2015-06-30,0.0145106514304938
BRO.N,2015-07-31,0.0179549604164007
BRO.N,2015-08-31,-0.0384186578205952
BRO.N,2015-09-30,-0.0339987523615906
BRO.N,2015-10-30,0.0419761058966734
BRO.N,2015-11-30,0.0096909467749664
BRO.N,2015-12-31,-0.0110905730222791
BRO.N,2016-01-29,-0.0576323987546186
BRO.N,2016-02-29,0.0723933038170939
BRO.N,2016-03-31,0.108016094076536
BRO.N,2016-04-29,-0.0192737430216459
BRO.N,2016-05-31,0.0306392183083612
BRO.N,2016-06-30,0.0391014974839983
BRO.N,2016-07-29,-0.0216172938512834
BRO.N,2016-08-31,0.0254926639066365
BRO.N,2016-09-30,0.0064051241082678
BRO.N,2016-10-31,-0.0189458599596067
BRO.N,2016-11-30,0.176071622375312
BRO.N,2016-12-30,0.0348327566341628
BRO.N,2017-01-31,-0.0608559964379911
BRO.N,2017-02-28,0.0263161840843367
BRO.N,2017-03-31,-0.0320185615313583
BRO.N,2017-04-28,0.0282837967408802
BRO.N,2017-05-31,0.0155318950708161
BRO.N,2017-06-30,-0.0082892010093064
BRO.N,2017-07-31,0.0355235662899904
BRO.N,2017-08-31,0.0111724480401735
BRO.N,2017-09-29,0.0718416370432207
BRO.N,2017-10-31,0.0373811439648326
BRO.N,2017-11-30,0.0282905297185349
BRO.N,2017-12-29,0.0040975609721829
BRO.N,2018-01-31,0.0198212203769332
BRO.N,2018-02-28,0.0058774572603037
BRO.N,2018-03-29,-0.0334346504443277
BRO.N,2018-04-30,0.0703616352232888
BRO.N,2018-05-31,0.0229908243200398
BRO.N,2018-06-29,-0.001799856017552
BRO.N,2018-07-31,0.0551749008282734
BRO.N,2018-08-31,0.0443372550318766
BRO.N,2018-09-28,-0.0298556430515799
BRO.N,2018-10-31,-0.0442920223061853
BRO.N,2018-11-30,0.0298083747562161
BRO.N,2018-12-31,-0.050310130939084
BRO.N,2019-01-31,-0.0145137881089026
BRO.N,2019-02-28,0.0936847466338568
BRO.N,2019-03-29,-0.0037137069559932
BRO.N,2019-04-30,0.0759064723832024
BRO.N,2019-05-31,-0.0031865679622881
BRO.N,2019-06-28,0.0611339879598828
BRO.N,2019-07-31,0.0725373134121257
BRO.N,2019-08-30,0.0290008504240744
BRO.N,2019-09-30,-0.0224993223095176
BRO.N,2019-10-31,0.0449251248248357
BRO.N,2019-11-29,0.0038541885282241
BRO.N,2019-12-31,0.0461049284306998
BRO.N,2020-01-31,0.137284701136627
BRO.N,2020-02-28,-0.0403300140425222
BRO.N,2020-03-31,-0.157870262735536
BRO.N,2020-04-30,-0.0085588072634899
BRO.N,2020-05-29,0.121996036197798
BRO.N,2020-06-30,0.0139303482645956
BRO.N,2020-07-31,0.115554465148412
BRO.N,2020-08-31,0.0223610641807279
BRO.N,2020-09-30,-0.0243534482829986
BRO.N,2020-10-30,-0.0388778440606039
BRO.N,2020-11-30,0.0370945032791177
BRO.N,2020-12-31,0.0528536531225638
BRO.N,2021-01-29,-0.0911200168638585
BRO.N,2021-02-26,0.0674563030138786
BRO.N,2021-03-31,-0.0041394335653557
BRO.N,2021-04-30,0.163421570782194
BRO.N,2021-05-28,-0.0107092090688565
BRO.N,2021-06-30,0.0118050266516982
BRO.N,2021-07-30,0.0237109521792955
BRO.N,2021-08-31,0.0688945009628923
BRO.N,2021-09-30,-0.0447889750345392
BRO.N,2021-10-29,0.138142470709888
BRO.N,2021-11-30,0.0222665995654785
BRO.N,2021-12-31,0.0911349169654201
BRO.N,2022-01-31,-0.0569151963486596
BRO.N,2022-02-28,0.0216353647052365
BRO.N,2022-03-31,0.0689247152717507
BRO.N,2022-04-29,-0.142382731427112
BRO.N,2022-05-31,-0.0404245118820313
BRO.N,2022-06-30,-0.0173488293722724
BRO.N,2022-07-29,0.115872471726547
BRO.N,2022-08-31,-0.0301287209163601
BRO.N,2022-09-30,-0.0406091370467266
BRO.N,2022-10-31,-0.0279431217019853
BRO.N,2022-11-30,0.0155952226152107
BRO.N,2022-12-30,-0.0439671085759874
BRO.N,2023-01-31,0.0279094260098609
BRO.N,2023-02-28,-0.0406434010568566
BRO.N,2023-03-31,0.0240770465394383
BRO.N,2023-04-28,0.1213862765842979
BRO.N,2023-05-31,-0.0302880460129351
BRO.N,2023-06-30,0.104444087914334
BRO.N,2023-07-31,0.0233875653613577
BRO.N,2023-08-31,0.0535318631982944
BRO.N,2023-09-29,-0.0574898785256575
BRO.N,2023-10-31,-0.0041523482091929
BRO.N,2023-11-30,0.0766349754859026
BRO.N,2023-12-29,-0.0485683703761667
BRO.N,2024-01-31,0.0907045422618356
PCG.N,2000-01-31,0.0701219512009199
PCG.N,2000-02-29,-0.0598290598355273
PCG.N,2000-03-31,0.032814371238927
PCG.N,2000-04-28,0.235119047603779
PCG.N,2000-05-31,1.444134e-11
PCG.N,2000-06-30,-0.0397262558645302
PCG.N,2000-07-31,0.0507614213091645
PCG.N,2000-08-31,0.118357487931502
PCG.N,2000-09-29,-0.155874507366543
PCG.N,2000-10-31,0.113695090454524
PCG.N,2000-11-30,0.018561484924174
PCG.N,2000-12-29,-0.26074949101043
PCG.N,2001-01-31,-0.28750000001393
PCG.N,2001-02-28,-0.0203508772024002
PCG.N,2001-03-30,-0.108166189117943
PCG.N,2001-04-30,-0.279518072302207
PCG.N,2001-05-31,0.270903010028013
PCG.N,2001-06-29,-0.0175438596587938
PCG.N,2001-07-31,0.327678571434398
PCG.N,2001-08-31,0.10289172829722
PCG.N,2001-09-28,-0.0731707317100234
PCG.N,2001-10-31,0.188157894760472
PCG.N,2001-11-30,0.0132890365656264
PCG.N,2001-12-31,0.0513661202181965
PCG.N,2002-01-31,0.117463617450043
PCG.N,2002-02-28,-0.0134883721058131
PCG.N,2002-03-28,0.110796793975972
PCG.N,2002-04-30,-0.0025466892958847
PCG.N,2002-05-31,-0.0851063829661898
PCG.N,2002-06-28,-0.167906976740271
PCG.N,2002-07-31,-0.223029625484964
PCG.N,2002-08-30,-0.183453237428166
PCG.N,2002-09-30,-0.0079295154170318
PCG.N,2002-10-31,-0.0364120781308895
PCG.N,2002-11-29,0.272811059918751
PCG.N,2002-12-31,0.0065170166799044
PCG.N,2003-01-31,-0.0071942445860747
PCG.N,2003-02-28,-0.076086956520148
PCG.N,2003-03-31,0.0549019607695305
PCG.N,2003-04-30,0.1137546468343009
PCG.N,2003-05-30,0.134846461974999
PCG.N,2003-06-30,0.2441176470441849
PCG.N,2003-07-31,0.0141843971484963
PCG.N,2003-08-29,0.0335664335794241
PCG.N,2003-09-30,0.0780333784355427
PCG.N,2003-10-31,0.0230125523065495
PCG.N,2003-11-28,0.0274028629814915
PCG.N,2003-12-31,0.1054936305561519
PCG.N,2004-01-30,-0.0331292761921047
PCG.N,2004-02-27,0.0491620111652697
PCG.N,2004-03-31,0.0283990060420896
PCG.N,2004-04-30,-0.0500517777045881
PCG.N,2004-05-28,0.0356104651267588
PCG.N,2004-06-30,-0.0196491228294908
PCG.N,2004-07-30,0.0214745884253458
PCG.N,2004-08-31,0.0227750525638175
PCG.N,2004-09-30,0.0414525522157982
PCG.N,2004-10-29,0.0539473684144878
PCG.N,2004-11-30,0.0380774032327131
PCG.N,2004-12-31,0.0006013228869585
PCG.N,2005-01-31,0.0516826922981444
PCG.N,2005-02-28,0.0051428571277027
PCG.N,2005-03-31,-0.0219851398267561
PCG.N,2005-04-29,0.0181818181866624
PCG.N,2005-05-31,0.0302419354450409
PCG.N,2005-06-30,0.0578966187194954
PCG.N,2005-07-29,0.00239744272995
PCG.N,2005-08-31,-0.0029231995759151
PCG.N,2005-09-30,0.0540518607723797
PCG.N,2005-10-31,-0.0731210191105499
PCG.N,2005-11-30,0.0109950522309951
PCG.N,2005-12-30,0.0182479546403642
PCG.N,2006-01-31,0.0051185344870767
PCG.N,2006-02-28,0.0198338247175196
PCG.N,2006-03-31,0.0308542188892653
PCG.N,2006-04-28,0.0241645244212361
PCG.N,2006-05-31,-0.0040160642336105
PCG.N,2006-06-30,-0.0016633973373683
PCG.N,2006-07-31,0.0610997963360981
PCG.N,2006-08-31,0.0059980806018751
PCG.N,2006-09-29,0.0011083397253466
PCG.N,2006-10-31,0.0357743097077849
PCG.N,2006-11-30,0.0646731571628327
PCG.N,2006-12-29,0.0376013258160339
PCG.N,2007-01-31,-0.0137333614954934
PCG.N,2007-02-28,-0.0055698371835353
PCG.N,2007-03-30,0.0475561300252287
PCG.N,2007-04-30,0.0482701470853262
PCG.N,2007-05-31,-0.0264822134329893
PCG.N,2007-06-29,-0.0730654393145146
PCG.N,2007-07-31,-0.0549668874175444
PCG.N,2007-08-31,0.0394767577852932
PCG.N,2007-09-28,0.0821684206088147
PCG.N,2007-10-31,0.0236401673745537
PCG.N,2007-11-30,-0.0543633762533363
PCG.N,2007-12-31,-0.0610057502860287
PCG.N,2008-01-31,-0.0475748433495853
PCG.N,2008-02-29,-0.0823586744611319
PCG.N,2008-03-31,-0.0119321146624581
PCG.N,2008-04-30,0.0863661053928118
PCG.N,2008-05-30,-0.0102499999997352
PCG.N,2008-06-30,0.0126080228349119
PCG.N,2008-07-31,-0.0292265054087765
PCG.N,2008-08-29,0.0726706462687385
PCG.N,2008-09-30,-0.0846661462585715
PCG.N,2008-10-31,-0.0208277703797112
PCG.N,2008-11-28,0.0373602399744219
PCG.N,2008-12-31,0.0280624618913663
PCG.N,2009-01-30,-0.0010333246913183
PCG.N,2009-02-27,-0.0116369278308259
PCG.N,2009-03-31,0.0108247422709875
PCG.N,2009-04-30,-0.0287807430566758
PCG.N,2009-05-29,-0.0110452586325996
PCG.N,2009-06-30,0.0587118184110589
PCG.N,2009-07-31,0.0502081165462422
PCG.N,2009-08-31,0.0054495912840117
PCG.N,2009-09-30,0.0077649830982133
PCG.N,2009-10-30,0.0098789824547216
PCG.N,2009-11-30,0.0354609928950722
PCG.N,2009-12-31,0.0642991444207082
PCG.N,2010-01-29,-0.0539753639533506
PCG.N,2010-02-26,-0.0075757575852127
PCG.N,2010-03-31,0.0226826083042739
PCG.N,2010-04-30,0.0325318246017344
PCG.N,2010-05-28,-0.0525114155346471
PCG.N,2010-06-30,0.0011082728248346
PCG.N,2010-07-30,0.0802919708111527
PCG.N,2010-08-31,0.0531531531267525
PCG.N,2010-09-30,-0.0189542038528536
PCG.N,2010-10-29,0.0528401585305911
PCG.N,2010-11-30,-0.0186114596602697
PCG.N,2010-12-31,0.0290737281462866
PCG.N,2011-01-31,-0.0326086956682173
PCG.N,2011-02-28,-0.0047536732948794
PCG.N,2011-03-31,-0.0307973051698887
PCG.N,2011-04-29,0.0430058850370034
PCG.N,2011-05-31,-0.0585937499949667
PCG.N,2011-06-30,-0.0204694441028496
PCG.N,2011-07-29,-0.0142755175001933
PCG.N,2011-08-31,0.02220613081733
PCG.N,2011-09-30,0.0096837398408076
PCG.N,2011-10-31,0.0139446939235575
PCG.N,2011-11-30,-0.094638694656345
PCG.N,2011-12-30,0.0730978675451518
PCG.N,2012-01-31,-0.0135856380380254
PCG.N,2012-02-29,0.0250860796873948
PCG.N,2012-03-30,0.0525633103883416
PCG.N,2012-04-30,0.0177378484232533
PCG.N,2012-05-31,-0.0108646446318165
PCG.N,2012-06-29,0.0464197984192756
PCG.N,2012-07-31,0.019659818843587
PCG.N,2012-08-31,-0.059575389942882
PCG.N,2012-09-28,-0.0065010496031002
PCG.N,2012-10-31,-0.0035153503793204
PCG.N,2012-11-30,-0.0369238005523153
PCG.N,2012-12-31,-0.0076478854603257
PCG.N,2013-01-31,0.061224489787109
PCG.N,2013-02-28,-1.968492e-11
PCG.N,2013-03-28,0.0551905207452743
PCG.N,2013-04-30,0.0878059734795091
PCG.N,2013-05-31,-0.0728736581404572
PCG.N,2013-06-28,0.0286398225013269
PCG.N,2013-07-31,0.0034987972849815
PCG.N,2013-08-30,-0.0987143168507581
PCG.N,2013-09-30,0.0003305026551709
PCG.N,2013-10-31,0.0227272727294052
PCG.N,2013-11-29,-0.0353643966474549
PCG.N,2013-12-31,0.0090413673485443
PCG.N,2014-01-31,0.0464250248357139
PCG.N,2014-02-28,0.0453143534915268
PCG.N,2014-03-31,-0.0092961310546984
PCG.N,2014-04-30,0.0550925925712613
PCG.N,2014-05-30,0.0063624396712718
PCG.N,2014-06-30,0.0569632583706128
PCG.N,2014-07-31,-0.0697625989119226
PCG.N,2014-08-29,0.0405193642243362
PCG.N,2014-09-30,-0.0210328808654382
PCG.N,2014-10-31,0.117229129607493
PCG.N,2014-11-28,0.0035771065204532
PCG.N,2014-12-31,0.0629821825344743
PCG.N,2015-01-30,0.1046205860177929
PCG.N,2015-02-27,-0.0863798673683382
PCG.N,2015-03-31,-0.003642783993196
PCG.N,2015-04-30,-0.002826455644183
PCG.N,2015-05-29,0.0103930461098016
PCG.N,2015-06-30,-0.0733213569579613
PCG.N,2015-07-31,0.0694501018457934
PCG.N,2015-08-31,-0.0557988954675367
PCG.N,2015-09-30,0.0742620244335093
PCG.N,2015-10-30,0.0113636363496157
PCG.N,2015-11-30,-0.012546816484636
PCG.N,2015-12-31,0.0172531287525918
PCG.N,2016-01-29,0.0323369054471125
PCG.N,2016-02-29,0.0331451465799888
PCG.N,2016-03-31,0.0607980639314865
PCG.N,2016-04-29,-0.0254521098495488
PCG.N,2016-05-31,0.0323024055071672
PCG.N,2016-06-30,0.0722692393027313
PCG.N,2016-07-29,0.0003128910857275
PCG.N,2016-08-31,-0.0312793243375115
PCG.N,2016-09-30,-0.0046739530081261
PCG.N,2016-10-31,0.0155304887961189
PCG.N,2016-11-30,-0.0534449452435498
PCG.N,2016-12-30,0.0419324403998542
PCG.N,2017-01-31,0.0184301464682548
PCG.N,2017-02-28,0.0785264178467955
PCG.N,2017-03-31,0.0014683806188
PCG.N,2017-04-28,0.0103978300310321
PCG.N,2017-05-31,0.0198359433322046
PCG.N,2017-06-30,-0.0216120956228743
PCG.N,2017-07-31,0.0198885038349263
PCG.N,2017-08-31,0.0397399911208476
PCG.N,2017-09-29,-0.0250026778206864
PCG.N,2017-10-31,-0.151564106325475
PCG.N,2017-11-30,-0.0611043794465358
PCG.N,2017-12-29,-0.173488200600098
PCG.N,2018-01-31,-0.0535355788383002
PCG.N,2018-02-28,-0.031581428236293
PCG.N,2018-03-29,0.069116573369705
PCG.N,2018-04-30,0.0493967675810918
PCG.N,2018-05-31,-0.0600867679087816
PCG.N,2018-06-29,-0.0177705977637979
PCG.N,2018-07-31,0.0122180451059293
PCG.N,2018-08-31,0.0719591457713977
PCG.N,2018-09-28,-0.0036812472882372
PCG.N,2018-10-31,0.0173875244603474
PCG.N,2018-11-30,-0.436445204010936
PCG.N,2018-12-31,-0.099696739959501
PCG.N,2019-01-31,-0.452631578948673
PCG.N,2019-02-28,0.309999999986695
PCG.N,2019-03-29,0.0452143276806707
PCG.N,2019-04-30,0.265168539368606
PCG.N,2019-05-31,-0.240674955600051
PCG.N,2019-06-28,0.3403508771818759
PCG.N,2019-07-31,-0.208987783600403
PCG.N,2019-08-30,-0.4236072807605899
PCG.N,2019-09-30,-0.0430622009727666
PCG.N,2019-10-31,-0.382999999996354
PCG.N,2019-11-29,0.209076175068287
PCG.N,2019-12-31,0.457104557637757
PCG.N,2020-01-31,0.399264029438946
PCG.N,2020-02-28,0.0190664036929125
PCG.N,2020-03-31,-0.419999999981652
PCG.N,2020-04-30,0.183537263633312
PCG.N,2020-05-29,0.114661654122733
PCG.N,2020-06-30,-0.252107925797453
PCG.N,2020-07-31,0.0541149943555608
PCG.N,2020-08-31,-0.0096256684410437
PCG.N,2020-09-30,0.0140388768941408
PCG.N,2020-10-30,0.0181043663389011
PCG.N,2020-11-30,0.328451882839079
PCG.N,2020-12-31,-0.0188976377880654
PCG.N,2021-01-29,-0.0826645264917312
PCG.N,2021-02-26,-0.0804899387690563
PCG.N,2021-03-31,0.1141769742844149
PCG.N,2021-04-30,-0.0333048676129171
PCG.N,2021-05-28,-0.104240282679279
PCG.N,2021-06-30,0.0029585798931308
PCG.N,2021-07-30,-0.135693215329183
PCG.N,2021-08-31,0.0432309442411771
PCG.N,2021-09-30,0.0468920392683226
PCG.N,2021-10-29,0.208333333296072
PCG.N,2021-11-30,0.0241379310613392
PCG.N,2021-12-31,0.02188552189854
PCG.N,2022-01-31,0.0535420098822845
PCG.N,2022-02-28,-0.111024237686003
PCG.N,2022-03-31,0.0501319261508653
PCG.N,2022-04-29,0.0594639865637462
PCG.N,2022-05-31,-0.0355731225378193
PCG.N,2022-06-30,-0.181967213105782
PCG.N,2022-07-29,0.0881763527230788
PCG.N,2022-08-31,0.135359116040242
PCG.N,2022-09-30,0.0137875101165502
PCG.N,2022-10-31,0.19440000000148
PCG.N,2022-11-30,0.0515740120838979
PCG.N,2022-12-30,0.0356687898045309
PCG.N,2023-01-31,-0.0221402213978957
PCG.N,2023-02-28,-0.0176100628972042
PCG.N,2023-03-31,0.0352112675962442
PCG.N,2023-04-28,0.0581323438551681
PCG.N,2023-05-31,-0.0099357101345921
PCG.N,2023-06-30,0.0200708382226698
PCG.N,2023-07-31,0.0190972222268397
PCG.N,2023-08-31,-0.0743895513644154
PCG.N,2023-09-29,-0.0104294478627311
PCG.N,2023-10-31,0.010539367664806
PCG.N,2023-11-30,0.053374233138366
PCG.N,2023-12-29,0.0506684836134432
PCG.N,2024-01-31,-0.0643372157458786
FFIV.OQ,2000-01-31,-0.175438596496768
FFIV.OQ,2000-02-29,-0.0425531914963984
FFIV.OQ,2000-03-31,-0.247222222235616
FFIV.OQ,2000-04-28,-0.31088560885886
FFIV.OQ,2000-05-31,-0.309236947794065
FFIV.OQ,2000-06-30,0.691860465136385
FFIV.OQ,2000-07-31,-0.171821305840559
FFIV.OQ,2000-08-31,0.283540802216224
FFIV.OQ,2000-09-29,-0.413793103444734
FFIV.OQ,2000-10-31,-0.0882352941093113
FFIV.OQ,2000-11-30,-0.197580645147911
FFIV.OQ,2000-12-29,-0.6180904522592651
FFIV.OQ,2001-01-31,0.7894736841916441
FFIV.OQ,2001-02-28,-0.590073529410533
FFIV.OQ,2001-03-30,-0.23318385649224
FFIV.OQ,2001-04-30,0.401637426883469
FFIV.OQ,2001-05-31,0.499332443276294
FFIV.OQ,2001-06-29,0.564559216391859
FFIV.OQ,2001-07-31,-0.168468981209244
FFIV.OQ,2001-08-31,0.0828199862848845
FFIV.OQ,2001-09-28,-0.41340075853463
FFIV.OQ,2001-10-31,0.626077586211803
FFIV.OQ,2001-11-30,0.4797879390112189
FFIV.OQ,2001-12-31,-0.0353784146984022
FFIV.OQ,2002-01-31,0.0854224698178106
FFIV.OQ,2002-02-28,-0.0654405474765192
FFIV.OQ,2002-03-28,0.0636155606344841
FFIV.OQ,2002-04-30,-0.4397590361627649
FFIV.OQ,2002-05-31,-0.0929339477849228
FFIV.OQ,2002-06-28,-0.17188823032062
FFIV.OQ,2002-07-31,0.280163599170485
FFIV.OQ,2002-08-30,-0.001597444090662
FFIV.OQ,2002-09-30,-0.395999999997577
FFIV.OQ,2002-10-31,0.243708609308408
FFIV.OQ,2002-11-29,0.493077742315242
FFIV.OQ,2002-12-31,-0.233951497854443
FFIV.OQ,2003-01-31,0.206703910630122
FFIV.OQ,2003-02-28,0.077932098756136
FFIV.OQ,2003-03-31,-0.0959198281912732
FFIV.OQ,2003-04-30,0.0894695170360111
FFIV.OQ,2003-05-30,0.260901162767522
FFIV.OQ,2003-06-30,-0.0288184438132883
FFIV.OQ,2003-07-31,0.112759643917299
FFIV.OQ,2003-08-29,0.0458666666615666
FFIV.OQ,2003-09-30,-0.0188679245509112
FFIV.OQ,2003-10-31,0.299896049885537
FFIV.OQ,2003-11-28,0.0323870451799747
FFIV.OQ,2003-12-31,-0.0278853601824868
FFIV.OQ,2004-01-30,0.354980079673386
FFIV.OQ,2004-02-27,-0.0270508674106004
FFIV.OQ,2004-03-31,0.0229676639540765
FFIV.OQ,2004-04-30,-0.249630723777377
FFIV.OQ,2004-05-28,0.168897637805805
FFIV.OQ,2004-06-30,-0.108117211172443
FFIV.OQ,2004-07-30,-0.0109516616272129
FFIV.OQ,2004-08-31,-0.0618556701046031
FFIV.OQ,2004-09-30,0.239723239722814
FFIV.OQ,2004-10-29,0.311556139209389
FFIV.OQ,2004-11-30,0.0775969962536232
FFIV.OQ,2004-12-31,0.13170731707101
FFIV.OQ,2005-01-31,-0.016009852211195
FFIV.OQ,2005-02-28,0.149144764284414
FFIV.OQ,2005-03-31,-0.0834997277286766
FFIV.OQ,2005-04-29,-0.152109328576571
FFIV.OQ,2005-05-31,0.196215837408607
FFIV.OQ,2005-06-30,-0.0776215582636816
FFIV.OQ,2005-07-29,-0.107018100989885
FFIV.OQ,2005-08-31,-0.0211000474047046
FFIV.OQ,2005-09-30,0.0527972874630678
FFIV.OQ,2005-10-31,0.196917414333502
FFIV.OQ,2005-11-30,0.015375744755981
FFIV.OQ,2005-12-30,0.0825288661889345
FFIV.OQ,2006-01-31,0.131316663751535
FFIV.OQ,2006-02-28,0.0482225656919355
FFIV.OQ,2006-03-31,0.0688587437411081
FFIV.OQ,2006-04-28,-0.192164436474354
FFIV.OQ,2006-05-31,-0.171448087418582
FFIV.OQ,2006-06-30,0.102225886225802
FFIV.OQ,2006-07-31,-0.133507853387411
FFIV.OQ,2006-08-31,0.0809236080939644
FFIV.OQ,2006-09-29,0.0724695548065743
FFIV.OQ,2006-10-31,0.2321295606829589
FFIV.OQ,2006-11-30,0.130231152748623
FFIV.OQ,2006-12-29,-0.0080203181507949
FFIV.OQ,2007-01-31,-0.0373265058549892
FFIV.OQ,2007-02-28,0.0165173572618549
FFIV.OQ,2007-03-30,-0.0817956485704829
FFIV.OQ,2007-04-30,0.151469706083637
FFIV.OQ,2007-05-31,0.0583485282547991
FFIV.OQ,2007-06-29,-0.0081220772700032
FFIV.OQ,2007-07-31,0.07555831265547
FFIV.OQ,2007-08-31,-0.193217210754378
FFIV.OQ,2007-09-28,0.063482985443043
FFIV.OQ,2007-10-31,-0.031191180429789
FFIV.OQ,2007-11-30,-0.266722175958981
FFIV.OQ,2007-12-31,0.0794852384579292
FFIV.OQ,2008-01-31,-0.174964936865734
FFIV.OQ,2008-02-29,-0.0582235444168598
FFIV.OQ,2008-03-31,-0.1800541516304409
FFIV.OQ,2008-04-30,0.245459548694967
FFIV.OQ,2008-05-30,0.327883340681205
FFIV.OQ,2008-06-30,-0.0542429284548823
FFIV.OQ,2008-07-31,0.0256861365402548
FFIV.OQ,2008-08-29,0.1701543739228539
FFIV.OQ,2008-09-30,-0.314570507190581
FFIV.OQ,2008-10-31,0.0615911034997382
FFIV.OQ,2008-11-28,0.0032232071079729
FFIV.OQ,2008-12-31,-0.0819277108489887
FFIV.OQ,2009-01-30,-0.0301837270295167
FFIV.OQ,2009-02-27,-0.0978800180641525
FFIV.OQ,2009-03-31,0.0474999999749657
FFIV.OQ,2009-04-30,0.301670644391105
FFIV.OQ,2009-05-29,0.164649798331697
FFIV.OQ,2009-06-30,0.0891057934334395
FFIV.OQ,2009-07-31,0.0731425267157237
FFIV.OQ,2009-08-31,-0.0708512931028862
FFIV.OQ,2009-09-30,0.149028703955873
FFIV.OQ,2009-10-30,0.132727731512218
FFIV.OQ,2009-11-30,0.0476720873302938
FFIV.OQ,2009-12-31,0.126514990427421
FFIV.OQ,2010-01-29,-0.067006417510717
FFIV.OQ,2010-02-26,0.128869107828535
FFIV.OQ,2010-03-31,0.10232974910005
FFIV.OQ,2010-04-30,0.112502032189541
FFIV.OQ,2010-05-28,0.0277655998869435
FFIV.OQ,2010-06-30,-0.0250248827144238
FFIV.OQ,2010-07-30,0.280880851666343
FFIV.OQ,2010-08-31,-0.0045542525430661
FFIV.OQ,2010-09-30,0.1873498799018889
FFIV.OQ,2010-10-29,0.133802138531528
FFIV.OQ,2010-11-30,0.12047578589802
FFIV.OQ,2010-12-31,-0.0130421595314653
FFIV.OQ,2011-01-31,-0.1673325138256539
FFIV.OQ,2011-02-28,0.0888540321031235
FFIV.OQ,2011-03-31,-0.130836369788776
FFIV.OQ,2011-04-29,-0.0117968216845987
FFIV.OQ,2011-05-31,0.120560378838659
FFIV.OQ,2011-06-30,-0.0293185420138686
FFIV.OQ,2011-07-29,-0.152108843538485
FFIV.OQ,2011-08-31,-0.126872058174639
FFIV.OQ,2011-09-30,-0.129502572893827
FFIV.OQ,2011-10-31,0.463054187219456
FFIV.OQ,2011-11-30,0.0873496873426807
FFIV.OQ,2011-12-30,-0.0611342121401783
FFIV.OQ,2012-01-31,0.128345269523191
FFIV.OQ,2012-02-29,0.0435944546344249
FFIV.OQ,2012-03-30,0.0800256082173971
FFIV.OQ,2012-04-30,-0.0076318909386139
FFIV.OQ,2012-05-31,-0.227357574863293
FFIV.OQ,2012-06-29,-0.037881716271669
FFIV.OQ,2012-07-31,-0.0620731217398256
FFIV.OQ,2012-08-31,0.0440137074366107
FFIV.OQ,2012-09-28,0.0739563032069592
FFIV.OQ,2012-10-31,-0.212225405911714
FFIV.OQ,2012-11-30,0.135790494661367
FFIV.OQ,2012-12-31,0.0370409905973126
FFIV.OQ,2013-01-31,0.0795676788619073
FFIV.OQ,2013-02-28,-0.0996376811422421
FFIV.OQ,2013-03-28,-0.0566557238231677
FFIV.OQ,2013-04-30,-0.142007184551835
FFIV.OQ,2013-05-31,0.0887086222480451
FFIV.OQ,2013-06-28,-0.173176300920881
FFIV.OQ,2013-07-31,0.275581395327203
FFIV.OQ,2013-08-30,-0.0499088423044943
FFIV.OQ,2013-09-30,0.0285440153607809
FFIV.OQ,2013-10-31,-0.04955690296396
FFIV.OQ,2013-11-29,0.009201324988008
FFIV.OQ,2013-12-31,0.10454655965045
FFIV.OQ,2014-01-31,0.177635923429345
FFIV.OQ,2014-02-28,0.0499065420688474
FFIV.OQ,2014-03-31,-0.0508278440584347
FFIV.OQ,2014-04-30,-0.0136922066864599
FFIV.OQ,2014-05-30,0.0321384425123037
FFIV.OQ,2014-06-30,0.0266236757245316
FFIV.OQ,2014-07-31,0.0103194543961973
FFIV.OQ,2014-08-29,0.103028688154232
FFIV.OQ,2014-09-30,-0.0438843707133282
FFIV.OQ,2014-10-31,0.0357082701587534
FFIV.OQ,2014-11-28,0.0504960156130356
FFIV.OQ,2014-12-31,0.0098691849014749
FFIV.OQ,2015-01-30,-0.144444870271011
FFIV.OQ,2015-02-27,0.0581884966748534
FFIV.OQ,2015-03-31,-0.0268805825021433
FFIV.OQ,2015-04-30,0.0615973551260689
FFIV.OQ,2015-05-29,0.0300770365558369
FFIV.OQ,2015-06-30,-0.0424854801455845
FFIV.OQ,2015-07-31,0.114582467796726
FFIV.OQ,2015-08-31,-0.0949008498538546
FFIV.OQ,2015-09-30,-0.0462070669539394
FFIV.OQ,2015-10-30,-0.0483592400747371
FFIV.OQ,2015-11-30,-0.0653357531836072
FFIV.OQ,2015-12-31,-0.0586407767120028
FFIV.OQ,2016-01-29,-0.0327970297221108
FFIV.OQ,2016-02-29,0.025485178076837
FFIV.OQ,2016-03-31,0.100655089923958
FFIV.OQ,2016-04-29,-0.0103920642403074
FFIV.OQ,2016-05-31,0.0520286395919682
FFIV.OQ,2016-06-30,0.0330308530057159
FFIV.OQ,2016-07-29,0.084153197468443
FFIV.OQ,2016-08-31,-0.0055906660232689
FFIV.OQ,2016-09-30,0.0155626171531227
FFIV.OQ,2016-10-31,0.108873555838287
FFIV.OQ,2016-11-30,0.0183778308594766
FFIV.OQ,2016-12-30,0.0282060390856607
FFIV.OQ,2017-01-31,-0.073866777224204
FFIV.OQ,2017-02-28,0.0689397896002055
FFIV.OQ,2017-03-31,-0.0048858798262562
FFIV.OQ,2017-04-28,-0.0942694816484272
FFIV.OQ,2017-05-31,-0.0077441337992771
FFIV.OQ,2017-06-30,-0.00835089363874
FFIV.OQ,2017-07-31,-0.0496615771984934
FFIV.OQ,2017-08-31,-0.0113457557032176
FFIV.OQ,2017-09-29,0.009884402735276
FFIV.OQ,2017-10-31,0.0058891837949381
FFIV.OQ,2017-11-30,0.106621588183816
FFIV.OQ,2017-12-29,-0.0222056631915563
FFIV.OQ,2018-01-31,0.101508916322529
FFIV.OQ,2018-02-28,0.0275356302572118
FFIV.OQ,2018-03-29,-0.0263264206826596
FFIV.OQ,2018-04-30,0.127791992277909
FFIV.OQ,2018-05-31,0.0614384695453052
FFIV.OQ,2018-06-29,-0.0038126047185045
FFIV.OQ,2018-07-31,-0.0062046969864313
FFIV.OQ,2018-08-31,0.1035126619163959
FFIV.OQ,2018-09-28,0.0544627749510107
FFIV.OQ,2018-10-31,-0.12105104804349
FFIV.OQ,2018-11-30,-0.0188840711760819
FFIV.OQ,2018-12-31,-0.0578007792089739
FFIV.OQ,2019-01-31,-0.006665432303493
FFIV.OQ,2019-02-28,0.0446722584664259
FFIV.OQ,2019-03-29,-0.0666706316021758
FFIV.OQ,2019-04-30,-0.0001911680383237
FFIV.OQ,2019-05-31,-0.158189929875535
FFIV.OQ,2019-06-28,0.102589339776661
FFIV.OQ,2019-07-31,0.0074847215691999
FFIV.OQ,2019-08-30,-0.12261450382698
FFIV.OQ,2019-09-30,0.0908102229447318
FFIV.OQ,2019-10-31,0.0260646631267227
FFIV.OQ,2019-11-29,0.0113131593431783
FFIV.OQ,2019-12-31,-0.0415894584992291
FFIV.OQ,2020-01-31,-0.125528105984869
FFIV.OQ,2020-02-28,-0.0177694071723985
FFIV.OQ,2020-03-31,-0.111046269274147
FFIV.OQ,2020-04-30,0.306011441440077
FFIV.OQ,2020-05-29,0.0406434008307778
FFIV.OQ,2020-06-30,-0.0375379520024081
FFIV.OQ,2020-07-31,-0.0256667622404876
FFIV.OQ,2020-08-31,-0.0262693156522276
FFIV.OQ,2020-09-30,-0.0722436333218728
FFIV.OQ,2020-10-30,0.0828378268254076
FFIV.OQ,2020-11-30,0.224687829111438
FFIV.OQ,2020-12-31,0.0806461519582469
FFIV.OQ,2021-01-29,0.113731954093605
FFIV.OQ,2021-02-26,-0.0304669558491929
FFIV.OQ,2021-03-31,0.0981155910917863
FFIV.OQ,2021-04-30,-0.104783817472864
FFIV.OQ,2021-05-28,-0.0071214392772849
FFIV.OQ,2021-06-30,0.0066332308804706
FFIV.OQ,2021-07-30,0.10634308369682
FFIV.OQ,2021-08-31,-0.0142365987231713
FFIV.OQ,2021-09-30,-0.0235299896977866
FFIV.OQ,2021-10-29,0.0622296005500749
FFIV.OQ,2021-11-30,0.0778119820085865
FFIV.OQ,2021-12-31,0.0752702346404666
FFIV.OQ,2022-01-31,-0.151567161125192
FFIV.OQ,2022-02-28,-0.0326076485899706
FFIV.OQ,2022-03-31,0.0403286034444159
FFIV.OQ,2022-04-29,-0.198803541511509
FFIV.OQ,2022-05-31,-0.0261035780574587
FFIV.OQ,2022-06-30,-0.0613346418143684
FFIV.OQ,2022-07-29,0.0935703084051857
FFIV.OQ,2022-08-31,-0.0615439770579971
FFIV.OQ,2022-09-30,-0.0785050299269127
FFIV.OQ,2022-10-31,-0.0125751399099269
FFIV.OQ,2022-11-30,0.0818697082050683
FFIV.OQ,2022-12-30,-0.0717935450437219
FFIV.OQ,2023-01-31,0.0289178454533872
FFIV.OQ,2023-02-28,-0.0316944331500401
FFIV.OQ,2023-03-31,0.0189536998252962
FFIV.OQ,2023-04-28,-0.0777678632562638
FFIV.OQ,2023-05-31,0.0983923786532614
FFIV.OQ,2023-06-30,-0.0089443014116582
FFIV.OQ,2023-07-31,0.0819089292799882
FFIV.OQ,2023-08-31,0.0342517694471454
FFIV.OQ,2023-09-29,-0.0153977758620393
FFIV.OQ,2023-10-31,-0.0592652351947774
FFIV.OQ,2023-11-30,0.129296127712299
FFIV.OQ,2023-12-29,0.0455049944679127
FFIV.OQ,2024-01-31,0.0263716616354615
CVS.N,2000-01-31,-0.123688464539499
CVS.N,2000-02-29,0.0017889087594615
CVS.N,2000-03-31,0.0732142857106097
CVS.N,2000-04-28,0.159589746968591
CVS.N,2000-05-31,1.3989029999999999e-11
CVS.N,2000-06-30,-0.0804597701265399
CVS.N,2000-07-31,-0.0127573741020116
CVS.N,2000-08-31,-0.0586370839694891
CVS.N,2000-09-29,0.247474747502125
CVS.N,2000-10-31,0.144478744927073
CVS.N,2000-11-30,0.074380165283257
CVS.N,2000-12-29,0.0538461538559646
CVS.N,2001-01-31,-0.0112612233632466
CVS.N,2001-02-28,0.0304054054042451
CVS.N,2001-03-30,-0.0411475409721315
CVS.N,2001-04-30,0.0088821903924309
CVS.N,2001-05-31,-0.0687022900680546
CVS.N,2001-06-29,-0.296903460831764
CVS.N,2001-07-31,-0.065773301332309
CVS.N,2001-08-31,0.002777006381512
CVS.N,2001-09-28,-0.0805870949813617
CVS.N,2001-10-31,-0.278832983551522
CVS.N,2001-11-30,0.127615062790983
CVS.N,2001-12-31,0.0983302412099258
CVS.N,2002-01-31,-0.0791879303007907
CVS.N,2002-02-28,0.0044117647143462
CVS.N,2002-03-28,0.256588579824245
CVS.N,2002-04-30,-0.023129559875847
CVS.N,2002-05-31,-0.043309438469982
CVS.N,2002-06-28,-0.0446456446994207
CVS.N,2002-07-31,-0.0632980337106275
CVS.N,2002-08-30,0.0276223776412723
CVS.N,2002-09-30,-0.137461721685581
CVS.N,2002-10-31,0.0961319737890889
CVS.N,2002-11-29,-0.0306527226553179
CVS.N,2002-12-31,-0.0710565476087505
CVS.N,2003-01-31,-0.0920057952972401
CVS.N,2003-02-28,0.100795755969946
CVS.N,2003-03-31,-0.0421686747064116
CVS.N,2003-04-30,0.0176112833367996
CVS.N,2003-05-30,0.078066914505212
CVS.N,2003-06-30,0.0739463601610622
CVS.N,2003-07-31,0.072157326024876
CVS.N,2003-08-29,0.0870290096630476
CVS.N,2003-09-30,-0.0472392638047199
CVS.N,2003-10-31,0.1345710525103129
CVS.N,2003-11-28,0.0648095508612094
CVS.N,2003-12-31,-0.0357714895814152
CVS.N,2004-01-30,-0.0092369471343015
CVS.N,2004-02-27,0.0498320268769294
CVS.N,2004-03-31,-0.058666666659498
CVS.N,2004-04-30,0.0962081376771022
CVS.N,2004-05-28,0.0789541806750813
CVS.N,2004-06-30,0.0081573896374653
CVS.N,2004-07-30,-0.0020479789086788
CVS.N,2004-08-31,-0.0446620491798878
CVS.N,2004-09-30,0.0532499999857745
CVS.N,2004-10-29,0.0331498332509688
CVS.N,2004-11-30,0.043948458362993
CVS.N,2004-12-31,-0.0066122988869682
CVS.N,2005-01-31,0.0299978454189476
CVS.N,2005-02-28,0.0750809061392859
CVS.N,2005-03-31,0.0559903672489166
CVS.N,2005-04-29,-0.0183755053739441
CVS.N,2005-05-31,0.063396665387353
CVS.N,2005-06-30,0.059981768461681
CVS.N,2005-07-29,0.0686752917468578
CVS.N,2005-08-31,-0.0534966161822742
CVS.N,2005-09-30,-0.01225740552504
CVS.N,2005-10-31,-0.157393309602844
CVS.N,2005-11-30,0.106923392022528
CVS.N,2005-12-30,-0.0222057734906305
CVS.N,2006-01-31,0.0522034892545511
CVS.N,2006-02-28,0.0205331412046472
CVS.N,2006-03-31,0.0543593363668019
CVS.N,2006-04-28,-0.0037235991188886
CVS.N,2006-05-31,-0.0612382234114961
CVS.N,2006-06-30,0.100358422979921
CVS.N,2006-07-31,0.0670858433346493
CVS.N,2006-08-31,0.0253667481875721
CVS.N,2006-09-29,-0.0426229508181914
CVS.N,2006-10-31,-0.0218325761287095
CVS.N,2006-11-30,-0.0831739961751193
CVS.N,2006-12-29,0.0743830378839598
CVS.N,2007-01-31,0.0902719099800067
CVS.N,2007-02-28,-0.0665676077249191
CVS.N,2007-03-30,0.322381848620946
CVS.N,2007-04-30,0.063332718520515
CVS.N,2007-05-31,0.0634657836558317
CVS.N,2007-06-29,-0.0542293720764898
CVS.N,2007-07-31,-0.0329448716549668
CVS.N,2007-08-31,0.0747371412377038
CVS.N,2007-09-28,0.0478582760377326
CVS.N,2007-10-31,0.0555749803897228
CVS.N,2007-11-30,-0.0402202537827251
CVS.N,2007-12-31,-0.00848091792588
CVS.N,2008-01-31,-0.0155117441792907
CVS.N,2008-02-29,0.0335295623323666
CVS.N,2008-03-31,0.0032194155633733
CVS.N,2008-04-30,-0.001976653210768
CVS.N,2008-05-30,0.0599455040781594
CVS.N,2008-06-30,-0.0752512269221668
CVS.N,2008-07-31,-0.075935150002492
CVS.N,2008-08-29,0.0027397260313795
CVS.N,2008-09-30,-0.0803278688684293
CVS.N,2008-10-31,-0.0870888370773129
CVS.N,2008-11-28,-0.0561174551386567
CVS.N,2008-12-31,-0.0065675769261028
CVS.N,2009-01-30,-0.0620117020900529
CVS.N,2009-02-27,-0.0424107142911278
CVS.N,2009-03-31,0.0679875679668138
CVS.N,2009-04-30,0.159082814771176
CVS.N,2009-05-29,-0.0623033354398508
CVS.N,2009-06-30,0.0694630872654924
CVS.N,2009-07-31,0.0529561446318905
CVS.N,2009-08-31,0.120669056145329
CVS.N,2009-09-30,-0.0474413646047929
CVS.N,2009-10-30,-0.0103193011364485
CVS.N,2009-11-30,-0.1215297450473689
CVS.N,2009-12-31,0.0386971944404344
CVS.N,2010-01-29,0.0075651753644085
CVS.N,2010-02-26,0.0426320667360425
CVS.N,2010-03-31,0.083259259261911
CVS.N,2010-04-30,0.0125156219491701
CVS.N,2010-05-28,-0.0622799891671157
CVS.N,2010-06-30,-0.153335258441938
CVS.N,2010-07-30,0.0497296711920536
CVS.N,2010-08-31,-0.12023460411711
CVS.N,2010-09-30,0.165555555567577
CVS.N,2010-10-29,-0.0401991123398169
CVS.N,2010-11-30,0.0292164674379545
CVS.N,2010-12-31,0.121612903220726
CVS.N,2011-01-31,-0.0128296507420726
CVS.N,2011-02-28,-0.0333333333468916
CVS.N,2011-03-31,0.0381125226968382
CVS.N,2011-04-29,0.0596310114124808
CVS.N,2011-05-31,0.067604856489468
CVS.N,2011-06-30,-0.0286895838580793
CVS.N,2011-07-29,-0.029457950250365
CVS.N,2011-08-31,-0.0121045391922547
CVS.N,2011-09-30,-0.0648844332750583
CVS.N,2011-10-31,0.0848924468206075
CVS.N,2011-11-30,0.0699724517886193
CVS.N,2011-12-30,0.049948506695858
CVS.N,2012-01-31,0.0276659563764504
CVS.N,2012-02-29,0.0802395209521343
CVS.N,2012-03-30,-0.0066518846872298
CVS.N,2012-04-30,-0.0002826367877685
CVS.N,2012-05-31,0.0071716718963095
CVS.N,2012-06-29,0.0398308856220708
CVS.N,2012-07-31,-0.0282076577809043
CVS.N,2012-08-31,0.0066298342612896
CVS.N,2012-09-28,0.0630076838498441
CVS.N,2012-10-31,-0.0383759334076377
CVS.N,2012-11-30,0.002370689651197
CVS.N,2012-12-31,0.0395613846445959
CVS.N,2013-01-31,0.0635174935113141
CVS.N,2013-02-28,-0.0015625000245887
CVS.N,2013-03-28,0.0757042253566849
CVS.N,2013-04-30,0.062114898649122
CVS.N,2013-05-31,-0.0103128222819818
CVS.N,2013-06-28,-0.0069468565427435
CVS.N,2013-07-31,0.0793295938722701
CVS.N,2013-08-30,-0.0559440559513827
CVS.N,2013-09-30,-0.0223944875115939
CVS.N,2013-10-31,0.10120660793588
CVS.N,2013-11-29,0.0754898811458202
CVS.N,2013-12-31,0.0688470728760973
CVS.N,2014-01-31,-0.0499848414957894
CVS.N,2014-02-28,0.08003544003583
CVS.N,2014-03-31,0.0235165435935796
CVS.N,2014-04-30,-0.024963984843874
CVS.N,2014-05-30,0.0770077007761221
CVS.N,2014-06-30,-0.0376659857127275
CVS.N,2014-07-31,0.0167958511131334
CVS.N,2014-08-29,0.0404662126473669
CVS.N,2014-09-30,0.0017621145618202
CVS.N,2014-10-31,0.0817261532842604
CVS.N,2014-11-28,0.0646777764829336
CVS.N,2014-12-31,0.0541812609154164
CVS.N,2015-01-30,0.0228351450565609
CVS.N,2015-02-27,0.0581703341740942
CVS.N,2015-03-31,-0.006354096457174
CVS.N,2015-04-30,-0.0346546603734584
CVS.N,2015-05-29,0.0311209587882832
CVS.N,2015-06-30,0.0244188317798122
CVS.N,2015-07-31,0.0757786422785183
CVS.N,2015-08-31,-0.0895349871102904
CVS.N,2015-09-30,-0.0578125000146875
CVS.N,2015-10-30,0.0272980536454399
CVS.N,2015-11-30,-0.0474792468239262
CVS.N,2015-12-31,0.0391114889984807
CVS.N,2016-01-29,-0.0076081281052724
CVS.N,2016-02-29,0.0060047624053287
CVS.N,2016-03-31,0.0675105485159491
CVS.N,2016-04-29,-0.0271216941368421
CVS.N,2016-05-31,-0.0402985074575102
CVS.N,2016-06-30,-0.0073613271026046
CVS.N,2016-07-29,-0.0272961492949061
CVS.N,2016-08-31,0.0073339085384347
CVS.N,2016-09-30,-0.047216274061874
CVS.N,2016-10-31,-0.0503492354808498
CVS.N,2016-11-30,-0.0857312722952438
CVS.N,2016-12-30,0.0262712966548297
CVS.N,2017-01-31,0.0048554206603332
CVS.N,2017-02-28,0.0224590787786003
CVS.N,2017-03-31,-0.0258128567849677
CVS.N,2017-04-28,0.0569377812581897
CVS.N,2017-05-31,-0.0680494905279003
CVS.N,2017-06-30,0.0472471690669085
CVS.N,2017-07-31,-0.000149767381302
CVS.N,2017-08-31,-0.0324033529678028
CVS.N,2017-09-29,0.0514610809526158
CVS.N,2017-10-31,-0.151729097347847
CVS.N,2017-11-30,0.117758645868818
CVS.N,2017-12-29,-0.0535248041871355
CVS.N,2018-01-31,0.0921258251978334
CVS.N,2018-02-28,-0.139280721809641
CVS.N,2018-03-29,-0.0815000738048909
CVS.N,2018-04-30,0.131106960379471
CVS.N,2018-05-31,-0.0922239725141423
CVS.N,2018-06-29,0.0151443445338391
CVS.N,2018-07-31,0.0156101091074476
CVS.N,2018-08-31,0.1600370027760639
CVS.N,2018-09-28,0.046251993623361
CVS.N,2018-10-31,-0.0740652194955876
CVS.N,2018-11-30,0.107887829816206
CVS.N,2018-12-31,-0.183042394004139
CVS.N,2019-01-31,0.0081560739319996
CVS.N,2019-02-28,-0.1177726925873989
CVS.N,2019-03-29,-0.0674390454774658
CVS.N,2019-04-30,0.0179602489048911
CVS.N,2019-05-31,-0.0369621184181533
CVS.N,2019-06-28,0.0404811914997147
CVS.N,2019-07-31,0.034482077069809
CVS.N,2019-08-30,0.0903884016285915
CVS.N,2019-09-30,0.0352921864688769
CVS.N,2019-10-31,0.0606630940517394
CVS.N,2019-11-29,0.133755083596083
CVS.N,2019-12-31,-0.0130197954116669
CVS.N,2020-01-31,-0.0809236596139494
CVS.N,2020-02-28,-0.127396048342429
CVS.N,2020-03-31,0.0025346400763452
CVS.N,2020-04-30,0.0460128435040792
CVS.N,2020-05-29,0.0653127538559219
CVS.N,2020-06-30,-0.0091505261768053
CVS.N,2020-07-31,-0.0236506870160615
CVS.N,2020-08-31,-0.0130282809027308
CVS.N,2020-09-30,-0.0598840953063514
CVS.N,2020-10-30,-0.0314470348758008
CVS.N,2020-11-30,0.20859333211441
CVS.N,2020-12-31,0.0075232334977906
CVS.N,2021-01-29,0.0561288259363069
CVS.N,2021-02-26,-0.0491277041372161
CVS.N,2021-03-31,0.104212534846338
CVS.N,2021-04-30,0.0222177847824772
CVS.N,2021-05-28,0.131413612561858
CVS.N,2021-06-30,-0.0347061545779726
CVS.N,2021-07-30,-0.0069706830192802
CVS.N,2021-08-31,0.0489315201563267
CVS.N,2021-09-30,-0.0177103831480822
CVS.N,2021-10-29,0.0581420040293967
CVS.N,2021-11-30,-0.0024641577190408
CVS.N,2021-12-31,0.15832023352979
CVS.N,2022-01-31,0.0380198823847711
CVS.N,2022-02-28,-0.0268519387803603
CVS.N,2022-03-31,-0.0235407621762773
CVS.N,2022-04-29,-0.0452260017455011
CVS.N,2022-05-31,0.0064495994835049
CVS.N,2022-06-30,-0.0422739018027416
CVS.N,2022-07-29,0.0386865506732688
CVS.N,2022-08-31,0.0258152173937607
CVS.N,2022-09-30,-0.0283239938753471
CVS.N,2022-10-31,-0.0010231147910226
CVS.N,2022-11-30,0.0758183738106977
CVS.N,2022-12-30,-0.085296427162402
CVS.N,2023-01-31,-0.0467848724008826
CVS.N,2023-02-28,-0.0530491952015526
CVS.N,2023-03-31,-0.110485994724499
CVS.N,2023-04-28,-0.0053089010486961
CVS.N,2023-05-31,-0.0720229163937748
CVS.N,2023-06-30,0.0161693370724958
CVS.N,2023-07-31,0.0891587657828861
CVS.N,2023-08-31,-0.127460168684732
CVS.N,2023-09-29,0.0713518490328542
CVS.N,2023-10-31,-0.0031324707380791
CVS.N,2023-11-30,-0.0153600927457074
CVS.N,2023-12-29,0.162030905066136
CVS.N,2024-01-31,-0.0495764368054199
HSY.N,2000-01-31,-0.1052631578730179
HSY.N,2000-02-29,0.0396510441800644
HSY.N,2000-03-31,0.109530583213089
HSY.N,2000-04-28,-0.0692307692402775
HSY.N,2000-05-31,0.148973820911366
HSY.N,2000-06-30,-0.0650602409724492
HSY.N,2000-07-31,-0.046391752603932
HSY.N,2000-08-31,-0.0712680870446369
HSY.N,2000-09-29,0.267935578325732
HSY.N,2000-10-31,0.0034642032076965
HSY.N,2000-11-30,0.17007782466551
HSY.N,2000-12-29,0.0177865612462282
HSY.N,2001-01-31,-0.0757281553328716
HSY.N,2001-02-28,0.0818590416502112
HSY.N,2001-03-30,0.0816039943974019
HSY.N,2001-04-30,-0.12853433351568
HSY.N,2001-05-31,0.0085287352586289
HSY.N,2001-06-29,0.0176451187207878
HSY.N,2001-07-31,-0.0218765191968743
HSY.N,2001-08-31,0.0733581149121356
HSY.N,2001-09-28,0.0138027295217566
HSY.N,2001-10-31,-0.0250879608463085
HSY.N,2001-11-30,0.0318556635231872
HSY.N,2001-12-31,0.0342193705882912
HSY.N,2002-01-31,0.0394387001602521
HSY.N,2002-02-28,0.0082703861063087
HSY.N,2002-03-28,-0.0298655343294363
HSY.N,2002-04-30,-0.007878611036582
HSY.N,2002-05-31,-0.0143148724794183
HSY.N,2002-06-28,-0.0633897797096318
HSY.N,2002-07-31,0.255360000010991
HSY.N,2002-08-30,-0.0303059857982673
HSY.N,2002-09-30,-0.180858085817839
HSY.N,2002-10-31,0.0486704270545486
HSY.N,2002-11-29,-0.0055138405574061
HSY.N,2002-12-31,0.0473676036604067
HSY.N,2003-01-31,-0.0435943060446516
HSY.N,2003-02-28,0.0067633746789486
HSY.N,2003-03-31,-0.030181086517941
HSY.N,2003-04-30,0.0413341844863454
HSY.N,2003-05-30,0.0949381045616937
HSY.N,2003-06-30,-0.0202531645583749
HSY.N,2003-07-31,0.0452196382490875
HSY.N,2003-08-29,-0.0346147013022725
HSY.N,2003-09-30,0.0397711015758668
HSY.N,2003-10-31,0.060814529428072
HSY.N,2003-11-28,0.0129405037748456
HSY.N,2003-12-31,-0.0091377091449634
HSY.N,2004-01-30,-0.0192232757313121
HSY.N,2004-02-27,0.103048928788367
HSY.N,2004-03-31,-0.0006031363073879
HSY.N,2004-04-30,0.0729028364646489
HSY.N,2004-05-28,0.0026608100384075
HSY.N,2004-06-30,0.0429392539352251
HSY.N,2004-07-30,0.0468986384190409
HSY.N,2004-08-31,0.001296762769247
HSY.N,2004-09-30,-0.032518641258718
HSY.N,2004-10-29,0.0852065938742645
HSY.N,2004-11-30,0.0261988914876068
HSY.N,2004-12-31,0.072200772195729
HSY.N,2005-01-31,0.0531148721734621
HSY.N,2005-02-28,0.0809677971125491
HSY.N,2005-03-31,-0.0403174603191393
HSY.N,2005-04-29,0.0568971220460075
HSY.N,2005-05-31,0.0082597065980933
HSY.N,2005-06-30,-0.0328609250595326
HSY.N,2005-07-29,0.0285024154412493
HSY.N,2005-08-31,-0.0710617791494084
HSY.N,2005-09-30,-0.0470468776497147
HSY.N,2005-10-31,0.0092345941913445
HSY.N,2005-11-30,-0.0416562971300843
HSY.N,2005-12-30,0.0189966801591705
HSY.N,2006-01-31,-0.0733031674110654
HSY.N,2006-02-28,0.0036372120856405
HSY.N,2006-03-31,0.0211143694845579
HSY.N,2006-04-28,0.0212521539421149
HSY.N,2006-05-31,0.071596948810536
HSY.N,2006-06-30,-0.0323317518918478
HSY.N,2006-07-31,-0.0018158707097477
HSY.N,2006-08-31,-0.0134224326648798
HSY.N,2006-09-29,-0.0094514455271353
HSY.N,2006-10-31,-0.0101028998955984
HSY.N,2006-11-30,0.006320228658271
HSY.N,2006-12-29,-0.0598451954037839
HSY.N,2007-01-31,0.0248995983812264
HSY.N,2007-02-28,0.0412680926236551
HSY.N,2007-03-30,0.0336611194926475
HSY.N,2007-04-30,0.0054884742032985
HSY.N,2007-05-31,-0.0359610386623608
HSY.N,2007-06-29,-0.0396509201459516
HSY.N,2007-07-31,-0.0892927696355977
HSY.N,2007-08-31,0.0151246053395186
HSY.N,2007-09-28,-0.0019354838636455
HSY.N,2007-10-31,-0.0711053651870615
HSY.N,2007-11-30,-0.0671449477848069
HSY.N,2007-12-31,-0.0127787521853659
HSY.N,2008-01-31,-0.0812182741251009
HSY.N,2008-02-29,0.032630857169438
HSY.N,2008-03-31,0.0159115426014824
HSY.N,2008-04-30,-0.0076984337762805
HSY.N,2008-05-30,0.0569975144049715
HSY.N,2008-06-30,-0.163562133193733
HSY.N,2008-07-31,0.121720561300859
HSY.N,2008-08-29,-0.0106649661224702
HSY.N,2008-09-30,0.0955943474597614
HSY.N,2008-10-31,-0.058168942853062
HSY.N,2008-11-28,-0.0250071292893238
HSY.N,2008-12-31,-0.0350000000025978
HSY.N,2009-01-30,0.0731145653450833
HSY.N,2009-02-27,-0.0883252328076535
HSY.N,2009-03-31,0.0314633422607349
HSY.N,2009-04-30,0.0399999999982832
HSY.N,2009-05-29,-0.0171988912512668
HSY.N,2009-06-30,0.0221465076459475
HSY.N,2009-07-31,0.109722222227395
HSY.N,2009-08-31,-0.0106564591283753
HSY.N,2009-09-30,-0.0094315574865936
HSY.N,2009-10-30,-0.0275347400780824
HSY.N,2009-11-30,-0.0563863146319138
HSY.N,2009-12-31,0.0118744698838815
HSY.N,2010-01-29,0.0178820899890846
HSY.N,2010-02-26,0.100304018507527
HSY.N,2010-03-31,0.0767102615645321
HSY.N,2010-04-30,0.0981079187269014
HSY.N,2010-05-28,0.0023750156234405
HSY.N,2010-06-30,0.0241452991617995
HSY.N,2010-07-30,-0.0194032964433036
HSY.N,2010-08-31,-0.0046171242803156
HSY.N,2010-09-30,0.0241015708993206
HSY.N,2010-10-29,0.0399243538566045
HSY.N,2010-11-30,-0.0478634972530695
HSY.N,2010-12-31,0.0074786324654263
HSY.N,2011-01-31,-0.0097560975375858
HSY.N,2011-02-28,0.1282410639906309
HSY.N,2011-03-31,0.038799694203647
HSY.N,2011-04-29,0.0618215271295317
HSY.N,2011-05-31,-0.0282673451241221
HSY.N,2011-06-30,0.0200968957376047
HSY.N,2011-07-29,-0.0072119612845194
HSY.N,2011-08-31,0.0453850670254015
HSY.N,2011-09-30,0.0100596760414167
HSY.N,2011-10-31,-0.0339297771762695
HSY.N,2011-11-30,0.0140325039183493
HSY.N,2011-12-30,0.0710818308077044
HSY.N,2012-01-31,-0.0113305276747304
HSY.N,2012-02-29,4.7506993742230006e-05
HSY.N,2012-03-30,0.0103789126785061
HSY.N,2012-04-30,0.0926137290195267
HSY.N,2012-05-31,0.0034019533073432
HSY.N,2012-06-29,0.0773257552991793
HSY.N,2012-07-31,-0.0040261002494764
HSY.N,2012-08-31,0.0063601917875237
HSY.N,2012-09-28,-0.0129490392670263
HSY.N,2012-10-31,-0.0287769784190774
HSY.N,2012-11-30,0.0703744651219853
HSY.N,2012-12-31,-0.0143305582128949
HSY.N,2013-01-31,0.100110772642526
HSY.N,2013-02-28,0.0544480852615976
HSY.N,2013-03-28,0.0502759779073143
HSY.N,2013-04-30,0.0186221866843408
HSY.N,2013-05-31,0.004146673335809
HSY.N,2013-06-28,0.0019077544544538
HSY.N,2013-07-31,0.0626120071591442
HSY.N,2013-08-30,-0.025761110504545
HSY.N,2013-09-30,0.0059815116946131
HSY.N,2013-10-31,0.0728648648449621
HSY.N,2013-11-29,-0.0187351555634173
HSY.N,2013-12-31,0.0035091340763671
HSY.N,2014-01-31,0.0223182145637815
HSY.N,2014-02-28,0.0693816286673965
HSY.N,2014-03-31,-0.013419013424504
HSY.N,2014-04-30,-0.0781609195678101
HSY.N,2014-05-30,0.0164832608832002
HSY.N,2014-06-30,0.0003081980436214
HSY.N,2014-07-31,-0.0946903563841474
HSY.N,2014-08-29,0.0431333597106955
HSY.N,2014-09-30,0.0438634871791363
HSY.N,2014-10-31,0.0050298648317754
HSY.N,2014-11-28,0.0513728387768386
HSY.N,2014-12-31,0.0363980854014365
HSY.N,2015-01-30,-0.0165496007131507
HSY.N,2015-02-27,0.0204866800549437
HSY.N,2015-03-31,-0.0276546540874316
HSY.N,2015-04-30,-0.0890892874840535
HSY.N,2015-05-29,0.0159723081834412
HSY.N,2015-06-30,-0.0433986646432043
HSY.N,2015-07-31,0.0457052797552007
HSY.N,2015-08-31,-0.0300032296112597
HSY.N,2015-09-30,0.0263628239523034
HSY.N,2015-10-30,-0.0347191989432811
HSY.N,2015-11-30,-0.020210931706582
HSY.N,2015-12-31,0.0342949832234123
HSY.N,2016-01-29,-0.0129942870181866
HSY.N,2016-02-29,0.0382403197796799
HSY.N,2016-03-31,0.0132027726042084
HSY.N,2016-04-29,0.0110761212015282
HSY.N,2016-05-31,0.0036230975628941
HSY.N,2016-06-30,0.222294022603307
HSY.N,2016-07-29,-0.0240549828117231
HSY.N,2016-08-31,-0.0932104447030966
HSY.N,2016-09-30,-0.0429472419636011
HSY.N,2016-10-31,0.0717573221701129
HSY.N,2016-11-30,-0.0508419638393733
HSY.N,2016-12-30,0.0702607615850153
HSY.N,2017-01-31,0.0197234844718641
HSY.N,2017-02-28,0.0331875410152265
HSY.N,2017-03-31,0.0083064144021229
HSY.N,2017-04-28,-0.0096109839874913
HSY.N,2017-05-31,0.07116113319088
HSY.N,2017-06-30,-0.0685347445216105
HSY.N,2017-07-31,-0.0191859923507532
HSY.N,2017-08-31,0.0023797697442737
HSY.N,2017-09-29,0.0405070529904055
HSY.N,2017-10-31,-0.0273884766989342
HSY.N,2017-11-30,0.051051329575212
HSY.N,2017-12-29,0.0232579103860509
HSY.N,2018-01-31,-0.0280151528788074
HSY.N,2018-02-28,-0.103380385828878
HSY.N,2018-03-29,0.0071239568288092
HSY.N,2018-04-30,-0.0709377526303517
HSY.N,2018-05-31,-0.0136574336539881
HSY.N,2018-06-29,0.0335406485802616
HSY.N,2018-07-31,0.0553406404708836
HSY.N,2018-08-31,0.0309862469070545
HSY.N,2018-09-28,0.0147234381165762
HSY.N,2018-10-31,0.0504901960675463
HSY.N,2018-11-30,0.017586007671941
HSY.N,2018-12-31,-0.0103416435819268
HSY.N,2019-01-31,-0.0100765068049559
HSY.N,2019-02-28,0.0499399033011042
HSY.N,2019-03-29,0.0374954824584257
HSY.N,2019-04-30,0.0872594269625127
HSY.N,2019-05-31,0.0628085492006059
HSY.N,2019-06-28,0.015686571680152
HSY.N,2019-07-31,0.132134596718922
HSY.N,2019-08-30,0.0495155401759599
HSY.N,2019-09-30,-0.0220217062155256
HSY.N,2019-10-31,-0.0523904768014901
HSY.N,2019-11-29,0.0141042567378062
HSY.N,2019-12-31,-0.0079643628537985
HSY.N,2020-01-31,0.0557218669213164
HSY.N,2020-02-28,-0.0675699313201135
HSY.N,2020-03-31,-0.0797972081454781
HSY.N,2020-04-30,-0.0005283018857382
HSY.N,2020-05-29,0.030727086046809
HSY.N,2020-06-30,-0.0446639150783196
HSY.N,2020-07-31,0.121817620726012
HSY.N,2020-08-31,0.0277759287222237
HSY.N,2020-09-30,-0.0356566200147732
HSY.N,2020-10-30,-0.0410213478644872
HSY.N,2020-11-30,0.0816664767851323
HSY.N,2020-12-31,0.0300223138869034
HSY.N,2021-01-29,-0.0452307490075762
HSY.N,2021-02-26,0.0067067278462351
HSY.N,2021-03-31,0.0858908341845004
HSY.N,2021-04-30,0.0388214466393704
HSY.N,2021-05-28,0.0581485952517173
HSY.N,2021-06-30,0.0065299046425655
HSY.N,2021-07-30,0.0269835801973481
HSY.N,2021-08-31,-0.0016309618891658
HSY.N,2021-09-30,-0.0475520540143084
HSY.N,2021-10-29,0.0360413589208068
HSY.N,2021-11-30,0.0172677128949248
HSY.N,2021-12-31,0.0900332412981435
HSY.N,2022-01-31,0.0186075360526918
HSY.N,2022-02-28,0.0309130042122682
HSY.N,2022-03-31,0.0710471670030472
HSY.N,2022-04-29,0.0421917555020859
HSY.N,2022-05-31,-0.0581567661311693
HSY.N,2022-06-30,0.0162958764439478
HSY.N,2022-07-29,0.0594906116334601
HSY.N,2022-08-31,-0.0100055276974518
HSY.N,2022-09-30,-0.0186940846713295
HSY.N,2022-10-31,0.0830044904044473
HSY.N,2022-11-30,-0.0104730839027427
HSY.N,2022-12-30,-0.0153080750264062
HSY.N,2023-01-31,-0.0300988902045785
HSY.N,2023-02-28,0.0657598112447468
HSY.N,2023-03-31,0.0675142665321069
HSY.N,2023-04-28,0.0733068668710259
HSY.N,2023-05-31,-0.0452344571866485
HSY.N,2023-06-30,-0.0385059684199572
HSY.N,2023-07-31,-0.07364837804331
HSY.N,2023-08-31,-0.0660264436541861
HSY.N,2023-09-29,-0.0687889788808899
HSY.N,2023-10-31,-0.0636245501900015
HSY.N,2023-11-30,0.0091475533496359
HSY.N,2023-12-29,-0.007875691794644
HSY.N,2024-01-31,0.0380819566565691
REGN.OQ,2000-01-31,-0.0343137255043443
REGN.OQ,2000-02-29,3.5888324872639403
REGN.OQ,2000-03-31,-0.476769911514055
REGN.OQ,2000-04-28,-0.0338266384609202
REGN.OQ,2000-05-31,-0.286652078770142
REGN.OQ,2000-06-30,0.463190184069532
REGN.OQ,2000-07-31,-0.0587002096605564
REGN.OQ,2000-08-31,0.262806236128007
REGN.OQ,2000-09-29,-0.0793650793517905
REGN.OQ,2000-10-31,-0.18007662835319
REGN.OQ,2000-11-30,-0.0887850467457022
REGN.OQ,2000-12-29,0.446794871797687
REGN.OQ,2001-01-31,-0.0713336287114822
REGN.OQ,2001-02-28,-0.0419847328207402
REGN.OQ,2001-03-30,-0.292828685265251
REGN.OQ,2001-04-30,0.397633802815836
REGN.OQ,2001-05-31,0.0290228958441821
REGN.OQ,2001-06-29,0.0858664995397209
REGN.OQ,2001-07-31,-0.224531024539794
REGN.OQ,2001-08-31,0.12095273538135
REGN.OQ,2001-09-28,-0.26162018590853
REGN.OQ,2001-10-31,-0.0062949640455412
REGN.OQ,2001-11-30,0.25203619909666
REGN.OQ,2001-12-31,0.0177087098094224
REGN.OQ,2002-01-31,-0.119318181831564
REGN.OQ,2002-02-28,-0.0842741935323696
REGN.OQ,2002-03-28,0.100396301191134
REGN.OQ,2002-04-30,-0.173669467799662
REGN.OQ,2002-05-31,-0.199951573844315
REGN.OQ,2002-06-28,-0.121723866606239
REGN.OQ,2002-07-31,0.1853893866249449
REGN.OQ,2002-08-30,-0.1017441860324269
REGN.OQ,2002-09-30,-0.126213592248788
REGN.OQ,2002-10-31,0.120740740750166
REGN.OQ,2002-11-29,0.430931923304273
REGN.OQ,2002-12-31,-0.145034642006534
REGN.OQ,2003-01-31,0.0118854673239999
REGN.OQ,2003-02-28,-0.020822210352292
REGN.OQ,2003-03-31,-0.589967284625965
REGN.OQ,2003-04-30,-0.158244680848641
REGN.OQ,2003-05-30,1.17377567138103
REGN.OQ,2003-06-30,0.144622093041419
REGN.OQ,2003-07-31,-0.0222222222207797
REGN.OQ,2003-08-29,-0.0123376623477743
REGN.OQ,2003-09-30,0.161735700215422
REGN.OQ,2003-10-31,-0.2167515563098309
REGN.OQ,2003-11-28,-0.0693641618371277
REGN.OQ,2003-12-31,0.142080745354401
REGN.OQ,2004-01-30,0.0088375254977697
REGN.OQ,2004-02-27,-0.0417789757400232
REGN.OQ,2004-03-31,-0.0450070323779924
REGN.OQ,2004-04-30,-0.0773195876126121
REGN.OQ,2004-05-28,-0.103750997614895
REGN.OQ,2004-06-30,-0.0623330365247108
REGN.OQ,2004-07-30,-0.187084520401331
REGN.OQ,2004-08-31,0.0408878504614227
REGN.OQ,2004-09-30,-0.0258136924525803
REGN.OQ,2004-10-29,-0.1624423963181299
REGN.OQ,2004-11-30,0.268225584606034
REGN.OQ,2004-12-31,-0.0010845986920073
REGN.OQ,2005-01-31,-0.218241042353523
REGN.OQ,2005-02-28,-0.151388888879129
REGN.OQ,2005-03-31,-0.163666121109181
REGN.OQ,2005-04-29,0.0880626223065872
REGN.OQ,2005-05-31,0.1205035971001989
REGN.OQ,2005-06-30,0.346709470297627
REGN.OQ,2005-07-29,0.148986889163392
REGN.OQ,2005-08-31,-0.2251037344396459
REGN.OQ,2005-09-30,0.270414993323353
REGN.OQ,2005-10-31,0.318229715516431
REGN.OQ,2005-11-30,-0.107114308548592
REGN.OQ,2005-12-30,0.427931960583214
REGN.OQ,2006-01-31,-0.0451410658239667
REGN.OQ,2006-02-28,0.07485226527201
REGN.OQ,2006-03-31,0.0158827122935884
REGN.OQ,2006-04-28,-0.12687913410117
REGN.OQ,2006-05-31,-0.108815426999778
REGN.OQ,2006-06-30,-0.0092735703311442
REGN.OQ,2006-07-31,0.065522620886761
REGN.OQ,2006-08-31,0.16251830159808
REGN.OQ,2006-09-29,-0.011964735503271
REGN.OQ,2006-10-31,0.277884002561792
REGN.OQ,2006-11-30,0.0728179551179295
REGN.OQ,2006-12-29,-0.0669456066908679
REGN.OQ,2007-01-31,-0.0089686098444352
REGN.OQ,2007-02-28,-0.0025138260340338
REGN.OQ,2007-03-30,0.0897177419596458
REGN.OQ,2007-04-30,0.258094357077704
REGN.OQ,2007-05-31,-0.174999999978515
REGN.OQ,2007-06-29,-0.201426024944241
REGN.OQ,2007-07-31,-0.1690848214249249
REGN.OQ,2007-08-31,0.306917394203573
REGN.OQ,2007-09-28,-0.0853031860337024
REGN.OQ,2007-10-31,0.2359550561867159
REGN.OQ,2007-11-30,-0.0100000000053814
REGN.OQ,2007-12-31,0.10881542699676
REGN.OQ,2008-01-31,-0.160248447212847
REGN.OQ,2008-02-29,-0.0251479290155644
REGN.OQ,2008-03-31,-0.0293373798616338
REGN.OQ,2008-04-30,0.0224075039123337
REGN.OQ,2008-05-30,0.0142711518910594
REGN.OQ,2008-06-30,-0.27437185929096
REGN.OQ,2008-07-31,0.515927977836602
REGN.OQ,2008-08-29,-0.0077661032518667
REGN.OQ,2008-09-30,0.0050644567399706
REGN.OQ,2008-10-31,-0.115895556574499
REGN.OQ,2008-11-28,-0.1989637305858559
REGN.OQ,2008-12-31,0.187580853811895
REGN.OQ,2009-01-30,-0.0479302832274071
REGN.OQ,2009-02-27,-0.1847826087090719
REGN.OQ,2009-03-31,-0.0273684210451797
REGN.OQ,2009-04-30,-0.0432900433158055
REGN.OQ,2009-05-29,0.154600301637478
REGN.OQ,2009-06-30,0.170476812538934
REGN.OQ,2009-07-31,0.196428571428018
REGN.OQ,2009-08-31,0.0601679104369667
REGN.OQ,2009-09-30,-0.150901891759645
REGN.OQ,2009-10-30,-0.186528497405449
REGN.OQ,2009-11-30,0.16878980892516
REGN.OQ,2009-12-31,0.317711171653471
REGN.OQ,2010-01-29,0.102564102562218
REGN.OQ,2010-02-26,-0.0825206301474526
REGN.OQ,2010-03-31,0.0829926410818982
REGN.OQ,2010-04-30,-0.0362400906084062
REGN.OQ,2010-05-28,0.119075597341695
REGN.OQ,2010-06-30,-0.218760938061555
REGN.OQ,2010-07-30,0.0837813619926866
REGN.OQ,2010-08-31,-0.0913600661408648
REGN.OQ,2010-09-30,0.246587807070722
REGN.OQ,2010-10-29,-0.0481751824770431
REGN.OQ,2010-11-30,0.105061349692147
REGN.OQ,2010-12-31,0.139139486479954
REGN.OQ,2011-01-31,0.0258909533927323
REGN.OQ,2011-02-28,0.0769002375026706
REGN.OQ,2011-03-31,0.239040529339889
REGN.OQ,2011-04-29,0.137294170020947
REGN.OQ,2011-05-31,0.174329876743732
REGN.OQ,2011-06-30,-0.0551482838926786
REGN.OQ,2011-07-29,-0.064362546270182
REGN.OQ,2011-08-31,0.11251413492977
REGN.OQ,2011-09-30,-0.0140606471218505
REGN.OQ,2011-10-31,-0.0498281786952308
REGN.OQ,2011-11-30,0.0745027124804545
REGN.OQ,2011-12-30,-0.0671491080468752
REGN.OQ,2012-01-31,0.639184557099974
REGN.OQ,2012-02-29,0.153312788903183
REGN.OQ,2012-03-30,0.112892451576117
REGN.OQ,2012-04-30,0.159835362696465
REGN.OQ,2012-05-31,0.0028833358364814
REGN.OQ,2012-06-29,-0.1579800958206459
REGN.OQ,2012-07-31,0.178865347590726
REGN.OQ,2012-08-31,0.0995172669886368
REGN.OQ,2012-09-28,0.0311381290111326
REGN.OQ,2012-10-31,-0.067863225473881
REGN.OQ,2012-11-30,0.240688685869153
REGN.OQ,2012-12-31,-0.0310393656239982
REGN.OQ,2013-01-31,0.0167767580716465
REGN.OQ,2013-02-28,-0.0398988156805083
REGN.OQ,2013-03-28,0.0562874251466456
REGN.OQ,2013-04-30,0.219614512456653
REGN.OQ,2013-05-31,0.124244677876543
REGN.OQ,2013-06-28,-0.0702443461402271
REGN.OQ,2013-07-31,0.200907150452177
REGN.OQ,2013-08-30,-0.102754943389908
REGN.OQ,2013-09-30,0.291197226708336
REGN.OQ,2013-10-31,-0.0807683702602101
REGN.OQ,2013-11-29,0.0217663421506478
REGN.OQ,2013-12-31,-0.0633635064253245
REGN.OQ,2014-01-31,0.048503124556232
REGN.OQ,2014-02-28,0.152153574283387
REGN.OQ,2014-03-31,-0.0969022556496327
REGN.OQ,2014-04-30,-0.0112894631592602
REGN.OQ,2014-05-30,0.0339182862298559
REGN.OQ,2014-06-30,-0.0797823820713605
REGN.OQ,2014-07-31,0.119481714881115
REGN.OQ,2014-08-29,0.108468787581729
REGN.OQ,2014-09-30,0.0285290425673608
REGN.OQ,2014-10-31,0.0920892044646069
REGN.OQ,2014-11-28,0.056867824835644
REGN.OQ,2014-12-31,-0.0140828146363604
REGN.OQ,2015-01-30,0.0156246191366385
REGN.OQ,2015-02-27,-0.006768108294355
REGN.OQ,2015-03-31,0.0909530253363132
REGN.OQ,2015-04-30,0.013245326489008
REGN.OQ,2015-05-29,0.120447689425201
REGN.OQ,2015-06-30,-0.004740908371236
REGN.OQ,2015-07-31,0.0853311900958529
REGN.OQ,2015-08-31,-0.0725354911031957
REGN.OQ,2015-09-30,-0.0941772152095393
REGN.OQ,2015-10-30,0.198327385325564
REGN.OQ,2015-11-30,-0.0231256391566769
REGN.OQ,2015-12-31,-0.0029935720679378
REGN.OQ,2016-01-29,-0.226168327594479
REGN.OQ,2016-02-29,-0.085862553252953
REGN.OQ,2016-03-31,-0.0614030519298369
REGN.OQ,2016-04-29,0.045139274216093
REGN.OQ,2016-05-31,0.0589843646412791
REGN.OQ,2016-06-30,-0.1245832602181629
REGN.OQ,2016-07-29,0.217306646030074
REGN.OQ,2016-08-31,-0.0766136620309502
REGN.OQ,2016-09-30,0.0241243153721474
REGN.OQ,2016-10-31,-0.141783990842246
REGN.OQ,2016-11-30,0.09918265606363
REGN.OQ,2016-12-30,-0.032037759740674
REGN.OQ,2017-01-31,-0.0212481952620129
REGN.OQ,2017-02-28,0.0395502240684558
REGN.OQ,2017-03-31,0.0375100401507511
REGN.OQ,2017-04-28,0.0025289669940988
REGN.OQ,2017-05-31,0.181652037371629
REGN.OQ,2017-06-30,0.0698819326469662
REGN.OQ,2017-07-31,0.0009773180753092
REGN.OQ,2017-08-31,0.0107400024439781
REGN.OQ,2017-09-29,-0.100181122973085
REGN.OQ,2017-10-31,-0.0995258543629051
REGN.OQ,2017-11-30,-0.1012368983211
REGN.OQ,2017-12-29,0.0389653457258965
REGN.OQ,2018-01-31,-0.0247632726773368
REGN.OQ,2018-02-28,-0.12603300150086
REGN.OQ,2018-03-29,0.074647359868439
REGN.OQ,2018-04-30,-0.118132187256857
REGN.OQ,2018-05-31,-0.0110642781828163
REGN.OQ,2018-06-29,0.14874134259706
REGN.OQ,2018-07-31,0.0667265717934917
REGN.OQ,2018-08-31,0.105268878556071
REGN.OQ,2018-09-28,-0.006662569137085
REGN.OQ,2018-10-31,-0.160380160357528
REGN.OQ,2018-11-30,0.0778504893165537
REGN.OQ,2018-12-31,0.0214686175230747
REGN.OQ,2019-01-31,0.149317269071085
REGN.OQ,2019-02-28,0.0034244182205505
REGN.OQ,2019-03-29,-0.0467103124718436
REGN.OQ,2019-04-30,-0.1643368564564989
REGN.OQ,2019-05-31,-0.120708748640121
REGN.OQ,2019-06-28,0.0373856555834654
REGN.OQ,2019-07-31,-0.0263258785726685
REGN.OQ,2019-08-30,-0.0482674891904494
REGN.OQ,2019-09-30,-0.0436131701296456
REGN.OQ,2019-10-31,0.1041095890717729
REGN.OQ,2019-11-29,0.20477993991686
REGN.OQ,2019-12-31,0.017560975635913
REGN.OQ,2020-01-31,-0.0999786939433875
REGN.OQ,2020-02-28,0.315529383917962
REGN.OQ,2020-03-31,0.0983422183075029
REGN.OQ,2020-04-30,0.0769829404811293
REGN.OQ,2020-05-29,0.1653038716111829
REGN.OQ,2020-06-30,0.0176890063904164
REGN.OQ,2020-07-31,0.013501162510125
REGN.OQ,2020-08-31,-0.0192067334128352
REGN.OQ,2020-09-30,-0.0970270836969658
REGN.OQ,2020-10-30,-0.0289756690100412
REGN.OQ,2020-11-30,-0.0506475826301542
REGN.OQ,2020-12-31,-0.0637947406538996
REGN.OQ,2021-01-29,0.0429094823320462
REGN.OQ,2021-02-26,-0.105728008919362
REGN.OQ,2021-03-31,0.0500921055497507
REGN.OQ,2021-04-30,0.0172464809661772
REGN.OQ,2021-05-28,0.0439019322568659
REGN.OQ,2021-06-30,0.111677248570488
REGN.OQ,2021-07-30,0.0287714398116472
REGN.OQ,2021-08-31,0.1719253058391739
REGN.OQ,2021-09-30,-0.101306801299549
REGN.OQ,2021-10-29,0.0574374566228888
REGN.OQ,2021-11-30,-0.0053286245437296
REGN.OQ,2021-12-31,-0.0078707994723715
REGN.OQ,2022-01-31,-0.0363092221885895
REGN.OQ,2022-02-28,0.0160535007176945
REGN.OQ,2022-03-31,0.129471505268378
REGN.OQ,2022-04-29,-0.0562841842870654
REGN.OQ,2022-05-31,0.0085418215110335
REGN.OQ,2022-06-30,-0.1107350242411349
REGN.OQ,2022-07-29,-0.0159694144817405
REGN.OQ,2022-08-31,-0.001083051126138
REGN.OQ,2022-09-30,0.185540219605775
REGN.OQ,2022-10-31,0.0869249640558694
REGN.OQ,2022-11-30,0.0039398998159929
REGN.OQ,2022-12-30,-0.0401889051584361
REGN.OQ,2023-01-31,0.0512550416607889
REGN.OQ,2023-02-28,0.0025709652455634
REGN.OQ,2023-03-31,0.0805475921130014
REGN.OQ,2023-04-28,-0.0241946280202581
REGN.OQ,2023-05-31,-0.0826026765279164
REGN.OQ,2023-06-30,-0.0231388330034745
REGN.OQ,2023-07-31,0.0325242853473489
REGN.OQ,2023-08-31,0.114003046176152
REGN.OQ,2023-09-29,-0.0042710740578428
REGN.OQ,2023-10-31,-0.052335471948332
REGN.OQ,2023-11-30,0.0563156342854376
REGN.OQ,2023-12-29,0.0661317536900123
REGN.OQ,2024-01-31,0.0734267724935859
NEM.N,2000-01-31,-0.168367346922851
NEM.N,2000-02-29,0.0858895705582066
NEM.N,2000-03-31,0.0155352493197726
NEM.N,2000-04-28,0.044568245118485
NEM.N,2000-05-31,-0.0159999999879534
NEM.N,2000-06-30,-0.0612328640457993
NEM.N,2000-07-31,-0.179190751451097
NEM.N,2000-08-31,0.045774647861965
NEM.N,2000-09-29,-0.0826949631145472
NEM.N,2000-10-31,-0.20220588234906
NEM.N,2000-11-30,0.152073732744427
NEM.N,2000-12-29,0.0941221052578223
NEM.N,2001-01-31,-0.0945054944937917
NEM.N,2001-02-28,0.090614886749605
NEM.N,2001-03-30,-0.0415945085950623
NEM.N,2001-04-30,0.130893300220733
NEM.N,2001-05-31,0.123971475583332
NEM.N,2001-06-29,-0.0904502377173905
NEM.N,2001-07-31,0.0048361096421127
NEM.N,2001-08-31,0.109090909113069
NEM.N,2001-09-28,0.1395802332024329
NEM.N,2001-10-31,-0.016949152526791
NEM.N,2001-11-30,-0.152155172411135
NEM.N,2001-12-31,-0.0270325759637928
NEM.N,2002-01-31,0.142857142858213
NEM.N,2002-02-28,0.104395604398223
NEM.N,2002-03-28,0.149415676700176
NEM.N,2002-04-30,0.0296135788965968
NEM.N,2002-05-31,0.0947036127557331
NEM.N,2002-06-28,-0.155562247033226
NEM.N,2002-07-31,-0.0733004177857429
NEM.N,2002-08-30,0.168852459019723
NEM.N,2002-09-30,-0.0343980343800806
NEM.N,2002-10-31,-0.1014176663224309
NEM.N,2002-11-29,-0.0529935274973755
NEM.N,2002-12-31,0.241671883492597
NEM.N,2003-01-31,-0.0027557699037761
NEM.N,2003-02-28,-0.0559585492290223
NEM.N,2003-03-31,-0.0417494983758454
NEM.N,2003-04-30,0.0332695984687694
NEM.N,2003-05-30,0.0977054033630005
NEM.N,2003-06-30,0.0958456132684553
NEM.N,2003-07-31,0.1121380160259579
NEM.N,2003-08-29,0.0886426592710468
NEM.N,2003-09-30,-0.0043301069733885
NEM.N,2003-10-31,0.119979534360808
NEM.N,2003-11-28,0.0995888533578873
NEM.N,2003-12-31,0.0107893727777892
NEM.N,2004-01-30,-0.142974696578415
NEM.N,2004-02-27,0.0429668746998163
NEM.N,2004-03-31,0.0744140719985095
NEM.N,2004-04-30,-0.1979412395244159
NEM.N,2004-05-28,0.0637700548455693
NEM.N,2004-06-30,-0.0239234449927349
NEM.N,2004-07-30,0.0441176470559137
NEM.N,2004-08-31,0.0968618729993282
NEM.N,2004-09-30,0.0273989449818839
NEM.N,2004-10-29,0.0437074456541038
NEM.N,2004-11-30,-0.0015526035549555
NEM.N,2004-12-31,-0.0620908130946992
NEM.N,2005-01-31,-0.0634992118754451
NEM.N,2005-02-28,0.0824717480213721
NEM.N,2005-03-31,-0.0593977402370651
NEM.N,2005-04-29,-0.10130177513276
NEM.N,2005-05-31,-0.0166165683008114
NEM.N,2005-06-30,0.048066595064163
NEM.N,2005-07-29,-0.0379195490554387
NEM.N,2005-08-31,0.0540612516619603
NEM.N,2005-09-30,0.194690963524778
NEM.N,2005-10-31,-0.0968836124739636
NEM.N,2005-11-30,0.0849169970555468
NEM.N,2005-12-30,0.157849089356592
NEM.N,2006-01-31,0.15730337077171
NEM.N,2006-02-28,-0.143689320394268
NEM.N,2006-03-31,-0.0175342898113786
NEM.N,2006-04-28,0.124686837549115
NEM.N,2006-05-31,-0.106408498969045
NEM.N,2006-06-30,0.0169322480926688
NEM.N,2006-07-31,-0.0321178915569112
NEM.N,2006-08-31,0.0003903962449167
NEM.N,2006-09-29,-0.164247677902613
NEM.N,2006-10-31,0.0589473684395119
NEM.N,2006-11-30,0.0362270819349573
NEM.N,2006-12-29,-0.0354777677597652
NEM.N,2007-01-31,-0.0011074197245759
NEM.N,2007-02-28,-0.0006651884806272
NEM.N,2007-03-30,-0.0661449630118259
NEM.N,2007-04-30,-0.00690640629267
NEM.N,2007-05-31,-0.0244604316468138
NEM.N,2007-06-29,-0.037483396317874
NEM.N,2007-07-31,0.0688684075794508
NEM.N,2007-08-31,0.0122155688586294
NEM.N,2007-09-28,0.0609282477030033
NEM.N,2007-10-31,0.137044489137636
NEM.N,2007-11-30,-0.0230043256138074
NEM.N,2007-12-31,-0.0153188538768326
NEM.N,2008-01-31,0.112840466907305
NEM.N,2008-02-29,-0.0583364004451696
NEM.N,2008-03-31,-0.112990961808876
NEM.N,2008-04-30,-0.0240618101342366
NEM.N,2008-05-30,0.0750961321046659
NEM.N,2008-06-30,0.0997540560997743
NEM.N,2008-07-31,-0.0805214723754399
NEM.N,2008-08-29,-0.0596330275190096
NEM.N,2008-09-30,-0.138500092945155
NEM.N,2008-10-31,-0.320433436532536
NEM.N,2008-11-28,0.277524677315641
NEM.N,2008-12-31,0.213632049749002
NEM.N,2009-01-30,-0.0226044226141804
NEM.N,2009-02-27,0.046505781809731
NEM.N,2009-03-31,0.0779579765448726
NEM.N,2009-04-30,-0.10098302057491
NEM.N,2009-05-29,0.214463220672008
NEM.N,2009-06-30,-0.161898016246982
NEM.N,2009-07-31,0.0117445558950127
NEM.N,2009-08-31,-0.0280532043478021
NEM.N,2009-09-30,0.0976903840235233
NEM.N,2009-10-30,-0.012721490209028
NEM.N,2009-11-30,0.234238380130776
NEM.N,2009-12-31,-0.11631444124583
NEM.N,2010-01-29,-0.0940604523508143
NEM.N,2010-02-26,0.1497900140282509
NEM.N,2010-03-31,0.0355380054774626
NEM.N,2010-04-30,0.101119183200406
NEM.N,2010-05-28,-0.0402995720574956
NEM.N,2010-06-30,0.149196581208229
NEM.N,2010-07-30,-0.0945902170439585
NEM.N,2010-08-31,0.0969588551004913
NEM.N,2010-09-30,0.0268229073706114
NEM.N,2010-10-29,-0.0308868014664618
NEM.N,2010-11-30,-0.0335140463361141
NEM.N,2010-12-31,0.0466636849585214
NEM.N,2011-01-31,-0.103532476002484
NEM.N,2011-02-28,0.0036317414290225
NEM.N,2011-03-31,-0.009642123829381
NEM.N,2011-04-29,0.0738365701917687
NEM.N,2011-05-31,-0.034806347030363
NEM.N,2011-06-30,-0.0423131203937414
NEM.N,2011-07-29,0.030387252197598
NEM.N,2011-08-31,0.126056464676731
NEM.N,2011-09-30,0.0091404794102443
NEM.N,2011-10-31,0.06248012718353
NEM.N,2011-11-30,0.0306748466309623
NEM.N,2011-12-30,-0.124233670013227
NEM.N,2012-01-31,0.0244959173595365
NEM.N,2012-02-29,-0.0338321405155704
NEM.N,2012-03-30,-0.131362016058576
NEM.N,2012-04-30,-0.0706065925508118
NEM.N,2012-05-31,-0.0102833158220472
NEM.N,2012-06-29,0.0357862382583591
NEM.N,2012-07-31,-0.0832817975937683
NEM.N,2012-08-31,0.139644704288715
NEM.N,2012-09-28,0.112988762163865
NEM.N,2012-10-31,-0.0260667737915539
NEM.N,2012-11-30,-0.136755270397704
NEM.N,2012-12-31,-0.0061465490221955
NEM.N,2013-01-31,-0.0749354004952606
NEM.N,2013-02-28,-0.0621508379895357
NEM.N,2013-03-28,0.0510743319335507
NEM.N,2013-04-30,-0.2265457149733709
NEM.N,2013-05-31,0.0580246913480985
NEM.N,2013-06-28,-0.117292348622884
NEM.N,2013-07-31,0.0016694490851942
NEM.N,2013-08-30,0.058999999989469
NEM.N,2013-09-30,-0.1084913921372269
NEM.N,2013-10-31,-0.0298932384165416
NEM.N,2013-11-29,-0.0891415993965305
NEM.N,2013-12-31,-0.0645587600468789
NEM.N,2014-01-31,-0.0620929222534818
NEM.N,2014-02-28,0.0768518518414443
NEM.N,2014-03-31,0.0139464423905844
NEM.N,2014-04-30,0.059300341287301
NEM.N,2014-05-30,-0.0781312928001985
NEM.N,2014-06-30,0.112622074469965
NEM.N,2014-07-31,-0.020833333344241
NEM.N,2014-08-29,0.0875150541988401
NEM.N,2014-09-30,-0.148299642209661
NEM.N,2014-10-31,-0.186117136664083
NEM.N,2014-11-28,-0.0191897654546156
NEM.N,2014-12-31,0.0284820842044439
NEM.N,2015-01-30,0.330687830699265
NEM.N,2015-02-27,0.0469184890735517
NEM.N,2015-03-31,-0.174518376403388
NEM.N,2015-04-30,0.2201750345396489
NEM.N,2015-05-29,0.0283125707694374
NEM.N,2015-06-30,-0.141559299892728
NEM.N,2015-07-31,-0.264982876723808
NEM.N,2015-08-31,-0.0058241118182823
NEM.N,2015-09-30,-0.0571076533587171
NEM.N,2015-10-30,0.210952084637
NEM.N,2015-11-30,-0.0539568345295403
NEM.N,2015-12-31,-0.0215672745511966
NEM.N,2016-01-29,0.109505280699772
NEM.N,2016-02-29,0.294088176360514
NEM.N,2016-03-31,0.0300296683299073
NEM.N,2016-04-29,0.315650865350633
NEM.N,2016-05-31,-0.0732056048029421
NEM.N,2016-06-30,0.20789826873185
NEM.N,2016-07-29,0.124744376281447
NEM.N,2016-08-31,-0.130909090909027
NEM.N,2016-09-30,0.0281164497629207
NEM.N,2016-10-31,-0.0572664800381614
NEM.N,2016-11-30,-0.124190064811726
NEM.N,2016-12-30,0.051836928033673
NEM.N,2017-01-31,0.0648664514159383
NEM.N,2017-02-28,-0.0562293274464899
NEM.N,2017-03-31,-0.0359237827239328
NEM.N,2017-04-28,0.0257888349453301
NEM.N,2017-05-31,0.0100561964296777
NEM.N,2017-06-30,-0.0501976987651838
NEM.N,2017-07-31,0.147576412465273
NEM.N,2017-08-31,0.03147699758613
NEM.N,2017-09-29,-0.0197113335016115
NEM.N,2017-10-31,-0.0359904025915379
NEM.N,2017-11-30,0.0229535398331833
NEM.N,2017-12-29,0.0164460884100992
NEM.N,2018-01-31,0.0796908315589541
NEM.N,2018-02-28,-0.0570229573088661
NEM.N,2018-03-29,0.0265729720644233
NEM.N,2018-04-30,0.0056309188894387
NEM.N,2018-05-31,-0.0091626368121409
NEM.N,2018-06-29,-0.0278304713201538
NEM.N,2018-07-31,-0.0273137098940599
NEM.N,2018-08-31,-0.154034896399799
NEM.N,2018-09-28,-0.0222305615045369
NEM.N,2018-10-31,0.0238410596025915
NEM.N,2018-11-30,0.045924967642744
NEM.N,2018-12-31,0.0760213454523513
NEM.N,2019-01-31,-0.015584415569003
NEM.N,2019-02-28,0.000293169157582
NEM.N,2019-03-29,0.0527875275500125
NEM.N,2019-04-30,-0.11002140851986
NEM.N,2019-05-31,0.0653573728194332
NEM.N,2019-06-28,0.167305995988186
NEM.N,2019-07-31,-0.0506888484633429
NEM.N,2019-08-30,0.0922782037249326
NEM.N,2019-09-30,-0.0459486729008462
NEM.N,2019-10-31,0.047732067512706
NEM.N,2019-11-29,-0.0334759627600004
NEM.N,2019-12-31,0.135558754483833
NEM.N,2020-01-31,0.0370540851422176
NEM.N,2020-02-28,-0.009542831770972
NEM.N,2020-03-31,0.0173492726752218
NEM.N,2020-04-30,0.313604240301422
NEM.N,2020-05-29,-0.016980497643579
NEM.N,2020-06-30,0.0606383888916628
NEM.N,2020-07-31,0.120829284082584
NEM.N,2020-08-31,-0.0277456647339102
NEM.N,2020-09-30,-0.053467741780082
NEM.N,2020-10-30,-0.0096138692010389
NEM.N,2020-11-30,-0.0639719923348642
NEM.N,2020-12-31,0.0250730859944224
NEM.N,2021-01-29,-0.0048422107327558
NEM.N,2021-02-26,-0.0875838926075942
NEM.N,2021-03-31,0.119328896046117
NEM.N,2021-04-30,0.0355068856925282
NEM.N,2021-05-28,0.17737542060058
NEM.N,2021-06-30,-0.130926904476859
NEM.N,2021-07-30,-0.0088355948109748
NEM.N,2021-08-31,-0.0768863419354601
NEM.N,2021-09-30,-0.0546844301403794
NEM.N,2021-10-29,-0.0055248618609822
NEM.N,2021-11-30,0.0170370370316104
NEM.N,2021-12-31,0.140299239059248
NEM.N,2022-01-31,-0.0137052563466975
NEM.N,2022-02-28,0.0822298512155878
NEM.N,2022-03-31,0.208839790891816
NEM.N,2022-04-29,-0.0830711139075504
NEM.N,2022-05-31,-0.068634179823153
NEM.N,2022-06-30,-0.113369751712373
NEM.N,2022-07-29,-0.2411597117621489
NEM.N,2022-08-31,-0.0865724381633867
NEM.N,2022-09-30,0.0293966188882497
NEM.N,2022-10-31,0.0068998334711609
NEM.N,2022-11-30,0.1216918714489879
NEM.N,2022-12-30,0.0059009174320179
NEM.N,2023-01-31,0.121398305077511
NEM.N,2023-02-28,-0.176081617222225
NEM.N,2023-03-31,0.134718766108929
NEM.N,2023-04-28,-0.0330477356212401
NEM.N,2023-05-31,-0.136075949350212
NEM.N,2023-06-30,0.0520345252693395
NEM.N,2023-07-31,0.0060947022942654
NEM.N,2023-08-31,-0.0815470643447996
NEM.N,2023-09-29,-0.0529199364854778
NEM.N,2023-10-31,0.0140730717056461
NEM.N,2023-11-30,0.0832163832222732
NEM.N,2023-12-29,0.0298581736724102
NEM.N,2024-01-31,-0.166223725552823
TYL.N,2000-01-31,-0.204545454536559
TYL.N,2000-02-29,0.2285714285864289
TYL.N,2000-03-31,0.104651162793434
TYL.N,2000-04-28,-0.0947368420814915
TYL.N,2000-05-31,-0.255813953494969
TYL.N,2000-06-30,-0.359374999993318
TYL.N,2000-07-31,5.5222e-13
TYL.N,2000-08-31,-0.146341463418018
TYL.N,2000-09-29,-0.0857142857244317
TYL.N,2000-10-31,0.2187499999943679
TYL.N,2000-11-30,-0.179487179482173
TYL.N,2000-12-29,-0.156249999993041
TYL.N,2001-01-31,0.0666666666658042
TYL.N,2001-02-28,-0.22222222223604
TYL.N,2001-03-30,0.357142857145613
TYL.N,2001-04-30,-0.184210526315554
TYL.N,2001-05-31,0.7032258064578809
TYL.N,2001-06-29,-0.0909090909201916
TYL.N,2001-07-31,0.100000000000953
TYL.N,2001-08-31,0.3825757575634529
TYL.N,2001-09-28,-0.205479452057365
TYL.N,2001-10-31,0.189655172432284
TYL.N,2001-11-30,-0.0231884057897935
TYL.N,2001-12-31,0.350148367954027
TYL.N,2002-01-31,-0.0329670329668907
TYL.N,2002-02-28,-0.0454545454425808
TYL.N,2002-03-28,0.366666666671156
TYL.N,2002-04-30,-0.0540069686317961
TYL.N,2002-05-31,-0.0313075506538131
TYL.N,2002-06-28,0.0114068441044053
TYL.N,2002-07-31,-0.075187969930701
TYL.N,2002-08-30,-0.237804878041883
TYL.N,2002-09-30,0.173333333347075
TYL.N,2002-10-31,-0.090909090906356
TYL.N,2002-11-29,0.112499999996165
TYL.N,2002-12-31,-0.0629213483049115
TYL.N,2003-01-31,-0.0647482014369946
TYL.N,2003-02-28,-0.0307692307690242
TYL.N,2003-03-31,-0.0661375661179273
TYL.N,2003-04-30,0.118980169992785
TYL.N,2003-05-30,0.14936708861517
TYL.N,2003-06-30,-0.0638766519775454
TYL.N,2003-07-31,0.1647058823491149
TYL.N,2003-08-29,0.278787878774943
TYL.N,2003-09-30,0.118483412318683
TYL.N,2003-10-31,0.11864406777054
TYL.N,2003-11-28,0.0606060605972489
TYL.N,2003-12-31,0.146428571425516
TYL.N,2004-01-30,0.0384215991662551
TYL.N,2004-02-27,-0.069000000003387
TYL.N,2004-03-31,0.0429645542549168
TYL.N,2004-04-30,-0.0278063851746486
TYL.N,2004-05-28,-0.0572033898407884
TYL.N,2004-06-30,0.0629213483045679
TYL.N,2004-07-30,-0.0274841437698413
TYL.N,2004-08-31,-0.0108695652199005
TYL.N,2004-09-30,-0.0285714285719915
TYL.N,2004-10-29,-0.0135746606121934
TYL.N,2004-11-30,-0.100917431179942
TYL.N,2004-12-31,0.0663265306011378
TYL.N,2005-01-31,-0.0849282296792464
TYL.N,2005-02-28,-0.0797385620713549
TYL.N,2005-03-31,0.0809659090756369
TYL.N,2005-04-29,-0.240473061757325
TYL.N,2005-05-31,0.126297577863455
TYL.N,2005-06-30,0.161290322578098
TYL.N,2005-07-29,0.0502645502720014
TYL.N,2005-08-31,0.0226700251685648
TYL.N,2005-09-30,0.0197044334840524
TYL.N,2005-10-31,-0.0169082125590123
TYL.N,2005-11-30,0.0749385749334333
TYL.N,2005-12-30,0.0034285714253021
TYL.N,2006-01-31,-0.009111617332417
TYL.N,2006-02-28,0.139080459773884
TYL.N,2006-03-31,0.109989909193735
TYL.N,2006-04-28,0.0027272727243139
TYL.N,2006-05-31,-0.0362647325312964
TYL.N,2006-06-30,0.053621825034226
TYL.N,2006-07-31,0.073214285705594
TYL.N,2006-08-31,0.0881863560950936
TYL.N,2006-09-29,-0.0114678899167951
TYL.N,2006-10-31,0.0974477957996445
TYL.N,2006-11-30,0.0183227625135836
TYL.N,2006-12-29,-0.0269896193621789
TYL.N,2007-01-31,-0.0113798008554353
TYL.N,2007-02-28,-0.019424460434694
TYL.N,2007-03-30,-0.06823184151565
TYL.N,2007-04-30,-0.0590551181066227
TYL.N,2007-05-31,0.0150627614941438
TYL.N,2007-06-29,0.0230832646201676
TYL.N,2007-07-31,-0.0306204673604471
TYL.N,2007-08-31,0.232751454731093
TYL.N,2007-09-28,-0.0997977073515595
TYL.N,2007-10-31,0.207490636731692
TYL.N,2007-11-30,-0.0657568238342902
TYL.N,2007-12-31,-0.144090305460838
TYL.N,2008-01-31,0.0380139643090966
TYL.N,2008-02-29,0.0351270552975562
TYL.N,2008-03-31,0.0093862815862972
TYL.N,2008-04-30,0.0350500715242876
TYL.N,2008-05-30,0.0891499654668593
TYL.N,2008-06-30,-0.138959390860424
TYL.N,2008-07-31,0.17759764184123
TYL.N,2008-08-29,0.0143929912540159
TYL.N,2008-09-30,-0.0641579272098772
TYL.N,2008-10-31,-0.104152933417494
TYL.N,2008-11-28,-0.0706401766256141
TYL.N,2008-12-31,-0.0514647664327961
TYL.N,2009-01-30,0.0509181969875729
TYL.N,2009-02-27,0.0810166798970073
TYL.N,2009-03-31,0.0749448934603343
TYL.N,2009-04-30,0.127819548863382
TYL.N,2009-05-29,0.0181818181753075
TYL.N,2009-06-30,-0.0702380952420689
TYL.N,2009-07-31,-0.0140845070456602
TYL.N,2009-08-31,-0.0110389610431978
TYL.N,2009-09-30,0.122127380188826
TYL.N,2009-10-30,0.112931538891494
TYL.N,2009-11-30,0.0504731860915368
TYL.N,2009-12-31,-0.003503503485608
TYL.N,2010-01-29,-0.0592667001482837
TYL.N,2010-02-26,-0.0304324612974838
TYL.N,2010-03-31,0.0319383259733867
TYL.N,2010-04-30,-0.0907150480014359
TYL.N,2010-05-28,-0.047535211271103
TYL.N,2010-06-30,-0.0437461490953246
TYL.N,2010-07-30,0.0586340206298469
TYL.N,2010-08-31,0.0535605599361163
TYL.N,2010-09-30,0.1646447140560379
TYL.N,2010-10-29,0.0124007936605239
TYL.N,2010-11-30,-1.6952e-12
TYL.N,2010-12-31,0.0171484566105502
TYL.N,2011-01-31,-0.0004816955777745
TYL.N,2011-02-28,0.0660240963817043
TYL.N,2011-03-31,0.0718806510129781
TYL.N,2011-04-29,0.0455504006625565
TYL.N,2011-05-31,0.0250100847020173
TYL.N,2011-06-30,0.0539157811761068
TYL.N,2011-07-29,-0.0481702763402334
TYL.N,2011-08-31,-0.0102000784746623
TYL.N,2011-09-30,0.001981767759243
TYL.N,2011-10-31,0.24881329117074
TYL.N,2011-11-30,0.0152043079049437
TYL.N,2011-12-30,-0.0605304212273438
TYL.N,2012-01-31,0.166722019258086
TYL.N,2012-02-29,0.0751494449296481
TYL.N,2012-03-30,0.0169446650814313
TYL.N,2012-04-30,0.0400937255903899
TYL.N,2012-05-31,-0.0663329161234153
TYL.N,2012-06-29,0.0817694370003298
TYL.N,2012-07-31,-0.0329615861338814
TYL.N,2012-08-31,0.0317785750861743
TYL.N,2012-09-28,0.0933929458610063
TYL.N,2012-10-31,0.086097228541431
TYL.N,2012-11-30,-0.0186153524207653
TYL.N,2012-12-31,0.0323955669227056
TYL.N,2013-01-31,0.115813377375032
TYL.N,2013-02-28,0.0434782608807669
TYL.N,2013-03-28,0.0861702127762875
TYL.N,2013-04-30,0.0323212536534072
TYL.N,2013-05-31,0.091239721708914
TYL.N,2013-06-28,-0.0066657006214245
TYL.N,2013-07-31,0.0885485047346348
TYL.N,2013-08-30,-0.0097829000121699
TYL.N,2013-09-30,0.183786709984371
TYL.N,2013-10-31,0.105636218132293
TYL.N,2013-11-29,0.0610071347775012
TYL.N,2013-12-31,-0.0046779066414817
TYL.N,2014-01-31,0.0325075883837491
TYL.N,2014-02-28,-0.110668563309324
TYL.N,2014-03-31,-0.107698869701067
TYL.N,2014-04-30,-0.0242590822294729
TYL.N,2014-05-30,-0.0431108389498511
TYL.N,2014-06-30,0.167413285526459
TYL.N,2014-07-31,-0.0052625808649229
TYL.N,2014-08-29,-0.0184062603210744
TYL.N,2014-09-30,-0.0074107343212866
TYL.N,2014-10-31,0.266063348416098
TYL.N,2014-11-28,-0.0298427448090337
TYL.N,2014-12-31,0.0079204273214015
TYL.N,2015-01-30,-0.0307017543739568
TYL.N,2015-02-27,0.125282805445829
TYL.N,2015-03-31,0.0097176844836908
TYL.N,2015-04-30,0.0117812992569536
TYL.N,2015-05-29,-0.0038540385327426
TYL.N,2015-06-30,0.0650312808946487
TYL.N,2015-07-31,0.0785283660524441
TYL.N,2015-08-31,-0.010749605865746
TYL.N,2015-09-30,0.0816430020508056
TYL.N,2015-10-30,0.140981849820421
TYL.N,2015-11-30,0.0474289739375824
TYL.N,2015-12-31,-0.0230889934995658
TYL.N,2016-01-29,-0.0990133088517224
TYL.N,2016-02-29,-0.233923341400018
TYL.N,2016-03-31,0.0688996010732779
TYL.N,2016-04-29,0.138402923583165
TYL.N,2016-05-31,0.0469913257199455
TYL.N,2016-06-30,0.0875464805071231
TYL.N,2016-07-29,-0.0221342450888932
TYL.N,2016-08-31,0.0057048214855595
TYL.N,2016-09-30,0.0444037816490539
TYL.N,2016-10-31,-0.0632482625849555
TYL.N,2016-11-30,-0.0716957605881992
TYL.N,2016-12-30,-0.0411685694976153
TYL.N,2017-01-31,0.0227638859534658
TYL.N,2017-02-28,0.0385563621434752
TYL.N,2017-03-31,0.0191889218603398
TYL.N,2017-04-28,0.0584239130677876
TYL.N,2017-05-31,0.0445626260561028
TYL.N,2017-06-30,0.0280313670439372
TYL.N,2017-07-31,-0.0219730175882342
TYL.N,2017-08-31,0.0057621791538862
TYL.N,2017-09-29,0.0087962963042995
TYL.N,2017-10-31,0.0170376319468612
TYL.N,2017-11-30,0.0317558801903348
TYL.N,2017-12-29,-0.0320905313715971
TYL.N,2018-01-31,0.138153064111202
TYL.N,2018-02-28,0.0079400526245785
TYL.N,2018-03-29,0.0386490079272419
TYL.N,2018-04-30,0.0377322715060473
TYL.N,2018-05-31,0.05801205921102
TYL.N,2018-06-29,-0.041101804642297
TYL.N,2018-07-31,0.0130121566729777
TYL.N,2018-08-31,0.0976043379795009
TYL.N,2018-09-28,-0.0076533711318741
TYL.N,2018-10-31,-0.13629315269076
TYL.N,2018-11-30,-0.089294151011553
TYL.N,2018-12-31,-0.0360033201936876
TYL.N,2019-01-31,0.0181358303828132
TYL.N,2019-02-28,0.0824567894559237
TYL.N,2019-03-29,-0.0019043898679524
TYL.N,2019-04-30,0.13458904111817
TYL.N,2019-05-31,-0.0800310465196151
TYL.N,2019-06-28,0.0125146473129472
TYL.N,2019-07-31,0.0802240533336904
TYL.N,2019-08-30,0.0993786158196037
TYL.N,2019-09-30,0.0232322444869166
TYL.N,2019-10-31,0.0229333333197854
TYL.N,2019-11-29,0.0806271413949592
TYL.N,2019-12-31,0.0339456181084228
TYL.N,2020-01-31,0.0788614092505007
TYL.N,2020-02-28,-0.0319142362872636
TYL.N,2020-03-31,-0.0535822562605214
TYL.N,2020-04-30,0.0813663339718394
TYL.N,2020-05-29,0.170320246975511
TYL.N,2020-06-30,-0.0757507127282194
TYL.N,2020-07-31,0.029895064573755
TYL.N,2020-08-31,-0.0334219734096256
TYL.N,2020-09-30,0.0094118328664414
TYL.N,2020-10-30,0.102765664453413
TYL.N,2020-11-30,0.112440813788637
TYL.N,2020-12-31,0.0208606173850485
TYL.N,2021-01-29,-0.0314533125435379
TYL.N,2021-02-26,0.0960997185232602
TYL.N,2021-03-31,-0.0839195546044258
TYL.N,2021-04-30,0.0007773301838509
TYL.N,2021-05-28,-0.0510756484564122
TYL.N,2021-06-30,0.1220607203224549
TYL.N,2021-07-30,0.0890200499701521
TYL.N,2021-08-31,-0.0140873660294109
TYL.N,2021-09-30,-0.0556928144764099
TYL.N,2021-10-29,0.184388967628783
TYL.N,2021-11-30,-0.044622804751419
TYL.N,2021-12-31,0.0365524682984366
TYL.N,2022-01-31,-0.119249000851521
TYL.N,2022-02-28,-0.0961165048654208
TYL.N,2022-03-31,0.0388315508995352
TYL.N,2022-04-29,-0.112791926106961
TYL.N,2022-05-31,-0.0985280332453353
TYL.N,2022-06-30,-0.0655949637193307
TYL.N,2022-07-29,0.200072184813604
TYL.N,2022-08-31,-0.0688972431046164
TYL.N,2022-09-30,-0.0646281392096588
TYL.N,2022-10-31,-0.0695539568255709
TYL.N,2022-11-30,0.0600315467311556
TYL.N,2022-12-30,-0.0593160996687462
TYL.N,2023-01-31,0.0011165906825265
TYL.N,2023-02-28,-0.004709235707889
TYL.N,2023-03-31,0.103937743188966
TYL.N,2023-04-28,0.0687739680050981
TYL.N,2023-05-31,0.0473049626783013
TYL.N,2023-06-30,0.0491485288286142
TYL.N,2023-07-31,-0.0476384853457335
TYL.N,2023-08-31,0.0045382346462135
TYL.N,2023-09-29,-0.0308460708256393
TYL.N,2023-10-31,-0.034288082049692
TYL.N,2023-11-30,0.0963797264871962
TYL.N,2023-12-29,0.0226983661150832
TYL.N,2024-01-31,0.0110733760628043
