RIC,date,return
MAA.N,2000-01-31,0.0031086556106312
MAA.N,2000-02-29,0.0338983050925403
MAA.N,2000-03-31,-0.0163934426261053
MAA.N,2000-04-28,0.0875108728147424
MAA.N,2000-05-31,-0.0183246073412551
MAA.N,2000-06-30,0.0239999999992069
MAA.N,2000-07-31,0.0112097663274682
MAA.N,2000-08-31,0.0211081794195058
MAA.N,2000-09-29,-0.0103359173227958
MAA.N,2000-10-31,-0.0567788223221433
MAA.N,2000-11-30,-0.0340909091123317
MAA.N,2000-12-29,0.0617647058689763
MAA.N,2001-01-31,0.0362288329400153
MAA.N,2001-02-28,-0.0438596491224045
MAA.N,2001-03-30,0.0311926605575312
MAA.N,2001-04-30,0.0451337718400413
MAA.N,2001-05-31,0.0524017467112277
MAA.N,2001-06-29,0.0618257261334176
MAA.N,2001-07-31,0.0290951928003675
MAA.N,2001-08-31,0.0019417475831655
MAA.N,2001-09-28,0.0077519379832215
MAA.N,2001-10-31,-0.0325815200755996
MAA.N,2001-11-30,0.0496338486463566
MAA.N,2001-12-31,0.019379844966938
MAA.N,2002-01-31,-0.0004719997834746
MAA.N,2002-02-28,-0.0023337223054768
MAA.N,2002-03-28,0.0194931773892957
MAA.N,2002-04-30,0.0455697896495524
MAA.N,2002-05-31,-0.0269259536272842
MAA.N,2002-06-28,0.0280553420397259
MAA.N,2002-07-31,-0.0144450577808997
MAA.N,2002-08-30,-0.0213592232884868
MAA.N,2002-09-30,-0.0115079364986793
MAA.N,2002-10-31,-0.0284501557650565
MAA.N,2002-11-29,0.0550847457589727
MAA.N,2002-12-31,-0.01807228915389
MAA.N,2003-01-31,-0.002587907402613
MAA.N,2003-02-28,-0.0205882352852305
MAA.N,2003-03-31,0.0167310167143947
MAA.N,2003-04-30,0.109392800885058
MAA.N,2003-05-30,0.021400778258013
MAA.N,2003-06-30,0.0289523809422216
MAA.N,2003-07-31,0.0807553281505853
MAA.N,2003-08-29,0.0276223776263094
MAA.N,2003-09-30,0.0268798911094059
MAA.N,2003-10-31,0.0600960065902631
MAA.N,2003-11-28,0.0464968152761915
MAA.N,2003-12-31,0.0219111381677457
MAA.N,2004-01-30,0.0455348669024018
MAA.N,2004-02-27,0.0391190958879892
MAA.N,2004-03-31,0.0354155047630957
MAA.N,2004-04-30,-0.115664879714858
MAA.N,2004-05-28,0.0939534883849962
MAA.N,2004-06-30,0.073979591851675
MAA.N,2004-07-30,-0.0393542333772439
MAA.N,2004-08-31,0.10599721060364
MAA.N,2004-09-30,-0.0176544766701138
MAA.N,2004-10-29,0.0250514708667556
MAA.N,2004-11-30,0.0033053648516807
MAA.N,2004-12-31,0.0446021287631442
MAA.N,2005-01-31,-0.0688300277961704
MAA.N,2005-02-28,-0.0068746694904058
MAA.N,2005-03-31,-0.0282215122615096
MAA.N,2005-04-29,0.0642675080082584
MAA.N,2005-05-31,0.059377452244985
MAA.N,2005-06-30,0.12148148149433
MAA.N,2005-07-29,0.0734914308784758
MAA.N,2005-08-31,-0.0695742471664218
MAA.N,2005-09-30,0.0381696428756415
MAA.N,2005-10-31,0.0163910697528753
MAA.N,2005-11-30,0.0411575562574815
MAA.N,2005-12-30,-0.0014412188371846
MAA.N,2006-01-31,0.0652679681274482
MAA.N,2006-02-28,0.063663075440231
MAA.N,2006-03-31,0.0082872928222557
MAA.N,2006-04-28,-0.0207466887237404
MAA.N,2006-05-31,-0.0471698113353487
MAA.N,2006-06-30,0.103960396039807
MAA.N,2006-07-31,0.0356459402522979
MAA.N,2006-08-31,0.057422969173669
MAA.N,2006-09-29,0.0135761589375856
MAA.N,2006-10-31,0.049286851307947
MAA.N,2006-11-30,-0.0573448546713111
MAA.N,2006-12-29,-0.0460000000030163
MAA.N,2007-01-31,0.0614255032288316
MAA.N,2007-02-28,-0.0813373253510046
MAA.N,2007-03-30,0.018649284825818
MAA.N,2007-04-30,-0.0307233778869876
MAA.N,2007-05-31,0.0889712696862235
MAA.N,2007-06-29,-0.106723404244613
MAA.N,2007-07-31,-0.130593940553565
MAA.N,2007-08-31,0.0988256149031018
MAA.N,2007-09-28,0.005242992539687
MAA.N,2007-10-31,0.0547990123919757
MAA.N,2007-11-30,-0.0713461538455084
MAA.N,2007-12-31,-0.1147235452453299
MAA.N,2008-01-31,0.087314884630759
MAA.N,2008-02-29,0.0585025103898566
MAA.N,2008-03-31,0.0278407919235579
MAA.N,2008-04-30,0.0662884940824354
MAA.N,2008-05-30,0.0662857142932112
MAA.N,2008-06-30,-0.0882458020407269
MAA.N,2008-07-31,0.138793788646288
MAA.N,2008-08-29,-0.127196798334055
MAA.N,2008-09-30,-0.0203349282354276
MAA.N,2008-10-31,-0.272608588646913
MAA.N,2008-11-28,0.0507945516477442
MAA.N,2008-12-31,0.0035106670284372
MAA.N,2009-01-30,-0.188691992530446
MAA.N,2009-02-27,-0.124915368977851
MAA.N,2009-03-31,0.192649903269901
MAA.N,2009-04-30,0.221649088087406
MAA.N,2009-05-29,-0.0189240335429115
MAA.N,2009-06-30,0.0115734362054709
MAA.N,2009-07-31,0.098950300897412
MAA.N,2009-08-31,0.1036047391187899
MAA.N,2009-09-30,0.0308359981793354
MAA.N,2009-10-30,-0.0148499459912689
MAA.N,2009-11-30,0.0613874942937194
MAA.N,2009-12-31,0.0380563319864307
MAA.N,2010-01-29,-0.0157768089017445
MAA.N,2010-02-26,0.106990622330531
MAA.N,2010-03-31,-0.0028879476331955
MAA.N,2010-04-30,0.0797604850545424
MAA.N,2010-05-28,-0.0115795187295215
MAA.N,2010-06-30,-0.0578436756334678
MAA.N,2010-07-30,0.110006981195395
MAA.N,2010-08-31,-0.000177053809762
MAA.N,2010-09-30,0.0320524172260534
MAA.N,2010-10-29,0.0578309472057432
MAA.N,2010-11-30,0.0055710306363587
MAA.N,2010-12-31,0.0345445657337562
MAA.N,2011-01-31,0.0143019967857476
MAA.N,2011-02-28,0.0191372549063784
MAA.N,2011-03-31,-0.0118516238390601
MAA.N,2011-04-29,0.0517049872724802
MAA.N,2011-05-31,0.025430067316073
MAA.N,2011-06-30,-0.015754923402416
MAA.N,2011-07-29,0.0585923354737428
MAA.N,2011-08-31,0.0097471394332076
MAA.N,2011-09-30,-0.157526580870216
MAA.N,2011-10-31,0.0472907543048378
MAA.N,2011-11-30,-0.0814102564144377
MAA.N,2011-12-30,0.0912421493246451
MAA.N,2012-01-31,0.0330064562325347
MAA.N,2012-02-29,-0.0242490613216512
MAA.N,2012-03-30,0.074715408053758
MAA.N,2012-04-30,0.0257574975407534
MAA.N,2012-05-31,-0.0099897164784284
MAA.N,2012-06-29,0.0126131473445893
MAA.N,2012-07-31,0.0243862721080348
MAA.N,2012-08-31,-0.0177668640993523
MAA.N,2012-09-28,-0.039558823537604
MAA.N,2012-10-31,0.0011323860281606
MAA.N,2012-11-30,-0.0369340132603316
MAA.N,2012-12-31,0.0389922978285049
MAA.N,2013-01-31,0.0203467790721119
MAA.N,2013-02-28,0.0622609759900645
MAA.N,2013-03-28,-0.0054723502431453
MAA.N,2013-04-30,0.0051168108097379
MAA.N,2013-05-31,-0.0110577622962899
MAA.N,2013-06-28,-0.002942474621519
MAA.N,2013-07-31,0.0069757095779945
MAA.N,2013-08-30,-0.0871946706294131
MAA.N,2013-09-30,0.0136230943842409
MAA.N,2013-10-31,0.0742138880073364
MAA.N,2013-11-29,-0.0927710843308199
MAA.N,2013-12-31,0.0083001328198562
MAA.N,2014-01-31,0.0751927444245413
MAA.N,2014-02-28,0.0480322280754642
MAA.N,2014-03-31,0.0093140153665392
MAA.N,2014-04-30,0.0312685712337215
MAA.N,2014-05-30,0.0387652548433297
MAA.N,2014-06-30,0.00967519005783
MAA.N,2014-07-31,-0.0332058383719562
MAA.N,2014-08-29,0.034324942788541
MAA.N,2014-09-30,-0.0922289823107442
MAA.N,2014-10-31,0.0881112186042798
MAA.N,2014-11-28,0.0424568355330088
MAA.N,2014-12-31,0.0138474070155162
MAA.N,2015-01-30,0.0723688563859577
MAA.N,2015-02-27,-0.0863590519539265
MAA.N,2015-03-31,0.0662343038668753
MAA.N,2015-04-30,-0.0244836701175436
MAA.N,2015-05-29,0.0238573917544773
MAA.N,2015-06-30,-0.0468647728775404
MAA.N,2015-07-31,0.114633180377203
MAA.N,2015-08-31,-0.0217824246861863
MAA.N,2015-09-30,0.0417355897754879
MAA.N,2015-10-30,0.0502287265469277
MAA.N,2015-11-30,0.0395586336269587
MAA.N,2015-12-31,0.0254065040643594
MAA.N,2016-01-29,0.0426330254285663
MAA.N,2016-02-29,-0.0413557876916761
MAA.N,2016-03-31,0.136424282839727
MAA.N,2016-04-29,-0.0558580114927126
MAA.N,2016-05-31,0.0760631072815048
MAA.N,2016-06-30,0.033110010682001
MAA.N,2016-07-29,0.0039926468750655
MAA.N,2016-08-31,-0.11346915677626
MAA.N,2016-09-30,-7.81986e-12
MAA.N,2016-10-31,-0.0038930212532784
MAA.N,2016-11-30,-0.0120754716512716
MAA.N,2016-12-30,0.0686456400796247
MAA.N,2017-01-31,-0.0214488847568641
MAA.N,2017-02-28,0.081937862036684
MAA.N,2017-03-31,-0.0096369122927085
MAA.N,2017-04-28,-0.0166187386539322
MAA.N,2017-05-31,0.027517387362705
MAA.N,2017-06-30,0.0337453403611145
MAA.N,2017-07-31,-0.0089936912640366
MAA.N,2017-08-31,0.0283009755639031
MAA.N,2017-09-29,0.0039451437348245
MAA.N,2017-10-31,-0.0347167085621544
MAA.N,2017-11-30,0.0008793355983665
MAA.N,2017-12-29,-0.018352206192361
MAA.N,2018-01-31,-0.0421085469583503
MAA.N,2018-02-28,-0.1001363112033559
MAA.N,2018-03-29,0.0631554416041984
MAA.N,2018-04-30,0.0126370812959055
MAA.N,2018-05-31,0.0229608571983093
MAA.N,2018-06-29,0.0759940145208269
MAA.N,2018-07-31,0.0103574061385332
MAA.N,2018-08-31,0.0275848382712771
MAA.N,2018-09-28,-0.0326380841980283
MAA.N,2018-10-31,-0.0151454709371602
MAA.N,2018-11-30,0.0598710469885686
MAA.N,2018-12-31,-0.0758980301128546
MAA.N,2019-01-31,0.0688332659879267
MAA.N,2019-02-28,0.0227093207061877
MAA.N,2019-03-29,0.0555126472192928
MAA.N,2019-04-30,0.0094527033041305
MAA.N,2019-05-31,0.0435974773921768
MAA.N,2019-06-28,0.0313540024650558
MAA.N,2019-07-31,0.0086383550803133
MAA.N,2019-08-30,0.0750169721509941
MAA.N,2019-09-30,0.0262867066608599
MAA.N,2019-10-31,0.0768590652542405
MAA.N,2019-11-29,-0.0207209151791238
MAA.N,2019-12-31,-0.0312247446901606
MAA.N,2020-01-31,0.0484690280089863
MAA.N,2020-02-28,-0.0579403833419304
MAA.N,2020-03-31,-0.202924338532388
MAA.N,2020-04-30,0.0958126970594721
MAA.N,2020-05-29,0.0396711937175533
MAA.N,2020-06-30,-0.0145238913821627
MAA.N,2020-07-31,0.0486207300514363
MAA.N,2020-08-31,-0.0173672287861233
MAA.N,2020-09-30,-0.0099897540907973
MAA.N,2020-10-30,0.0140583455650607
MAA.N,2020-11-30,0.0817113950312129
MAA.N,2020-12-31,0.0042010146009099
MAA.N,2021-01-29,0.0561591010497422
MAA.N,2021-02-26,0.0149152542414077
MAA.N,2021-03-31,0.0714762859138671
MAA.N,2021-04-30,0.0974157639364277
MAA.N,2021-05-28,0.0214199453197623
MAA.N,2021-06-30,0.0480398257505526
MAA.N,2021-07-30,0.152981055402687
MAA.N,2021-08-31,-0.0037804246544642
MAA.N,2021-09-30,-0.0292145344901934
MAA.N,2021-10-29,0.0991347978877142
MAA.N,2021-11-30,0.0099897164564712
MAA.N,2021-12-31,0.112436363619802
MAA.N,2022-01-31,-0.0947230480070016
MAA.N,2022-02-28,-0.010015482875914
MAA.N,2022-03-31,0.0236547578340718
MAA.N,2022-04-29,-0.0560157902825084
MAA.N,2022-05-31,-0.0797234085902106
MAA.N,2022-06-30,-0.0349723756816644
MAA.N,2022-07-29,0.0713607190869815
MAA.N,2022-08-31,-0.108006245623401
MAA.N,2022-09-30,-0.0639826160249645
MAA.N,2022-10-31,0.0240077387610207
MAA.N,2022-11-30,0.0471895840002503
MAA.N,2022-12-30,-0.0478529839826316
MAA.N,2023-01-31,0.0712424107666087
MAA.N,2023-02-28,-0.0397072936673861
MAA.N,2023-03-31,-0.056589631494272
MAA.N,2023-04-28,0.0279435169264939
MAA.N,2023-05-31,-0.0438231469515266
MAA.N,2023-06-30,0.0326397388646245
MAA.N,2023-07-31,-0.0056273462524977
MAA.N,2023-08-31,-0.0296004276424879
MAA.N,2023-09-29,-0.114163740263449
MAA.N,2023-10-31,-0.0718556563332616
MAA.N,2023-11-30,0.0535759627661822
MAA.N,2023-12-29,0.0801735218534851
MAA.N,2024-01-31,-0.0497766732078143
MSFT.OQ,2000-01-31,-0.161670235533233
MSFT.OQ,2000-02-29,-0.0868454661720556
MSFT.OQ,2000-03-31,0.188811188789012
MSFT.OQ,2000-04-28,-0.343529411778143
MSFT.OQ,2000-05-31,-0.1030465949888549
MSFT.OQ,2000-06-30,0.278721278731683
MSFT.OQ,2000-07-31,-0.127343750008922
MSFT.OQ,2000-08-31,-1.956268e-11
MSFT.OQ,2000-09-29,-0.136078782429265
MSFT.OQ,2000-10-31,0.141968911914655
MSFT.OQ,2000-11-30,-0.166969146995846
MSFT.OQ,2000-12-29,-0.2440087146072249
MSFT.OQ,2001-01-31,0.407780979830634
MSFT.OQ,2001-02-28,-0.0337768679429561
MSFT.OQ,2001-03-30,-0.0730932203621851
MSFT.OQ,2001-04-30,0.238857142852516
MSFT.OQ,2001-05-31,0.0211070110976266
MSFT.OQ,2001-06-29,0.0552182711577861
MSFT.OQ,2001-07-31,-0.0932876712309863
MSFT.OQ,2001-08-31,-0.138087324368496
MSFT.OQ,2001-09-28,-0.103067484657997
MSFT.OQ,2001-10-31,0.1364080515848059
MSFT.OQ,2001-11-30,0.104213241635018
MSFT.OQ,2001-12-31,0.0317707522278043
MSFT.OQ,2002-01-31,-0.0383396226318552
MSFT.OQ,2002-02-28,-0.0842881807920021
MSFT.OQ,2002-03-28,0.0337675694166863
MSFT.OQ,2002-04-30,-0.133477035308101
MSFT.OQ,2002-05-31,-0.025832376579709
MSFT.OQ,2002-06-28,0.0744450991867838
MSFT.OQ,2002-07-31,-0.122851919556435
MSFT.OQ,2002-08-30,0.0229262192731059
MSFT.OQ,2002-09-30,-0.1088019560116019
MSFT.OQ,2002-10-31,0.2224508459029129
MSFT.OQ,2002-11-29,0.0813540303227798
MSFT.OQ,2002-12-31,-0.1058457281265
MSFT.OQ,2003-01-31,-0.0820116054094829
MSFT.OQ,2003-02-28,0.0019929671346554
MSFT.OQ,2003-03-31,0.0215189873650489
MSFT.OQ,2003-04-30,0.0561751342573102
MSFT.OQ,2003-05-30,-0.0375439968765512
MSFT.OQ,2003-06-30,0.0406338886473134
MSFT.OQ,2003-07-31,0.0308473252647021
MSFT.OQ,2003-08-29,0.0045454545358805
MSFT.OQ,2003-09-30,0.0478883861058212
MSFT.OQ,2003-10-31,-0.053845556144457
MSFT.OQ,2003-11-28,-0.0172084130296674
MSFT.OQ,2003-12-31,0.0715953307108639
MSFT.OQ,2004-01-30,0.0039941902741387
MSFT.OQ,2004-02-27,-0.0415913200855505
MSFT.OQ,2004-03-31,-0.0577358490671679
MSFT.OQ,2004-04-30,0.040048057661335
MSFT.OQ,2004-05-28,0.0146322680296006
MSFT.OQ,2004-06-30,0.0838709677422174
MSFT.OQ,2004-07-30,-0.0035014005496248
MSFT.OQ,2004-08-31,-0.0379438725424593
MSFT.OQ,2004-09-30,0.0128205128177236
MSFT.OQ,2004-10-29,0.0122965642091257
MSFT.OQ,2004-11-30,0.0655512367481141
MSFT.OQ,2004-12-31,-0.0037299515031868
MSFT.OQ,2005-01-31,-0.0160988393888103
MSFT.OQ,2005-02-28,-0.0389008341789793
MSFT.OQ,2005-03-31,-0.0401111993840897
MSFT.OQ,2005-04-29,0.046752172102308
MSFT.OQ,2005-05-31,0.0229646130574219
MSFT.OQ,2005-06-30,-0.0372093023518699
MSFT.OQ,2005-07-29,0.0309983897118669
MSFT.OQ,2005-08-31,0.0730494403029851
MSFT.OQ,2005-09-30,-0.0609489051247935
MSFT.OQ,2005-10-31,-0.001165954148639
MSFT.OQ,2005-11-30,0.0813467279720308
MSFT.OQ,2005-12-30,-0.0562973655779321
MSFT.OQ,2006-01-31,0.07648183557851
MSFT.OQ,2006-02-28,-0.0412054364467241
MSFT.OQ,2006-03-31,0.0115241636032211
MSFT.OQ,2006-04-28,-0.112458654915549
MSFT.OQ,2006-05-31,-0.0584655836308617
MSFT.OQ,2006-06-30,0.0286975717544016
MSFT.OQ,2006-07-31,0.0313304721164163
MSFT.OQ,2006-08-31,0.0729884084139814
MSFT.OQ,2006-09-29,0.063838069285461
MSFT.OQ,2006-10-31,0.0504939626672061
MSFT.OQ,2006-11-30,0.0250902861043257
MSFT.OQ,2006-12-29,0.018070235227007
MSFT.OQ,2007-01-31,0.0334896182368767
MSFT.OQ,2007-02-28,-0.0840234106426884
MSFT.OQ,2007-03-30,-0.0106496272766104
MSFT.OQ,2007-04-30,0.0742734122736703
MSFT.OQ,2007-05-31,0.0276972499498742
MSFT.OQ,2007-06-29,-0.0391261819381351
MSFT.OQ,2007-07-31,-0.0162877502344452
MSFT.OQ,2007-08-31,-0.0054630159944582
MSFT.OQ,2007-09-28,0.0254089801394415
MSFT.OQ,2007-10-31,0.249490835049179
MSFT.OQ,2007-11-30,-0.084290823471395
MSFT.OQ,2007-12-31,0.0595238095147135
MSFT.OQ,2008-01-31,-0.0842696629189021
MSFT.OQ,2008-02-29,-0.1617713907383469
MSFT.OQ,2008-03-31,0.0426157237060531
MSFT.OQ,2008-04-30,0.004933051450177
MSFT.OQ,2008-05-30,-0.0033447714352719
MSFT.OQ,2008-06-30,-0.0286016949152408
MSFT.OQ,2008-07-31,-0.0650672482687676
MSFT.OQ,2008-08-29,0.0653141216607074
MSFT.OQ,2008-09-30,-0.0219860754849953
MSFT.OQ,2008-10-31,-0.163357062562131
MSFT.OQ,2008-11-28,-0.0884919151191411
MSFT.OQ,2008-12-31,-0.0385756676439765
MSFT.OQ,2009-01-30,-0.120370370383716
MSFT.OQ,2009-02-27,-0.0487685031471825
MSFT.OQ,2009-03-31,0.137461300336885
MSFT.OQ,2009-04-30,0.102885138806044
MSFT.OQ,2009-05-29,0.037695580302415
MSFT.OQ,2009-06-30,0.137865007199834
MSFT.OQ,2009-07-31,-0.0105174589852799
MSFT.OQ,2009-08-31,0.0538222392452533
MSFT.OQ,2009-09-30,0.0503042596058969
MSFT.OQ,2009-10-30,0.0710699111507787
MSFT.OQ,2009-11-30,0.0651800697098288
MSFT.OQ,2009-12-31,0.0367222033237304
MSFT.OQ,2010-01-29,-0.0757625450971902
MSFT.OQ,2010-02-26,0.021697002022615
MSFT.OQ,2010-03-31,0.0212840195270481
MSFT.OQ,2010-04-30,0.0433891356128881
MSFT.OQ,2010-05-28,-0.151368998832571
MSFT.OQ,2010-06-30,-0.108139534884033
MSFT.OQ,2010-07-30,0.121686223369832
MSFT.OQ,2010-08-31,-0.0854889990144446
MSFT.OQ,2010-09-30,0.0430153321677285
MSFT.OQ,2010-10-29,0.0877909350684847
MSFT.OQ,2010-11-30,-0.0478077437699809
MSFT.OQ,2010-12-31,0.107497024979538
MSFT.OQ,2011-01-31,-0.0069842406872868
MSFT.OQ,2011-02-28,-0.0356088437451082
MSFT.OQ,2011-03-31,-0.0458991723075537
MSFT.OQ,2011-04-29,0.0260252366092129
MSFT.OQ,2011-05-31,-0.0325442970788146
MSFT.OQ,2011-06-30,0.0395841663136816
MSFT.OQ,2011-07-29,0.0538461538444124
MSFT.OQ,2011-08-31,-0.0230697245830016
MSFT.OQ,2011-09-30,-0.0642857142683557
MSFT.OQ,2011-10-31,0.0699075934174267
MSFT.OQ,2011-11-30,-0.0322446917423186
MSFT.OQ,2011-12-30,0.0148553557554962
MSFT.OQ,2012-01-31,0.137519260382069
MSFT.OQ,2012-02-29,0.0819455211465354
MSFT.OQ,2012-03-30,0.0160680529390586
MSFT.OQ,2012-04-30,-0.0071317829574306
MSFT.OQ,2012-05-31,-0.0823470559426354
MSFT.OQ,2012-06-29,0.047961630704006
MSFT.OQ,2012-07-31,-0.0366132723380354
MSFT.OQ,2012-08-31,0.0527489744037506
MSFT.OQ,2012-09-28,-0.0337443218557173
MSFT.OQ,2012-10-31,-0.0418065816149273
MSFT.OQ,2012-11-30,-0.0591813505351738
MSFT.OQ,2012-12-31,0.0041322313910994
MSFT.OQ,2013-01-31,0.0276842498890708
MSFT.OQ,2013-02-28,0.0203112518768416
MSFT.OQ,2013-03-28,0.0291366906352419
MSFT.OQ,2013-04-30,0.156938133519514
MSFT.OQ,2013-05-31,0.0610070012869355
MSFT.OQ,2013-06-28,-0.0100344036871999
MSFT.OQ,2013-07-31,-0.078192875759218
MSFT.OQ,2013-08-30,0.0568127352857688
MSFT.OQ,2013-09-30,-0.0026946107682271
MSFT.OQ,2013-10-31,0.0612428700140168
MSFT.OQ,2013-11-29,0.0868626126941754
MSFT.OQ,2013-12-31,-0.0183582481058065
MSFT.OQ,2014-01-31,0.0112209457586858
MSFT.OQ,2014-02-28,0.0197268042328462
MSFT.OQ,2014-03-31,0.0699556251865314
MSFT.OQ,2014-04-30,-0.014393754567446
MSFT.OQ,2014-05-30,0.0203861925226358
MSFT.OQ,2014-06-30,0.0185637518145514
MSFT.OQ,2014-07-31,0.0350119903859054
MSFT.OQ,2014-08-29,0.059096795474084
MSFT.OQ,2014-09-30,0.0204710543669246
MSFT.OQ,2014-10-31,0.01272648835283
MSFT.OQ,2014-11-28,0.0247941414345669
MSFT.OQ,2014-12-31,-0.028445931817589
MSFT.OQ,2015-01-30,-0.130247578036887
MSFT.OQ,2015-02-27,0.0931168466620196
MSFT.OQ,2015-03-31,-0.0728620296478477
MSFT.OQ,2015-04-30,0.1964088057929049
MSFT.OQ,2015-05-29,-0.0303184836870494
MSFT.OQ,2015-06-30,-0.0578318395009925
MSFT.OQ,2015-07-31,0.0577576443830772
MSFT.OQ,2015-08-31,-0.0619827144587302
MSFT.OQ,2015-09-30,0.0170036764883057
MSFT.OQ,2015-10-30,0.189335743319768
MSFT.OQ,2015-11-30,0.0395018786856074
MSFT.OQ,2015-12-31,0.0207911683474209
MSFT.OQ,2016-01-29,-0.0070295601908851
MSFT.OQ,2016-02-29,-0.0699125021005615
MSFT.OQ,2016-03-31,0.0854952830283964
MSFT.OQ,2016-04-29,-0.0970487054037401
MSFT.OQ,2016-05-31,0.0703378179660603
MSFT.OQ,2016-06-30,-0.0345283018801197
MSFT.OQ,2016-07-29,0.107680281412045
MSFT.OQ,2016-08-31,0.0201151261054913
MSFT.OQ,2016-09-30,0.0024364775588445
MSFT.OQ,2016-10-31,0.0402777777925705
MSFT.OQ,2016-11-30,0.0123365892037474
MSFT.OQ,2016-12-30,0.0311981413901157
MSFT.OQ,2017-01-31,0.0403926617501277
MSFT.OQ,2017-02-28,-0.0043861341582929
MSFT.OQ,2017-03-31,0.029384182564614
MSFT.OQ,2017-04-28,0.0394776799314784
MSFT.OQ,2017-05-31,0.0258898054214158
MSFT.OQ,2017-06-30,-0.0130297823624475
MSFT.OQ,2017-07-31,0.0546931670063307
MSFT.OQ,2017-08-31,0.0339512509024517
MSFT.OQ,2017-09-29,-0.0037448174448926
MSFT.OQ,2017-10-31,0.11665995433609
MSFT.OQ,2017-11-30,0.0170236010615794
MSFT.OQ,2017-12-29,0.0162765831159764
MSFT.OQ,2018-01-31,0.110708440486656
MSFT.OQ,2018-02-28,-0.0084865790545922
MSFT.OQ,2018-03-29,-0.0266609790071297
MSFT.OQ,2018-04-30,0.0246521310512039
MSFT.OQ,2018-05-31,0.0614553702764531
MSFT.OQ,2018-06-29,-0.0023269931450151
MSFT.OQ,2018-07-31,0.0757529662148959
MSFT.OQ,2018-08-31,0.0630488166006999
MSFT.OQ,2018-09-28,0.0181607762734628
MSFT.OQ,2018-10-31,-0.0661012503410275
MSFT.OQ,2018-11-30,0.0427482693635415
MSFT.OQ,2018-12-31,-0.0840472540391509
MSFT.OQ,2019-01-31,0.028157920642123
MSFT.OQ,2019-02-28,0.0773815002289537
MSFT.OQ,2019-03-29,0.0527537266688629
MSFT.OQ,2019-04-30,0.10734271664134
MSFT.OQ,2019-05-31,-0.0495294142554703
MSFT.OQ,2019-06-28,0.0831177231658062
MSFT.OQ,2019-07-31,0.0172439534215578
MSFT.OQ,2019-08-30,0.0151414206354883
MSFT.OQ,2019-09-30,0.0084868707422083
MSFT.OQ,2019-10-31,0.0312162842338817
MSFT.OQ,2019-11-29,0.059468502481784
MSFT.OQ,2019-12-31,0.0417492403298296
MSFT.OQ,2020-01-31,0.0794546607644222
MSFT.OQ,2020-02-28,-0.0456959122357965
MSFT.OQ,2020-03-31,-0.0265415715246207
MSFT.OQ,2020-04-30,0.136326168307817
MSFT.OQ,2020-05-29,0.0253522673500998
MSFT.OQ,2020-06-30,0.110559345165992
MSFT.OQ,2020-07-31,0.0073706451837669
MSFT.OQ,2020-08-31,0.102768154175489
MSFT.OQ,2020-09-30,-0.0673967986394999
MSFT.OQ,2020-10-30,-0.037369847401361
MSFT.OQ,2020-11-30,0.0600974590661256
MSFT.OQ,2020-12-31,0.0390059326451391
MSFT.OQ,2021-01-29,0.0428918262742009
MSFT.OQ,2021-02-26,0.0041080115089666
MSFT.OQ,2021-03-31,0.0145881745250653
MSFT.OQ,2021-04-30,0.069601730471079
MSFT.OQ,2021-05-28,-0.0076329992978068
MSFT.OQ,2021-06-30,0.0849887856418505
MSFT.OQ,2021-07-30,0.0517165005641162
MSFT.OQ,2021-08-31,0.0616035834867226
MSFT.OQ,2021-09-30,-0.0661189876685381
MSFT.OQ,2021-10-29,0.1762911464053539
MSFT.OQ,2021-11-30,-0.0012833817830507
MSFT.OQ,2021-12-31,0.0173326476674469
MSFT.OQ,2022-01-31,-0.0753449096127392
MSFT.OQ,2022-02-28,-0.0372096912564626
MSFT.OQ,2022-03-31,0.0318618427943613
MSFT.OQ,2022-04-29,-0.0998670169601401
MSFT.OQ,2022-05-31,-0.0179683960293222
MSFT.OQ,2022-06-30,-0.0553205576271748
MSFT.OQ,2022-07-29,0.0930966008705311
MSFT.OQ,2022-08-31,-0.0666578616468491
MSFT.OQ,2022-09-30,-0.109266837502975
MSFT.OQ,2022-10-31,-0.0033061399671481
MSFT.OQ,2022-11-30,0.1022173914679659
MSFT.OQ,2022-12-30,-0.0600454652441145
MSFT.OQ,2023-01-31,0.0333166541631122
MSFT.OQ,2023-02-28,0.0090381943275887
MSFT.OQ,2023-03-31,0.155881645406666
MSFT.OQ,2023-04-28,0.0657648283349008
MSFT.OQ,2023-05-31,0.0710836524926262
MSFT.OQ,2023-06-30,0.0369986905718103
MSFT.OQ,2023-07-31,-0.0135666882034227
MSFT.OQ,2023-08-31,-0.0222207059065386
MSFT.OQ,2023-09-29,-0.0366426653838209
MSFT.OQ,2023-10-31,0.0708155186115251
MSFT.OQ,2023-11-30,0.122944445471036
MSFT.OQ,2023-12-29,-0.0075743580470115
MSFT.OQ,2024-01-31,0.0572811403140592
ADI.OQ,2000-01-31,0.00537634408897
ADI.OQ,2000-02-29,0.679144384987785
ADI.OQ,2000-03-31,0.026273885360764
ADI.OQ,2000-04-28,-0.0465477114193035
ADI.OQ,2000-05-31,0.0024410089414479
ADI.OQ,2000-06-30,-0.0129870130079365
ADI.OQ,2000-07-31,-0.120065789478989
ADI.OQ,2000-08-31,0.502803738338788
ADI.OQ,2000-09-29,-0.178482587061551
ADI.OQ,2000-10-31,-0.212717638148131
ADI.OQ,2000-11-30,-0.236538461549851
ADI.OQ,2000-12-29,0.0314861460971061
ADI.OQ,2001-01-31,0.222954822949269
ADI.OQ,2001-02-28,-0.404153354628341
ADI.OQ,2001-03-30,-0.0284182305410847
ADI.OQ,2001-04-30,0.305463576188735
ADI.OQ,2001-05-31,-0.0583386176237127
ADI.OQ,2001-06-29,-0.0291806958519056
ADI.OQ,2001-07-31,0.063583815011266
ADI.OQ,2001-08-31,0.0386956521453665
ADI.OQ,2001-09-28,-0.3156132272854129
ADI.OQ,2001-10-31,0.162079510698032
ADI.OQ,2001-11-30,0.118421052635206
ADI.OQ,2001-12-31,0.0444705882219301
ADI.OQ,2002-01-31,-0.0132912818441452
ADI.OQ,2002-02-28,-0.150456621016539
ADI.OQ,2002-03-28,0.210427304495097
ADI.OQ,2002-04-30,-0.1793960923315919
ADI.OQ,2002-05-31,-0.0091991341878887
ADI.OQ,2002-06-28,-0.188967777167842
ADI.OQ,2002-07-31,-0.188552188562641
ADI.OQ,2002-08-30,1.476219e-11
ADI.OQ,2002-09-30,-0.182572614117303
ADI.OQ,2002-10-31,0.360406091350643
ADI.OQ,2002-11-29,0.145149253722938
ADI.OQ,2002-12-31,-0.2222222222085
ADI.OQ,2003-01-31,0.0025136154337277
ADI.OQ,2003-02-28,0.218554116159764
ADI.OQ,2003-03-31,-0.0569272976812438
ADI.OQ,2003-04-30,0.2043636363906799
ADI.OQ,2003-05-30,0.163949275345883
ADI.OQ,2003-06-30,-0.0967574578288255
ADI.OQ,2003-07-31,0.0898908673167096
ADI.OQ,2003-08-29,0.0803689064737987
ADI.OQ,2003-09-30,-0.0726829268332435
ADI.OQ,2003-10-31,0.165965281410468
ADI.OQ,2003-11-28,0.123179100648873
ADI.OQ,2003-12-31,-0.0824120602998769
ADI.OQ,2004-01-30,0.048192771112201
ADI.OQ,2004-02-27,0.043672834307207
ADI.OQ,2004-03-31,-0.037875751492823
ADI.OQ,2004-04-30,-0.11268485732339
ADI.OQ,2004-05-28,0.155174420820814
ADI.OQ,2004-06-30,-0.0421159715083598
ADI.OQ,2004-07-30,-0.15675446050764
ADI.OQ,2004-08-31,-0.123963925889037
ADI.OQ,2004-09-30,0.1169354838629189
ADI.OQ,2004-10-29,0.038164002057921
ADI.OQ,2004-11-30,-0.0822155986153231
ADI.OQ,2004-12-31,0.0007778900863391
ADI.OQ,2005-01-31,-0.027898158178984
ADI.OQ,2005-02-28,0.0248039334941925
ADI.OQ,2005-03-31,-0.0157952069978725
ADI.OQ,2005-04-29,-0.0561704482547112
ADI.OQ,2005-05-31,0.0900667519460725
ADI.OQ,2005-06-30,0.006202804725558
ADI.OQ,2005-07-29,0.0506566604181995
ADI.OQ,2005-08-31,-0.0675822927988525
ADI.OQ,2005-09-30,0.0189300411566617
ADI.OQ,2005-10-31,-0.063543349499776
ADI.OQ,2005-11-30,0.093724766173519
ADI.OQ,2005-12-30,-0.0540611814374686
ADI.OQ,2006-01-31,0.108725954851108
ADI.OQ,2006-02-28,-0.0379509714780514
ADI.OQ,2006-03-31,0.0039328788893082
ADI.OQ,2006-04-28,-0.0096630974109922
ADI.OQ,2006-05-31,-0.106233406356563
ADI.OQ,2006-06-30,-0.0471390453802987
ADI.OQ,2006-07-31,0.0059116365873384
ADI.OQ,2006-08-31,-0.046898164325482
ADI.OQ,2006-09-29,-0.0407963446596034
ADI.OQ,2006-10-31,0.0826811840792083
ADI.OQ,2006-11-30,0.0269404110868573
ADI.OQ,2006-12-29,0.0107626076189551
ADI.OQ,2007-01-31,-0.0036507453771773
ADI.OQ,2007-02-28,0.106870228999775
ADI.OQ,2007-03-30,-0.0437233990959295
ADI.OQ,2007-04-30,0.119744853551884
ADI.OQ,2007-05-31,-0.0576755196979688
ADI.OQ,2007-06-29,0.0394918530964641
ADI.OQ,2007-07-31,-0.0581827842593768
ADI.OQ,2007-08-31,0.0454521294679933
ADI.OQ,2007-09-28,-0.0195227766201302
ADI.OQ,2007-10-31,-0.0746681416128981
ADI.OQ,2007-11-30,-0.0800956365932903
ADI.OQ,2007-12-31,0.0358103344612313
ADI.OQ,2008-01-31,-0.1053627759998449
ADI.OQ,2008-02-29,-0.0507757404630207
ADI.OQ,2008-03-31,0.103741873322222
ADI.OQ,2008-04-30,0.0911246612657592
ADI.OQ,2008-05-30,0.0963863312534416
ADI.OQ,2008-06-30,-0.095129592722412
ADI.OQ,2008-07-31,-0.0396600566404455
ADI.OQ,2008-08-29,-0.0770774101630167
ADI.OQ,2008-09-30,-0.0575822603683175
ADI.OQ,2008-10-31,-0.189373814032469
ADI.OQ,2008-11-28,-0.199438202256691
ADI.OQ,2008-12-31,0.125139438178091
ADI.OQ,2009-01-30,0.0504731861222899
ADI.OQ,2009-02-27,-0.0670670670711479
ADI.OQ,2009-03-31,0.0447263835101215
ADI.OQ,2009-04-30,0.104307213295991
ADI.OQ,2009-05-29,0.1566694775426
ADI.OQ,2009-06-30,0.0151577222351538
ADI.OQ,2009-07-31,0.104519774018829
ADI.OQ,2009-08-31,0.0394283535320425
ADI.OQ,2009-09-30,-0.0237168141425402
ADI.OQ,2009-10-30,-0.0707034082680639
ADI.OQ,2009-11-30,0.1701131486653629
ADI.OQ,2009-12-31,0.0599477000304407
ADI.OQ,2010-01-29,-0.146295123505758
ADI.OQ,2010-02-26,0.0845697329405268
ADI.OQ,2010-03-31,-0.0076106400347811
ADI.OQ,2010-04-30,0.0385149201922421
ADI.OQ,2010-05-28,-0.0178640141753074
ADI.OQ,2010-06-30,-0.0449091532345464
ADI.OQ,2010-07-30,0.0664034458090645
ADI.OQ,2010-08-31,-0.0544789451099236
ADI.OQ,2010-09-30,0.125538020117977
ADI.OQ,2010-10-29,0.0729764181005892
ADI.OQ,2010-11-30,0.0561330561423647
ADI.OQ,2010-12-31,0.0656935067946882
ADI.OQ,2011-01-31,0.0307937350424291
ADI.OQ,2011-02-28,0.0270409477223952
ADI.OQ,2011-03-31,-0.007071036971875
ADI.OQ,2011-04-29,0.0236160487325872
ADI.OQ,2011-05-31,0.0277243877289493
ADI.OQ,2011-06-30,-0.0493077483704435
ADI.OQ,2011-07-29,-0.1211037302167789
ADI.OQ,2011-08-31,-0.032698321396407
ADI.OQ,2011-09-30,-0.0536038764396707
ADI.OQ,2011-10-31,0.170239999991152
ADI.OQ,2011-11-30,-0.0399234345146551
ADI.OQ,2011-12-30,0.0263912794081347
ADI.OQ,2012-01-31,0.0936277249963242
ADI.OQ,2012-02-29,0.0020444671814028
ADI.OQ,2012-03-30,0.0384411498740663
ADI.OQ,2012-04-30,-0.035148514834491
ADI.OQ,2012-05-31,-0.0592143220537661
ADI.OQ,2012-06-29,0.0357437448326493
ADI.OQ,2012-07-31,0.0374303159353957
ADI.OQ,2012-08-31,0.0246077288027307
ADI.OQ,2012-09-28,-0.0138399597397622
ADI.OQ,2012-10-31,-0.00204133709003
ADI.OQ,2012-11-30,0.038097673229162
ADI.OQ,2012-12-31,0.0436211328571388
ADI.OQ,2013-01-31,0.0375653827671338
ADI.OQ,2013-02-28,0.043968864212093
ADI.OQ,2013-03-28,0.0280849181698994
ADI.OQ,2013-04-30,-0.0537750053914315
ADI.OQ,2013-05-31,0.051882482175083
ADI.OQ,2013-06-28,-0.0189418680786928
ADI.OQ,2013-07-31,0.0954283177856312
ADI.OQ,2013-08-30,-0.0554941237868355
ADI.OQ,2013-09-30,0.0166378565169449
ADI.OQ,2013-10-31,0.0478214665353529
ADI.OQ,2013-11-29,-0.0219066937120126
ADI.OQ,2013-12-31,0.0635640489000584
ADI.OQ,2014-01-31,-0.0522285490083302
ADI.OQ,2014-02-28,0.0604900444411878
ADI.OQ,2014-03-31,0.0456513183664331
ADI.OQ,2014-04-30,-0.0348136996933345
ADI.OQ,2014-05-30,0.0284559601549519
ADI.OQ,2014-06-30,0.032264222995948
ADI.OQ,2014-07-31,-0.0821157758250256
ADI.OQ,2014-08-29,0.0300221640127506
ADI.OQ,2014-09-30,-0.0247573556428599
ADI.OQ,2014-10-31,0.0026267933073604
ADI.OQ,2014-11-28,0.101168883500159
ADI.OQ,2014-12-31,0.0227583814414494
ADI.OQ,2015-01-30,-0.0615093659799315
ADI.OQ,2015-02-27,0.131118868346163
ADI.OQ,2015-03-31,0.0761872223839224
ADI.OQ,2015-04-30,-0.0184126984257683
ADI.OQ,2015-05-29,0.10540211946372
ADI.OQ,2015-06-30,-0.0555473808171016
ADI.OQ,2015-07-31,-0.0912206901880667
ADI.OQ,2015-08-31,-0.0352803213218656
ADI.OQ,2015-09-30,0.0098460436863525
ADI.OQ,2015-10-30,0.0657684807639392
ADI.OQ,2015-11-30,0.0251164337987939
ADI.OQ,2015-12-31,-0.0964740080993516
ADI.OQ,2016-01-29,-0.0263919016737232
ADI.OQ,2016-02-29,-0.0081773909925866
ADI.OQ,2016-03-31,0.117003208145236
ADI.OQ,2016-04-29,-0.0484879202477338
ADI.OQ,2016-05-31,0.0461942081032198
ADI.OQ,2016-06-30,-0.0317948717994545
ADI.OQ,2016-07-29,0.126942090386289
ADI.OQ,2016-08-31,-0.013331314426211
ADI.OQ,2016-09-30,0.030210997465135
ADI.OQ,2016-10-31,-0.0054305663408716
ADI.OQ,2016-11-30,0.164742589715487
ADI.OQ,2016-12-30,-0.0218211207004142
ADI.OQ,2017-01-31,0.0319471219923907
ADI.OQ,2017-02-28,0.0992699106931816
ADI.OQ,2017-03-31,0.0002441108249084
ADI.OQ,2017-04-28,-0.0701647345930978
ADI.OQ,2017-05-31,0.125459317566946
ADI.OQ,2017-06-30,-0.0877666597005907
ADI.OQ,2017-07-31,0.0155526992155204
ADI.OQ,2017-08-31,0.0589798759768838
ADI.OQ,2017-09-29,0.0355937843310774
ADI.OQ,2017-10-31,0.059533480358632
ADI.OQ,2017-11-30,-0.0519167579398558
ADI.OQ,2017-12-29,0.0339101149568801
ADI.OQ,2018-01-31,0.0320116814577918
ADI.OQ,2018-02-28,-0.0188289072880999
ADI.OQ,2018-03-29,0.0161039241971097
ADI.OQ,2018-04-30,-0.0414792055450057
ADI.OQ,2018-05-31,0.112535775624925
ADI.OQ,2018-06-29,-0.0083189409470826
ADI.OQ,2018-07-31,0.0022935779771142
ADI.OQ,2018-08-31,0.0331949604761044
ADI.OQ,2018-09-28,-0.0646433991037289
ADI.OQ,2018-10-31,-0.094635518053327
ADI.OQ,2018-11-30,0.103886622949466
ADI.OQ,2018-12-31,-0.06625326370511
ADI.OQ,2019-01-31,0.151811720832162
ADI.OQ,2019-02-28,0.0873963180111743
ADI.OQ,2019-03-29,-0.0158002991403868
ADI.OQ,2019-04-30,0.10420822647407
ADI.OQ,2019-05-31,-0.164211371630151
ADI.OQ,2019-06-28,0.168184640855191
ADI.OQ,2019-07-31,0.0406662532042123
ADI.OQ,2019-08-30,-0.060326816743186
ADI.OQ,2019-09-30,0.0172994628402761
ADI.OQ,2019-10-31,-0.0456457531474124
ADI.OQ,2019-11-29,0.059270374198197
ADI.OQ,2019-12-31,0.0571558662381699
ADI.OQ,2020-01-31,-0.0764893975223336
ADI.OQ,2020-02-28,-0.0006591796738368
ADI.OQ,2020-03-31,-0.177900045870275
ADI.OQ,2020-04-30,0.2225320691417449
ADI.OQ,2020-05-29,0.0363240814069876
ADI.OQ,2020-06-30,0.0857901726561781
ADI.OQ,2020-07-31,-0.063519243339237
ADI.OQ,2020-08-31,0.0229756203800495
ADI.OQ,2020-09-30,-0.0011978097110453
ADI.OQ,2020-10-30,0.0153332191085147
ADI.OQ,2020-11-30,0.173373829390395
ADI.OQ,2020-12-31,0.0669068393580574
ADI.OQ,2021-01-29,-0.0027076423117259
ADI.OQ,2021-02-26,0.062374318028608
ADI.OQ,2021-03-31,-0.0047490694713181
ADI.OQ,2021-04-30,-0.0123807067460848
ADI.OQ,2021-05-28,0.0792365923174734
ADI.OQ,2021-06-30,0.0459295261107455
ADI.OQ,2021-07-30,-0.0275325278896941
ADI.OQ,2021-08-31,-0.0226865473809951
ADI.OQ,2021-09-30,0.027799938624366
ADI.OQ,2021-10-29,0.0358848817656943
ADI.OQ,2021-11-30,0.0389647818499563
ADI.OQ,2021-12-31,-0.021129348253715
ADI.OQ,2022-01-31,-0.0671331854073784
ADI.OQ,2022-02-28,-0.0177936322410468
ADI.OQ,2022-03-31,0.0305072056841902
ADI.OQ,2022-04-29,-0.0653832182944323
ADI.OQ,2022-05-31,0.0957627643502446
ADI.OQ,2022-06-30,-0.132482185282433
ADI.OQ,2022-07-29,0.177082620277532
ADI.OQ,2022-08-31,-0.114491299346596
ADI.OQ,2022-09-30,-0.0804461162825919
ADI.OQ,2022-10-31,0.023539543562506
ADI.OQ,2022-11-30,0.205370915745767
ADI.OQ,2022-12-30,-0.041537617211343
ADI.OQ,2023-01-31,0.0453575565334637
ADI.OQ,2023-02-28,0.0750130724139406
ADI.OQ,2023-03-31,0.0749441325703242
ADI.OQ,2023-04-28,-0.0879221174384697
ADI.OQ,2023-05-31,-0.0121747831659852
ADI.OQ,2023-06-30,0.1015915032602799
ADI.OQ,2023-07-31,0.0242287357133684
ADI.OQ,2023-08-31,-0.088959053775594
ADI.OQ,2023-09-29,-0.0322620847750237
ADI.OQ,2023-10-31,-0.101433548446579
ADI.OQ,2023-11-30,0.165575541854743
ADI.OQ,2023-12-29,0.0878654526285487
ADI.OQ,2024-01-31,-0.0312248187126128
REGN.OQ,2000-01-31,-0.0343137255043443
REGN.OQ,2000-02-29,3.5888324872639403
REGN.OQ,2000-03-31,-0.476769911514055
REGN.OQ,2000-04-28,-0.0338266384609202
REGN.OQ,2000-05-31,-0.286652078770142
REGN.OQ,2000-06-30,0.463190184069532
REGN.OQ,2000-07-31,-0.0587002096605564
REGN.OQ,2000-08-31,0.262806236128007
REGN.OQ,2000-09-29,-0.0793650793517905
REGN.OQ,2000-10-31,-0.18007662835319
REGN.OQ,2000-11-30,-0.0887850467457022
REGN.OQ,2000-12-29,0.446794871797687
REGN.OQ,2001-01-31,-0.0713336287114822
REGN.OQ,2001-02-28,-0.0419847328207402
REGN.OQ,2001-03-30,-0.292828685265251
REGN.OQ,2001-04-30,0.397633802815836
REGN.OQ,2001-05-31,0.0290228958441821
REGN.OQ,2001-06-29,0.0858664995397209
REGN.OQ,2001-07-31,-0.224531024539794
REGN.OQ,2001-08-31,0.12095273538135
REGN.OQ,2001-09-28,-0.26162018590853
REGN.OQ,2001-10-31,-0.0062949640455412
REGN.OQ,2001-11-30,0.25203619909666
REGN.OQ,2001-12-31,0.0177087098094224
REGN.OQ,2002-01-31,-0.119318181831564
REGN.OQ,2002-02-28,-0.0842741935323696
REGN.OQ,2002-03-28,0.100396301191134
REGN.OQ,2002-04-30,-0.173669467799662
REGN.OQ,2002-05-31,-0.199951573844315
REGN.OQ,2002-06-28,-0.121723866606239
REGN.OQ,2002-07-31,0.1853893866249449
REGN.OQ,2002-08-30,-0.1017441860324269
REGN.OQ,2002-09-30,-0.126213592248788
REGN.OQ,2002-10-31,0.120740740750166
REGN.OQ,2002-11-29,0.430931923304273
REGN.OQ,2002-12-31,-0.145034642006534
REGN.OQ,2003-01-31,0.0118854673239999
REGN.OQ,2003-02-28,-0.020822210352292
REGN.OQ,2003-03-31,-0.589967284625965
REGN.OQ,2003-04-30,-0.158244680848641
REGN.OQ,2003-05-30,1.17377567138103
REGN.OQ,2003-06-30,0.144622093041419
REGN.OQ,2003-07-31,-0.0222222222207797
REGN.OQ,2003-08-29,-0.0123376623477743
REGN.OQ,2003-09-30,0.161735700215422
REGN.OQ,2003-10-31,-0.2167515563098309
REGN.OQ,2003-11-28,-0.0693641618371277
REGN.OQ,2003-12-31,0.142080745354401
REGN.OQ,2004-01-30,0.0088375254977697
REGN.OQ,2004-02-27,-0.0417789757400232
REGN.OQ,2004-03-31,-0.0450070323779924
REGN.OQ,2004-04-30,-0.0773195876126121
REGN.OQ,2004-05-28,-0.103750997614895
REGN.OQ,2004-06-30,-0.0623330365247108
REGN.OQ,2004-07-30,-0.187084520401331
REGN.OQ,2004-08-31,0.0408878504614227
REGN.OQ,2004-09-30,-0.0258136924525803
REGN.OQ,2004-10-29,-0.1624423963181299
REGN.OQ,2004-11-30,0.268225584606034
REGN.OQ,2004-12-31,-0.0010845986920073
REGN.OQ,2005-01-31,-0.218241042353523
REGN.OQ,2005-02-28,-0.151388888879129
REGN.OQ,2005-03-31,-0.163666121109181
REGN.OQ,2005-04-29,0.0880626223065872
REGN.OQ,2005-05-31,0.1205035971001989
REGN.OQ,2005-06-30,0.346709470297627
REGN.OQ,2005-07-29,0.148986889163392
REGN.OQ,2005-08-31,-0.2251037344396459
REGN.OQ,2005-09-30,0.270414993323353
REGN.OQ,2005-10-31,0.318229715516431
REGN.OQ,2005-11-30,-0.107114308548592
REGN.OQ,2005-12-30,0.427931960583214
REGN.OQ,2006-01-31,-0.0451410658239667
REGN.OQ,2006-02-28,0.07485226527201
REGN.OQ,2006-03-31,0.0158827122935884
REGN.OQ,2006-04-28,-0.12687913410117
REGN.OQ,2006-05-31,-0.108815426999778
REGN.OQ,2006-06-30,-0.0092735703311442
REGN.OQ,2006-07-31,0.065522620886761
REGN.OQ,2006-08-31,0.16251830159808
REGN.OQ,2006-09-29,-0.011964735503271
REGN.OQ,2006-10-31,0.277884002561792
REGN.OQ,2006-11-30,0.0728179551179295
REGN.OQ,2006-12-29,-0.0669456066908679
REGN.OQ,2007-01-31,-0.0089686098444352
REGN.OQ,2007-02-28,-0.0025138260340338
REGN.OQ,2007-03-30,0.0897177419596458
REGN.OQ,2007-04-30,0.258094357077704
REGN.OQ,2007-05-31,-0.174999999978515
REGN.OQ,2007-06-29,-0.201426024944241
REGN.OQ,2007-07-31,-0.1690848214249249
REGN.OQ,2007-08-31,0.306917394203573
REGN.OQ,2007-09-28,-0.0853031860337024
REGN.OQ,2007-10-31,0.2359550561867159
REGN.OQ,2007-11-30,-0.0100000000053814
REGN.OQ,2007-12-31,0.10881542699676
REGN.OQ,2008-01-31,-0.160248447212847
REGN.OQ,2008-02-29,-0.0251479290155644
REGN.OQ,2008-03-31,-0.0293373798616338
REGN.OQ,2008-04-30,0.0224075039123337
REGN.OQ,2008-05-30,0.0142711518910594
REGN.OQ,2008-06-30,-0.27437185929096
REGN.OQ,2008-07-31,0.515927977836602
REGN.OQ,2008-08-29,-0.0077661032518667
REGN.OQ,2008-09-30,0.0050644567399706
REGN.OQ,2008-10-31,-0.115895556574499
REGN.OQ,2008-11-28,-0.1989637305858559
REGN.OQ,2008-12-31,0.187580853811895
REGN.OQ,2009-01-30,-0.0479302832274071
REGN.OQ,2009-02-27,-0.1847826087090719
REGN.OQ,2009-03-31,-0.0273684210451797
REGN.OQ,2009-04-30,-0.0432900433158055
REGN.OQ,2009-05-29,0.154600301637478
REGN.OQ,2009-06-30,0.170476812538934
REGN.OQ,2009-07-31,0.196428571428018
REGN.OQ,2009-08-31,0.0601679104369667
REGN.OQ,2009-09-30,-0.150901891759645
REGN.OQ,2009-10-30,-0.186528497405449
REGN.OQ,2009-11-30,0.16878980892516
REGN.OQ,2009-12-31,0.317711171653471
REGN.OQ,2010-01-29,0.102564102562218
REGN.OQ,2010-02-26,-0.0825206301474526
REGN.OQ,2010-03-31,0.0829926410818982
REGN.OQ,2010-04-30,-0.0362400906084062
REGN.OQ,2010-05-28,0.119075597341695
REGN.OQ,2010-06-30,-0.218760938061555
REGN.OQ,2010-07-30,0.0837813619926866
REGN.OQ,2010-08-31,-0.0913600661408648
REGN.OQ,2010-09-30,0.246587807070722
REGN.OQ,2010-10-29,-0.0481751824770431
REGN.OQ,2010-11-30,0.105061349692147
REGN.OQ,2010-12-31,0.139139486479954
REGN.OQ,2011-01-31,0.0258909533927323
REGN.OQ,2011-02-28,0.0769002375026706
REGN.OQ,2011-03-31,0.239040529339889
REGN.OQ,2011-04-29,0.137294170020947
REGN.OQ,2011-05-31,0.174329876743732
REGN.OQ,2011-06-30,-0.0551482838926786
REGN.OQ,2011-07-29,-0.064362546270182
REGN.OQ,2011-08-31,0.11251413492977
REGN.OQ,2011-09-30,-0.0140606471218505
REGN.OQ,2011-10-31,-0.0498281786952308
REGN.OQ,2011-11-30,0.0745027124804545
REGN.OQ,2011-12-30,-0.0671491080468752
REGN.OQ,2012-01-31,0.639184557099974
REGN.OQ,2012-02-29,0.153312788903183
REGN.OQ,2012-03-30,0.112892451576117
REGN.OQ,2012-04-30,0.159835362696465
REGN.OQ,2012-05-31,0.0028833358364814
REGN.OQ,2012-06-29,-0.1579800958206459
REGN.OQ,2012-07-31,0.178865347590726
REGN.OQ,2012-08-31,0.0995172669886368
REGN.OQ,2012-09-28,0.0311381290111326
REGN.OQ,2012-10-31,-0.067863225473881
REGN.OQ,2012-11-30,0.240688685869153
REGN.OQ,2012-12-31,-0.0310393656239982
REGN.OQ,2013-01-31,0.0167767580716465
REGN.OQ,2013-02-28,-0.0398988156805083
REGN.OQ,2013-03-28,0.0562874251466456
REGN.OQ,2013-04-30,0.219614512456653
REGN.OQ,2013-05-31,0.124244677876543
REGN.OQ,2013-06-28,-0.0702443461402271
REGN.OQ,2013-07-31,0.200907150452177
REGN.OQ,2013-08-30,-0.102754943389908
REGN.OQ,2013-09-30,0.291197226708336
REGN.OQ,2013-10-31,-0.0807683702602101
REGN.OQ,2013-11-29,0.0217663421506478
REGN.OQ,2013-12-31,-0.0633635064253245
REGN.OQ,2014-01-31,0.048503124556232
REGN.OQ,2014-02-28,0.152153574283387
REGN.OQ,2014-03-31,-0.0969022556496327
REGN.OQ,2014-04-30,-0.0112894631592602
REGN.OQ,2014-05-30,0.0339182862298559
REGN.OQ,2014-06-30,-0.0797823820713605
REGN.OQ,2014-07-31,0.119481714881115
REGN.OQ,2014-08-29,0.108468787581729
REGN.OQ,2014-09-30,0.0285290425673608
REGN.OQ,2014-10-31,0.0920892044646069
REGN.OQ,2014-11-28,0.056867824835644
REGN.OQ,2014-12-31,-0.0140828146363604
REGN.OQ,2015-01-30,0.0156246191366385
REGN.OQ,2015-02-27,-0.006768108294355
REGN.OQ,2015-03-31,0.0909530253363132
REGN.OQ,2015-04-30,0.013245326489008
REGN.OQ,2015-05-29,0.120447689425201
REGN.OQ,2015-06-30,-0.004740908371236
REGN.OQ,2015-07-31,0.0853311900958529
REGN.OQ,2015-08-31,-0.0725354911031957
REGN.OQ,2015-09-30,-0.0941772152095393
REGN.OQ,2015-10-30,0.198327385325564
REGN.OQ,2015-11-30,-0.0231256391566769
REGN.OQ,2015-12-31,-0.0029935720679378
REGN.OQ,2016-01-29,-0.226168327594479
REGN.OQ,2016-02-29,-0.085862553252953
REGN.OQ,2016-03-31,-0.0614030519298369
REGN.OQ,2016-04-29,0.045139274216093
REGN.OQ,2016-05-31,0.0589843646412791
REGN.OQ,2016-06-30,-0.1245832602181629
REGN.OQ,2016-07-29,0.217306646030074
REGN.OQ,2016-08-31,-0.0766136620309502
REGN.OQ,2016-09-30,0.0241243153721474
REGN.OQ,2016-10-31,-0.141783990842246
REGN.OQ,2016-11-30,0.09918265606363
REGN.OQ,2016-12-30,-0.032037759740674
REGN.OQ,2017-01-31,-0.0212481952620129
REGN.OQ,2017-02-28,0.0395502240684558
REGN.OQ,2017-03-31,0.0375100401507511
REGN.OQ,2017-04-28,0.0025289669940988
REGN.OQ,2017-05-31,0.181652037371629
REGN.OQ,2017-06-30,0.0698819326469662
REGN.OQ,2017-07-31,0.0009773180753092
REGN.OQ,2017-08-31,0.0107400024439781
REGN.OQ,2017-09-29,-0.100181122973085
REGN.OQ,2017-10-31,-0.0995258543629051
REGN.OQ,2017-11-30,-0.1012368983211
REGN.OQ,2017-12-29,0.0389653457258965
REGN.OQ,2018-01-31,-0.0247632726773368
REGN.OQ,2018-02-28,-0.12603300150086
REGN.OQ,2018-03-29,0.074647359868439
REGN.OQ,2018-04-30,-0.118132187256857
REGN.OQ,2018-05-31,-0.0110642781828163
REGN.OQ,2018-06-29,0.14874134259706
REGN.OQ,2018-07-31,0.0667265717934917
REGN.OQ,2018-08-31,0.105268878556071
REGN.OQ,2018-09-28,-0.006662569137085
REGN.OQ,2018-10-31,-0.160380160357528
REGN.OQ,2018-11-30,0.0778504893165537
REGN.OQ,2018-12-31,0.0214686175230747
REGN.OQ,2019-01-31,0.149317269071085
REGN.OQ,2019-02-28,0.0034244182205505
REGN.OQ,2019-03-29,-0.0467103124718436
REGN.OQ,2019-04-30,-0.1643368564564989
REGN.OQ,2019-05-31,-0.120708748640121
REGN.OQ,2019-06-28,0.0373856555834654
REGN.OQ,2019-07-31,-0.0263258785726685
REGN.OQ,2019-08-30,-0.0482674891904494
REGN.OQ,2019-09-30,-0.0436131701296456
REGN.OQ,2019-10-31,0.1041095890717729
REGN.OQ,2019-11-29,0.20477993991686
REGN.OQ,2019-12-31,0.017560975635913
REGN.OQ,2020-01-31,-0.0999786939433875
REGN.OQ,2020-02-28,0.315529383917962
REGN.OQ,2020-03-31,0.0983422183075029
REGN.OQ,2020-04-30,0.0769829404811293
REGN.OQ,2020-05-29,0.1653038716111829
REGN.OQ,2020-06-30,0.0176890063904164
REGN.OQ,2020-07-31,0.013501162510125
REGN.OQ,2020-08-31,-0.0192067334128352
REGN.OQ,2020-09-30,-0.0970270836969658
REGN.OQ,2020-10-30,-0.0289756690100412
REGN.OQ,2020-11-30,-0.0506475826301542
REGN.OQ,2020-12-31,-0.0637947406538996
REGN.OQ,2021-01-29,0.0429094823320462
REGN.OQ,2021-02-26,-0.105728008919362
REGN.OQ,2021-03-31,0.0500921055497507
REGN.OQ,2021-04-30,0.0172464809661772
REGN.OQ,2021-05-28,0.0439019322568659
REGN.OQ,2021-06-30,0.111677248570488
REGN.OQ,2021-07-30,0.0287714398116472
REGN.OQ,2021-08-31,0.1719253058391739
REGN.OQ,2021-09-30,-0.101306801299549
REGN.OQ,2021-10-29,0.0574374566228888
REGN.OQ,2021-11-30,-0.0053286245437296
REGN.OQ,2021-12-31,-0.0078707994723715
REGN.OQ,2022-01-31,-0.0363092221885895
REGN.OQ,2022-02-28,0.0160535007176945
REGN.OQ,2022-03-31,0.129471505268378
REGN.OQ,2022-04-29,-0.0562841842870654
REGN.OQ,2022-05-31,0.0085418215110335
REGN.OQ,2022-06-30,-0.1107350242411349
REGN.OQ,2022-07-29,-0.0159694144817405
REGN.OQ,2022-08-31,-0.001083051126138
REGN.OQ,2022-09-30,0.185540219605775
REGN.OQ,2022-10-31,0.0869249640558694
REGN.OQ,2022-11-30,0.0039398998159929
REGN.OQ,2022-12-30,-0.0401889051584361
REGN.OQ,2023-01-31,0.0512550416607889
REGN.OQ,2023-02-28,0.0025709652455634
REGN.OQ,2023-03-31,0.0805475921130014
REGN.OQ,2023-04-28,-0.0241946280202581
REGN.OQ,2023-05-31,-0.0826026765279164
REGN.OQ,2023-06-30,-0.0231388330034745
REGN.OQ,2023-07-31,0.0325242853473489
REGN.OQ,2023-08-31,0.114003046176152
REGN.OQ,2023-09-29,-0.0042710740578428
REGN.OQ,2023-10-31,-0.052335471948332
REGN.OQ,2023-11-30,0.0563156342854376
REGN.OQ,2023-12-29,0.0661317536900123
REGN.OQ,2024-01-31,0.0734267724935859
RTX.N,2000-01-31,-0.185576923051305
RTX.N,2000-02-29,-0.0340884355346198
RTX.N,2000-03-31,0.240490797537212
RTX.N,2000-04-28,-0.0158259149228536
RTX.N,2000-05-31,-0.0251589714288135
RTX.N,2000-06-30,-0.0258531540854132
RTX.N,2000-07-31,-0.008492568977423
RTX.N,2000-08-31,0.0729291073436145
RTX.N,2000-09-29,0.109109109107561
RTX.N,2000-10-31,0.0081227436824391
RTX.N,2000-11-30,0.0177272229234013
RTX.N,2000-12-29,0.110326566621188
RTX.N,2001-01-31,-0.0463593004629832
RTX.N,2001-02-28,0.0421133540428498
RTX.N,2001-03-30,-0.0591708381554049
RTX.N,2001-04-30,0.0652114597505054
RTX.N,2001-05-31,0.0698784961792357
RTX.N,2001-06-29,-0.120633777466248
RTX.N,2001-07-31,0.0019110018990262
RTX.N,2001-08-31,-0.0652417413098482
RTX.N,2001-09-28,-0.320175438600709
RTX.N,2001-10-31,0.158924731164944
RTX.N,2001-11-30,0.121410505950057
RTX.N,2001-12-31,0.0735880398583746
RTX.N,2002-01-31,0.0634380318812104
RTX.N,2002-02-28,0.065119361801383
RTX.N,2002-03-28,0.0171350239917067
RTX.N,2002-04-30,-0.0543126684486459
RTX.N,2002-05-31,-0.0151132198931504
RTX.N,2002-06-28,-0.0140845070140818
RTX.N,2002-07-31,0.0235640648238302
RTX.N,2002-08-30,-0.142050053844654
RTX.N,2002-09-30,-0.0488297693188983
RTX.N,2002-10-31,0.0916976456020868
RTX.N,2002-11-29,0.0169719211568589
RTX.N,2002-12-31,-0.0084840723363587
RTX.N,2003-01-31,0.0264772360357337
RTX.N,2003-02-28,-0.0749099586489695
RTX.N,2003-03-31,-0.0136565380579352
RTX.N,2003-04-30,0.0697473174056702
RTX.N,2003-05-30,0.108612919983525
RTX.N,2003-06-30,0.0378021978252581
RTX.N,2003-07-31,0.0621205703703775
RTX.N,2003-08-29,0.0704426490461989
RTX.N,2003-09-30,-0.0370093457963278
RTX.N,2003-10-31,0.0958850931644144
RTX.N,2003-11-28,0.0160345966222848
RTX.N,2003-12-31,0.105834305703384
RTX.N,2004-01-30,0.0081249340289424
RTX.N,2004-02-27,-0.0324353476062537
RTX.N,2004-03-31,-0.0630767560429109
RTX.N,2004-04-30,-0.0004634994284162
RTX.N,2004-05-28,-0.014939012960772
RTX.N,2004-06-30,0.0811960761225572
RTX.N,2004-07-30,0.0220813292673838
RTX.N,2004-08-31,0.0081690408492696
RTX.N,2004-09-30,-0.0056437014219079
RTX.N,2004-10-29,-0.0059970014870605
RTX.N,2004-11-30,0.0550613125529924
RTX.N,2004-12-31,0.0591309694484512
RTX.N,2005-01-31,-0.0258345428146959
RTX.N,2005-02-28,-0.003701886416483
RTX.N,2005-03-31,0.0178213856662863
RTX.N,2005-04-29,0.0005902026725743
RTX.N,2005-05-31,0.053322381784244
RTX.N,2005-06-30,-0.0374882849126676
RTX.N,2005-07-29,-0.0126582278623147
RTX.N,2005-08-31,-0.0096036355726464
RTX.N,2005-09-30,0.0368000000334481
RTX.N,2005-10-31,-0.0108024691438178
RTX.N,2005-11-30,0.0542337911149475
RTX.N,2005-12-30,0.0384472511106206
RTX.N,2006-01-31,0.04399928456214
RTX.N,2006-02-28,0.0060202207794775
RTX.N,2006-03-31,-0.0090598290245671
RTX.N,2006-04-28,0.0834914611014195
RTX.N,2006-05-31,-0.0004794283085245
RTX.N,2006-06-30,0.014395393451821
RTX.N,2006-07-31,-0.0193945127676584
RTX.N,2006-08-31,0.0126596205851427
RTX.N,2006-09-29,0.010205708824711
RTX.N,2006-10-31,0.0374112076010078
RTX.N,2006-11-30,-0.0141406323516863
RTX.N,2006-12-29,-0.0311483031350093
RTX.N,2007-01-31,0.0879718490061356
RTX.N,2007-02-28,-0.0313859717200944
RTX.N,2007-03-30,-0.0095992686444071
RTX.N,2007-04-30,0.0327692307758345
RTX.N,2007-05-31,0.0550128172097648
RTX.N,2007-06-29,0.0053862508970972
RTX.N,2007-07-31,0.0287607500482665
RTX.N,2007-08-31,0.0273181067910802
RTX.N,2007-09-28,0.078386707782683
RTX.N,2007-10-31,-0.0483349900625326
RTX.N,2007-11-30,-0.0195931667322045
RTX.N,2007-12-31,0.0236725959727324
RTX.N,2008-01-31,-0.0408936503574946
RTX.N,2008-02-29,-0.0353235410960425
RTX.N,2008-03-31,-0.0239682314646322
RTX.N,2008-04-30,0.0530369078603807
RTX.N,2008-05-30,-0.0155587305422409
RTX.N,2008-06-30,-0.131475225231513
RTX.N,2008-07-31,0.0369529983792329
RTX.N,2008-08-29,0.0301270875013546
RTX.N,2008-09-30,-0.0843116328629576
RTX.N,2008-10-31,-0.084915084910832
RTX.N,2008-11-28,-0.110057691017452
RTX.N,2008-12-31,0.104471460947183
RTX.N,2009-01-30,-0.104664179115224
RTX.N,2009-02-27,-0.1418943195633
RTX.N,2009-03-31,0.0526573597848651
RTX.N,2009-04-30,0.136342484865476
RTX.N,2009-05-29,0.085385224087567
RTX.N,2009-06-30,-0.0123550655825224
RTX.N,2009-07-31,0.0483063895431137
RTX.N,2009-08-31,0.0972663844199139
RTX.N,2009-09-30,0.0264487870708112
RTX.N,2009-10-30,0.0085343837060891
RTX.N,2009-11-30,0.100345250289546
RTX.N,2009-12-31,0.0322724568522597
RTX.N,2010-01-29,-0.027805791662777
RTX.N,2010-02-26,0.0237582010135886
RTX.N,2010-03-31,0.0722505462673713
RTX.N,2010-04-30,0.0182040483576196
RTX.N,2010-05-28,-0.0957774995514982
RTX.N,2010-06-30,-0.0366577619497441
RTX.N,2010-07-30,0.0953628100693207
RTX.N,2010-08-31,-0.0772670300795878
RTX.N,2010-09-30,0.0923171292678168
RTX.N,2010-10-29,0.0496981608900453
RTX.N,2010-11-30,0.0124970875887518
RTX.N,2010-12-31,0.0458349940312936
RTX.N,2011-01-31,0.032774390250047
RTX.N,2011-02-28,0.0326864126357895
RTX.N,2011-03-31,0.0132870480989369
RTX.N,2011-04-29,0.0582398110111372
RTX.N,2011-05-31,-0.0148089441485748
RTX.N,2011-06-30,0.0084311268081274
RTX.N,2011-07-29,-0.0640605581212634
RTX.N,2011-08-31,-0.0977226403872088
RTX.N,2011-09-30,-0.0523905723981096
RTX.N,2011-10-31,0.108300170536914
RTX.N,2011-11-30,-0.011608975784651
RTX.N,2011-12-30,-0.0458224543179713
RTX.N,2012-01-31,0.0719660692329771
RTX.N,2012-02-29,0.0766736455451478
RTX.N,2012-03-30,-0.0110885894866599
RTX.N,2012-04-30,-0.0156739811898849
RTX.N,2012-05-31,-0.086401165844228
RTX.N,2012-06-29,0.0191607070614832
RTX.N,2012-07-31,-0.0144313517837269
RTX.N,2012-08-31,0.0800343807925074
RTX.N,2012-09-28,-0.019536631190927
RTX.N,2012-10-31,-0.0016604930484676
RTX.N,2012-11-30,0.0322944035961448
RTX.N,2012-12-31,0.0237173886115378
RTX.N,2013-01-31,0.0677966101724017
RTX.N,2013-02-28,0.0402109913712573
RTX.N,2013-03-28,0.0318056322437645
RTX.N,2013-04-30,-0.0229048485641048
RTX.N,2013-05-31,0.0453490915455125
RTX.N,2013-06-28,-0.0206533192771109
RTX.N,2013-07-31,0.13589412523319
RTX.N,2013-08-30,-0.0469854879904619
RTX.N,2013-09-30,0.0771228771134471
RTX.N,2013-10-31,-0.0145613058699636
RTX.N,2013-11-29,0.0491168695000927
RTX.N,2013-12-31,0.0265199350270982
RTX.N,2014-01-31,0.0019332161736227
RTX.N,2014-02-28,0.0316802421418717
RTX.N,2014-03-31,-0.0015381985748362
RTX.N,2014-04-30,0.0127524820376648
RTX.N,2014-05-30,-0.012892182092256
RTX.N,2014-06-30,-0.0066253657030248
RTX.N,2014-07-31,-0.089216110901668
RTX.N,2014-08-29,0.0326535989356793
RTX.N,2014-09-30,-0.0220411187237447
RTX.N,2014-10-31,0.013257575760333
RTX.N,2014-11-28,0.0343979850452596
RTX.N,2014-12-31,0.0446947674719407
RTX.N,2015-01-30,-0.0019130434683798
RTX.N,2015-02-27,0.0678459905790072
RTX.N,2015-03-31,-0.0386350586275014
RTX.N,2015-04-30,-0.029436860090218
RTX.N,2015-05-29,0.0356827195855673
RTX.N,2015-06-30,-0.0532559529049543
RTX.N,2015-07-31,-0.0957360497580138
RTX.N,2015-08-31,-0.0808086286375478
RTX.N,2015-09-30,-0.0285994978848518
RTX.N,2015-10-30,0.105854590407247
RTX.N,2015-11-30,-0.0176512268443658
RTX.N,2015-12-31,0.0002082248545129
RTX.N,2016-01-29,-0.0872280628641551
RTX.N,2016-02-29,0.109838452645097
RTX.N,2016-03-31,0.0360173877064727
RTX.N,2016-04-29,0.042657342656693
RTX.N,2016-05-31,-0.0299073010885618
RTX.N,2016-06-30,0.0195863988764651
RTX.N,2016-07-29,0.0497318381101166
RTX.N,2016-08-31,-0.0053433017412497
RTX.N,2016-09-30,-0.0453819411962324
RTX.N,2016-10-31,0.0059055118172044
RTX.N,2016-11-30,0.0605155548836864
RTX.N,2016-12-30,0.0176383216119178
RTX.N,2017-01-31,0.000456121146068
RTX.N,2017-02-28,0.0323130716085915
RTX.N,2017-03-31,-0.0030208795989868
RTX.N,2017-04-28,0.0604224222507022
RTX.N,2017-05-31,0.0248708542435432
RTX.N,2017-06-30,0.0068436675586547
RTX.N,2017-07-31,-0.02899025470489
RTX.N,2017-08-31,0.0156886510236034
RTX.N,2017-09-29,-0.030404276631411
RTX.N,2017-10-31,0.0317022742891528
RTX.N,2017-11-30,0.0201330854469226
RTX.N,2017-12-29,0.0503911074396228
RTX.N,2018-01-31,0.0818374225994097
RTX.N,2018-02-28,-0.0184369028676475
RTX.N,2018-03-29,-0.0662015733972681
RTX.N,2018-04-30,-0.0450643776800877
RTX.N,2018-05-31,0.0447039504094297
RTX.N,2018-06-29,0.0016824227024518
RTX.N,2018-07-31,0.0856594417332767
RTX.N,2018-08-31,-0.0246681451180187
RTX.N,2018-09-28,0.0615793470037369
RTX.N,2018-10-31,-0.1115800014375889
RTX.N,2018-11-30,-0.0135230797978374
RTX.N,2018-12-31,-0.126066973084137
RTX.N,2019-01-31,0.10884673175473
RTX.N,2019-02-28,0.0706709461186901
RTX.N,2019-03-29,0.0256226625384453
RTX.N,2019-04-30,0.106447358202257
RTX.N,2019-05-31,-0.109554994472838
RTX.N,2019-06-28,0.0308788598650798
RTX.N,2019-07-31,0.0261136712830676
RTX.N,2019-08-30,-0.0193592131747995
RTX.N,2019-09-30,0.0482186732097218
RTX.N,2019-10-31,0.0517140345678968
RTX.N,2019-11-29,0.03827929600893
RTX.N,2019-12-31,0.0095726034751526
RTX.N,2020-01-31,0.0029380341995226
RTX.N,2020-02-28,-0.12638416680833
RTX.N,2020-03-31,-0.277662914448031
RTX.N,2020-04-30,0.164867866862189
RTX.N,2020-05-29,0.0043050802903488
RTX.N,2020-06-30,-0.0449473031636128
RTX.N,2020-07-31,-0.0801687763787747
RTX.N,2020-08-31,0.0842932412984527
RTX.N,2020-09-30,-0.0567213114767303
RTX.N,2020-10-30,-0.0559610705420182
RTX.N,2020-11-30,0.33012481701259
RTX.N,2020-12-31,-0.002928053534439
RTX.N,2021-01-29,-0.066843798071297
RTX.N,2021-02-26,0.0858142313980315
RTX.N,2021-03-31,0.0733435199366612
RTX.N,2021-04-30,0.0772615504231329
RTX.N,2021-05-28,0.0720906253373024
RTX.N,2021-06-30,-0.0383271333459282
RTX.N,2021-07-30,0.0192240065778093
RTX.N,2021-08-31,-0.0192222256761204
RTX.N,2021-09-30,0.0141576215052281
RTX.N,2021-10-29,0.0337366216749606
RTX.N,2021-11-30,-0.084010242579677
RTX.N,2021-12-31,0.063519525453557
RTX.N,2022-01-31,0.0479897745876463
RTX.N,2022-02-28,0.14486887834552
RTX.N,2022-03-31,-0.0353456669827997
RTX.N,2022-04-29,-0.0419905117571078
RTX.N,2022-05-31,0.0083202894140228
RTX.N,2022-06-30,0.0104079057918147
RTX.N,2022-07-29,-0.0301737592285252
RTX.N,2022-08-31,-0.0315288458098403
RTX.N,2022-09-30,-0.0879108634930655
RTX.N,2022-10-31,0.1583190813614839
RTX.N,2022-11-30,0.047188130173468
RTX.N,2022-12-30,0.0222852512166689
RTX.N,2023-01-31,-0.010602457395439
RTX.N,2023-02-28,-0.0122038638070364
RTX.N,2023-03-31,-0.0016311550854755
RTX.N,2023-04-28,0.0201164096863029
RTX.N,2023-05-31,-0.0720169040249143
RTX.N,2023-06-30,0.0631647492983197
RTX.N,2023-07-31,-0.102388730107244
RTX.N,2023-08-31,-0.0147143550096885
RTX.N,2023-09-29,-0.163528591358387
RTX.N,2023-10-31,0.130887869949733
RTX.N,2023-11-30,0.0084677763982068
RTX.N,2023-12-29,0.0326460480925641
RTX.N,2024-01-31,0.0829569764701446
FDX.N,2000-01-31,-0.0335877862509257
FDX.N,2000-02-29,-0.116903633510931
FDX.N,2000-03-31,0.116279069760155
FDX.N,2000-04-28,-0.0336538461449956
FDX.N,2000-05-31,-0.0613598673002541
FDX.N,2000-06-30,0.0742049469690207
FDX.N,2000-07-31,0.0427631579099805
FDX.N,2000-08-31,0.0182965299524684
FDX.N,2000-09-29,0.0988847583490142
FDX.N,2000-10-31,0.0568335588596012
FDX.N,2000-11-30,0.0226205719184411
FDX.N,2000-12-29,-0.166110183647544
FDX.N,2001-01-31,0.13563563562767
FDX.N,2001-02-28,-0.0980608197404401
FDX.N,2001-03-30,0.0183239677627844
FDX.N,2001-04-30,0.0093570057574763
FDX.N,2001-05-31,-0.0492037080998415
FDX.N,2001-06-29,0.0050000000043017
FDX.N,2001-07-31,0.0291044775993299
FDX.N,2001-08-31,0.0176456369388034
FDX.N,2001-09-28,-0.12707838481959
FDX.N,2001-10-31,0.1178231292544469
FDX.N,2001-11-30,0.116358325224922
FDX.N,2001-12-31,0.131269079819702
FDX.N,2002-01-31,0.032189668478894
FDX.N,2002-02-28,0.0804855275472523
FDX.N,2002-03-28,0.0041479432920825
FDX.N,2002-04-30,-0.11067125644209
FDX.N,2002-05-31,0.0441261854032484
FDX.N,2002-06-28,-0.0093223957548486
FDX.N,2002-07-31,-0.0458801498200691
FDX.N,2002-08-30,-0.0706575073792548
FDX.N,2002-09-30,0.0585982215501013
FDX.N,2002-10-31,0.0623127621206476
FDX.N,2002-11-29,-0.0116563263893429
FDX.N,2002-12-31,0.0323528021777688
FDX.N,2003-01-31,-0.0298782737082105
FDX.N,2003-02-28,-0.0228136881979492
FDX.N,2003-03-31,0.0724505536120028
FDX.N,2003-04-30,0.0873433811637239
FDX.N,2003-05-30,0.0684702738821503
FDX.N,2003-06-30,-0.0297169098147265
FDX.N,2003-07-31,0.0380461067318223
FDX.N,2003-08-29,0.0420872806470513
FDX.N,2003-09-30,-0.0390700455912308
FDX.N,2003-10-31,0.175849759401919
FDX.N,2003-11-28,-0.0403907074981072
FDX.N,2003-12-31,-0.0707535245243148
FDX.N,2004-01-30,-0.0032592592500897
FDX.N,2004-02-27,0.0208085612244018
FDX.N,2004-03-31,0.0953084676121052
FDX.N,2004-04-30,-0.0432410856865733
FDX.N,2004-05-28,0.0232234737874184
FDX.N,2004-06-30,0.111236454801225
FDX.N,2004-07-30,0.0023258660747063
FDX.N,2004-08-31,0.0013434294169145
FDX.N,2004-09-30,0.0460001602946447
FDX.N,2004-10-29,0.0633679542390899
FDX.N,2004-11-30,0.0429104477366771
FDX.N,2004-12-31,0.0371378820364747
FDX.N,2005-01-31,-0.0288354147639749
FDX.N,2005-02-28,0.0222686879152349
FDX.N,2005-03-31,-0.0384940784250344
FDX.N,2005-04-29,-0.0957956359644969
FDX.N,2005-05-31,0.0526191877697844
FDX.N,2005-06-30,-0.0932425662817444
FDX.N,2005-07-29,0.0380199975425493
FDX.N,2005-08-31,-0.0315138542194666
FDX.N,2005-09-30,0.0709332573936829
FDX.N,2005-10-31,0.0550900952637077
FDX.N,2005-11-30,0.0618949200388419
FDX.N,2005-12-30,0.0599706121517003
FDX.N,2006-01-31,-0.0216655382220485
FDX.N,2006-02-28,0.060207612469156
FDX.N,2006-03-31,0.0539017168420868
FDX.N,2006-04-28,0.0193908269875775
FDX.N,2006-05-31,-0.050898983763034
FDX.N,2006-06-30,0.0703541706333317
FDX.N,2006-07-31,-0.103970563066248
FDX.N,2006-08-31,-0.0351446853044586
FDX.N,2006-09-29,0.0766834145747373
FDX.N,2006-10-31,0.0539197644228391
FDX.N,2006-11-30,0.0077702112848041
FDX.N,2006-12-29,-0.0582622734413392
FDX.N,2007-01-31,0.016387405636634
FDX.N,2007-02-28,0.034239130430173
FDX.N,2007-03-30,-0.0583717000327658
FDX.N,2007-04-30,-0.0185236898411861
FDX.N,2007-05-31,0.0586115325893404
FDX.N,2007-06-29,-0.0048976525393449
FDX.N,2007-07-31,-0.0020726322680831
FDX.N,2007-08-31,-0.0095719703826094
FDX.N,2007-09-28,-0.0440820538868236
FDX.N,2007-10-31,-0.0134606205371536
FDX.N,2007-11-30,-0.0471259918640712
FDX.N,2007-12-31,-0.0935472640130668
FDX.N,2008-01-31,0.0483346416910868
FDX.N,2008-02-29,-0.0572314933614956
FDX.N,2008-03-31,0.0527276275500459
FDX.N,2008-04-30,0.0345311319845944
FDX.N,2008-05-30,-0.0433920934478204
FDX.N,2008-06-30,-0.139787216685443
FDX.N,2008-07-31,0.0006345983237747
FDX.N,2008-08-29,0.0504819888570929
FDX.N,2008-09-30,-0.0444040592936588
FDX.N,2008-10-31,-0.17295040486963
FDX.N,2008-11-28,0.0807709958691492
FDX.N,2008-12-31,-0.0903659955680449
FDX.N,2009-01-30,-0.205923616530286
FDX.N,2009-02-27,-0.151747153511884
FDX.N,2009-03-31,0.0329266962104198
FDX.N,2009-04-30,0.257810743986928
FDX.N,2009-05-29,-0.0094710507732614
FDX.N,2009-06-30,0.0055743249404616
FDX.N,2009-07-31,0.219705142042956
FDX.N,2009-08-31,0.0128242924489515
FDX.N,2009-09-30,0.0964437933156483
FDX.N,2009-10-30,-0.0336346716383663
FDX.N,2009-11-30,0.161782913732373
FDX.N,2009-12-31,-0.0106066890722157
FDX.N,2010-01-29,-0.0611144397692776
FDX.N,2010-02-26,0.0818123803188702
FDX.N,2010-03-31,0.103330532225065
FDX.N,2010-04-30,-0.0362955032134121
FDX.N,2010-05-28,-0.0724363959844374
FDX.N,2010-06-30,-0.159044776093533
FDX.N,2010-07-30,0.177435458557398
FDX.N,2010-08-31,-0.054512416724377
FDX.N,2010-09-30,0.0970201122419219
FDX.N,2010-10-29,0.0259649122832915
FDX.N,2010-11-30,0.040190981257098
FDX.N,2010-12-31,0.0207418788276299
FDX.N,2011-01-31,-0.0289216213481399
FDX.N,2011-02-28,-0.0033215234482557
FDX.N,2011-03-31,0.0406758160524101
FDX.N,2011-04-29,0.0226616782219403
FDX.N,2011-05-31,-0.0212187728735818
FDX.N,2011-06-30,0.0144443145844637
FDX.N,2011-07-29,-0.0840274116894594
FDX.N,2011-08-31,-0.0939226519259014
FDX.N,2011-09-30,-0.138753459783954
FDX.N,2011-10-31,0.20907210399534
FDX.N,2011-11-30,0.0152755713224084
FDX.N,2011-12-30,0.0067455665714713
FDX.N,2012-01-31,0.0955574182828986
FDX.N,2012-02-29,-0.016395234447616
FDX.N,2012-03-30,0.0233513264456346
FDX.N,2012-04-30,-0.0404523705950727
FDX.N,2012-05-31,0.0101994560444256
FDX.N,2012-06-29,0.0293660534493463
FDX.N,2012-07-31,-0.0142997489345205
FDX.N,2012-08-31,-0.0295681063269946
FDX.N,2012-09-28,-0.0328046315640685
FDX.N,2012-10-31,0.0870952493746875
FDX.N,2012-11-30,-0.0251758749144567
FDX.N,2012-12-31,0.0244610744912177
FDX.N,2013-01-31,0.106083733110592
FDX.N,2013-02-28,0.0392311483609522
FDX.N,2013-03-28,-0.0673571655975457
FDX.N,2013-04-30,-0.0426680244414014
FDX.N,2013-05-31,0.0247845973711521
FDX.N,2013-06-28,0.0247923362393772
FDX.N,2013-07-31,0.0752688172310556
FDX.N,2013-08-30,0.012830188667152
FDX.N,2013-09-30,0.0643466063972167
FDX.N,2013-10-31,0.148015073181856
FDX.N,2013-11-29,0.0587786259463758
FDX.N,2013-12-31,0.0376764154729425
FDX.N,2014-01-31,-0.0726855393823225
FDX.N,2014-02-28,7.500750865663e-05
FDX.N,2014-03-31,-0.0046899830095565
FDX.N,2014-04-30,0.0278364514384488
FDX.N,2014-05-30,0.0580550458748557
FDX.N,2014-06-30,0.0515800454101483
FDX.N,2014-07-31,-0.0297265160562231
FDX.N,2014-08-29,0.0068082788776839
FDX.N,2014-09-30,0.0931963527337492
FDX.N,2014-10-31,0.0368535150210403
FDX.N,2014-11-28,0.0643966547000232
FDX.N,2014-12-31,-0.024262956120681
FDX.N,2015-01-30,-0.0262006218976306
FDX.N,2015-02-27,0.0465377565027196
FDX.N,2015-03-31,-0.0640672887690482
FDX.N,2015-04-30,0.0249017830005316
FDX.N,2015-05-29,0.021525033926822
FDX.N,2015-06-30,-0.0149295758979426
FDX.N,2015-07-31,0.0059859155008201
FDX.N,2015-08-31,-0.121397736534659
FDX.N,2015-09-30,-0.0424618792859134
FDX.N,2015-10-30,0.0838310876601856
FDX.N,2015-11-30,0.0159564242279671
FDX.N,2015-12-31,-0.058654965268912
FDX.N,2016-01-29,-0.108128062290287
FDX.N,2016-02-29,0.0301023480021703
FDX.N,2016-03-31,0.190877175976409
FDX.N,2016-04-29,0.0146878072725778
FDX.N,2016-05-31,-0.0008479195694254
FDX.N,2016-06-30,-0.0776502162874524
FDX.N,2016-07-29,0.0666754513201717
FDX.N,2016-08-31,0.0187152563448241
FDX.N,2016-09-30,0.061677333213114
FDX.N,2016-10-31,-0.002060911377131
FDX.N,2016-11-30,0.0995296007505423
FDX.N,2016-12-30,-0.0265668243519281
FDX.N,2017-01-31,0.0156283565980224
FDX.N,2017-02-28,0.0204642800410679
FDX.N,2017-03-31,0.0133590467845888
FDX.N,2017-04-28,-0.0279272354633889
FDX.N,2017-05-31,0.0218239325376051
FDX.N,2017-06-30,0.123865314893203
FDX.N,2017-07-31,-0.0427920673537214
FDX.N,2017-08-31,0.0305244435804659
FDX.N,2017-09-29,0.0547433081076698
FDX.N,2017-10-31,0.0010195939443959
FDX.N,2017-11-30,0.0250210353924842
FDX.N,2017-12-29,0.0803521062206711
FDX.N,2018-01-31,0.0518554139491039
FDX.N,2018-02-28,-0.0612237122607008
FDX.N,2018-03-29,-0.0235955658937466
FDX.N,2018-04-30,0.0295281329405198
FDX.N,2018-05-31,0.0077669902927586
FDX.N,2018-06-29,-0.0861012681381025
FDX.N,2018-07-31,0.0828415396629638
FDX.N,2018-08-31,-0.0078090047551509
FDX.N,2018-09-28,-0.0103451062163404
FDX.N,2018-10-31,-0.0849287761102507
FDX.N,2018-11-30,0.0393028955186956
FDX.N,2018-12-31,-0.293228368524454
FDX.N,2019-01-31,0.1006632368589409
FDX.N,2019-02-28,0.0193163259599638
FDX.N,2019-03-29,0.0060576743268248
FDX.N,2019-04-30,0.0443746210274634
FDX.N,2019-05-31,-0.185685632862251
FDX.N,2019-06-28,0.0684174226712613
FDX.N,2019-07-31,0.0386138010786787
FDX.N,2019-08-30,-0.0698997243933915
FDX.N,2019-09-30,-0.0785288049745285
FDX.N,2019-10-31,0.0487050903239166
FDX.N,2019-11-29,0.0484082274546456
FDX.N,2019-12-31,-0.0513115424273564
FDX.N,2020-01-31,-0.0434495072988871
FDX.N,2020-02-28,-0.023990597347064
FDX.N,2020-03-31,-0.136662770215468
FDX.N,2020-04-30,0.045439551368005
FDX.N,2020-05-29,0.0298966632271738
FDX.N,2020-06-30,0.0793556128952073
FDX.N,2020-07-31,0.200969904416872
FDX.N,2020-08-31,0.30546318291149
FDX.N,2020-09-30,0.147470274475379
FDX.N,2020-10-30,0.0316078244154452
FDX.N,2020-11-30,0.104482213747951
FDX.N,2020-12-31,-0.0920407134935626
FDX.N,2021-01-29,-0.0935213003696435
FDX.N,2021-02-26,0.081414124263669
FDX.N,2021-03-31,0.118890292270128
FDX.N,2021-04-30,0.0220743556969549
FDX.N,2021-05-28,0.0843925458917338
FDX.N,2021-06-30,-0.0499145840468253
FDX.N,2021-07-30,-0.0616096269234759
FDX.N,2021-08-31,-0.0509376674457034
FDX.N,2021-09-30,-0.17232197079622
FDX.N,2021-10-29,0.0740571845545619
FDX.N,2021-11-30,-0.0219080372041963
FDX.N,2021-12-31,0.126134653313178
FDX.N,2022-01-31,-0.0494123105553524
FDX.N,2022-02-28,-0.0959489140182006
FDX.N,2022-03-31,0.0446704687915338
FDX.N,2022-04-29,-0.14110376420373
FDX.N,2022-05-31,0.130019120453684
FDX.N,2022-06-30,0.0142570522467522
FDX.N,2022-07-29,0.0281416787792323
FDX.N,2022-08-31,-0.0955853962048613
FDX.N,2022-09-30,-0.291893591744701
FDX.N,2022-10-31,0.0795446891410074
FDX.N,2022-11-30,0.136885450492102
FDX.N,2022-12-30,-0.04315769003852
FDX.N,2023-01-31,0.119284064679767
FDX.N,2023-02-28,0.0482822655583175
FDX.N,2023-03-31,0.1307747590037599
FDX.N,2023-04-28,-0.0031073570002742
FDX.N,2023-05-31,-0.0430239705020188
FDX.N,2023-06-30,0.143664249679468
FDX.N,2023-07-31,0.0889471560931809
FDX.N,2023-08-31,-0.0330802000359274
FDX.N,2023-09-29,0.0199898467503445
FDX.N,2023-10-31,-0.093688660745724
FDX.N,2023-11-30,0.0780091628503141
FDX.N,2023-12-29,-0.0181163610050961
FDX.N,2024-01-31,-0.0461714827756394
CTAS.OQ,2000-01-31,-0.118235294114428
CTAS.OQ,2000-02-29,-0.142458304336808
CTAS.OQ,2000-03-31,0.4718309123134589
CTAS.OQ,2000-04-28,0.0111642743196815
CTAS.OQ,2000-05-31,0.110410094636495
CTAS.OQ,2000-06-30,-0.1661931818230619
CTAS.OQ,2000-07-31,0.149914821139855
CTAS.OQ,2000-08-31,-0.014814814811744
CTAS.OQ,2000-09-29,0.0481203007543676
CTAS.OQ,2000-10-31,0.0645624103267761
CTAS.OQ,2000-11-30,0.0983827493311871
CTAS.OQ,2000-12-29,0.0441717791395866
CTAS.OQ,2001-01-31,-0.117696826499675
CTAS.OQ,2001-02-28,-0.2285809906216659
CTAS.OQ,2001-03-30,0.0945249457886634
CTAS.OQ,2001-04-30,0.111364789448953
CTAS.OQ,2001-05-31,0.0645971239515535
CTAS.OQ,2001-06-29,-0.0083619211187255
CTAS.OQ,2001-07-31,0.0847567567505707
CTAS.OQ,2001-08-31,-0.071955351793024
CTAS.OQ,2001-09-28,-0.134450171828476
CTAS.OQ,2001-10-31,0.0029776674987884
CTAS.OQ,2001-11-30,0.0573973280694782
CTAS.OQ,2001-12-31,0.123069723916891
CTAS.OQ,2002-01-31,0.0420833333308746
CTAS.OQ,2002-02-28,-0.109960663070812
CTAS.OQ,2002-03-28,0.125762023030459
CTAS.OQ,2002-04-30,0.0383072603286789
CTAS.OQ,2002-05-31,0.0084991307668485
CTAS.OQ,2002-06-28,-0.0532465044980038
CTAS.OQ,2002-07-31,-0.11209791620769
CTAS.OQ,2002-08-30,0.0027569550784076
CTAS.OQ,2002-09-30,-0.0474892070030905
CTAS.OQ,2002-10-31,0.127624045789888
CTAS.OQ,2002-11-29,0.0676962132436401
CTAS.OQ,2002-12-31,-0.0935209035021354
CTAS.OQ,2003-01-31,-0.0972677595812486
CTAS.OQ,2003-02-28,-0.181776137622339
CTAS.OQ,2003-03-31,-0.0199582961053832
CTAS.OQ,2003-04-30,0.0911854103350279
CTAS.OQ,2003-05-30,0.0311977715721562
CTAS.OQ,2003-06-30,-0.0426796326219182
CTAS.OQ,2003-07-31,0.161681715533964
CTAS.OQ,2003-08-29,-0.0301190186901725
CTAS.OQ,2003-09-30,-0.0773854245000743
CTAS.OQ,2003-10-31,0.157980456036753
CTAS.OQ,2003-11-28,0.0956399437275418
CTAS.OQ,2003-12-31,0.072528883172831
CTAS.OQ,2004-01-30,-0.0993417115359979
CTAS.OQ,2004-02-27,-0.0481552195766993
CTAS.OQ,2004-03-31,0.0182627019505919
CTAS.OQ,2004-04-30,0.0338008737665729
CTAS.OQ,2004-05-28,0.0093416370172745
CTAS.OQ,2004-06-30,0.050462758913963
CTAS.OQ,2004-07-30,-0.119781833430341
CTAS.OQ,2004-08-31,-0.0226406100880066
CTAS.OQ,2004-09-30,0.0251158254117105
CTAS.OQ,2004-10-29,0.0261655566158062
CTAS.OQ,2004-11-30,0.0366249420301975
CTAS.OQ,2004-12-31,-0.0192307692330679
CTAS.OQ,2005-01-31,-0.0082079343441962
CTAS.OQ,2005-02-28,0.0136240119171134
CTAS.OQ,2005-03-31,-0.0564184559012895
CTAS.OQ,2005-04-29,-0.065843621412509
CTAS.OQ,2005-05-31,0.0461259393507184
CTAS.OQ,2005-06-30,-0.0438444389399906
CTAS.OQ,2005-07-29,0.148445595870325
CTAS.OQ,2005-08-31,-0.069478908182816
CTAS.OQ,2005-09-30,-0.0048484848255021
CTAS.OQ,2005-10-31,-0.0116930572364378
CTAS.OQ,2005-11-30,0.102292334258825
CTAS.OQ,2005-12-30,-0.079159212875774
CTAS.OQ,2006-01-31,0.0344827586191834
CTAS.OQ,2006-02-28,-0.0271288414264798
CTAS.OQ,2006-03-31,0.0372353370701135
CTAS.OQ,2006-04-28,-0.015016424208957
CTAS.OQ,2006-05-31,0.0090519294990911
CTAS.OQ,2006-06-30,-0.0613786591151483
CTAS.OQ,2006-07-31,-0.112173038222179
CTAS.OQ,2006-08-31,0.0490084985749541
CTAS.OQ,2006-09-29,0.102619497715097
CTAS.OQ,2006-10-31,0.0139603232926102
CTAS.OQ,2006-11-30,0.0193236714873239
CTAS.OQ,2006-12-29,-0.0590047393362569
CTAS.OQ,2007-01-31,0.0362629060720132
CTAS.OQ,2007-02-28,-0.0094253924612847
CTAS.OQ,2007-03-30,-0.105993065860794
CTAS.OQ,2007-04-30,0.0379501385252781
CTAS.OQ,2007-05-31,0.023752335205953
CTAS.OQ,2007-06-29,0.0278936391708002
CTAS.OQ,2007-07-31,-0.0727872178255412
CTAS.OQ,2007-08-31,0.0024617067920118
CTAS.OQ,2007-09-28,0.012278308321978
CTAS.OQ,2007-10-31,-0.0134770889163696
CTAS.OQ,2007-11-30,-0.125956284150431
CTAS.OQ,2007-12-31,0.0509534229432715
CTAS.OQ,2008-01-31,-0.0237953599353565
CTAS.OQ,2008-02-29,-0.110517689122284
CTAS.OQ,2008-03-31,-0.0083391244077121
CTAS.OQ,2008-04-30,0.0374912403414016
CTAS.OQ,2008-05-30,-0.0030395136838733
CTAS.OQ,2008-06-30,-0.101964769637721
CTAS.OQ,2008-07-31,0.0728027159722981
CTAS.OQ,2008-08-29,0.0829817158900865
CTAS.OQ,2008-09-30,-0.0678571428449999
CTAS.OQ,2008-10-31,-0.17450365726456
CTAS.OQ,2008-11-28,0.0135021097053516
CTAS.OQ,2008-12-31,-0.0328892589304629
CTAS.OQ,2009-01-30,-0.020662935829176
CTAS.OQ,2009-02-27,-0.0892499764855163
CTAS.OQ,2009-03-31,0.218334154745
CTAS.OQ,2009-04-30,0.0380258899561834
CTAS.OQ,2009-05-29,-0.0923616523768581
CTAS.OQ,2009-06-30,-0.0193215972311136
CTAS.OQ,2009-07-31,0.102451838911797
CTAS.OQ,2009-08-31,0.0897537728568807
CTAS.OQ,2009-09-30,0.104591836736033
CTAS.OQ,2009-10-30,-0.0864401187769356
CTAS.OQ,2009-11-30,0.0144456482446567
CTAS.OQ,2009-12-31,-0.0726237094972681
CTAS.OQ,2010-01-29,-0.0360844529654869
CTAS.OQ,2010-02-26,0.0066061302546232
CTAS.OQ,2010-03-31,0.133118192809486
CTAS.OQ,2010-04-30,-0.0299038804024617
CTAS.OQ,2010-05-28,-0.0458715596395594
CTAS.OQ,2010-06-30,-0.0780769230782326
CTAS.OQ,2010-07-30,0.1038798498077519
CTAS.OQ,2010-08-31,-0.0366591080935352
CTAS.OQ,2010-09-30,0.0808160062843458
CTAS.OQ,2010-10-29,-0.0029038112441479
CTAS.OQ,2010-11-30,-0.0091198828209241
CTAS.OQ,2010-12-31,0.045429052144522
CTAS.OQ,2011-01-31,0.0035765379111096
CTAS.OQ,2011-02-28,0.0021382751280869
CTAS.OQ,2011-03-31,0.0764580370083008
CTAS.OQ,2011-04-29,0.0257680872273029
CTAS.OQ,2011-05-31,0.0579710144712711
CTAS.OQ,2011-06-30,0.0054794520574508
CTAS.OQ,2011-07-29,-0.0145322434153068
CTAS.OQ,2011-08-31,-0.0175115207364183
CTAS.OQ,2011-09-30,-0.120075046900746
CTAS.OQ,2011-10-31,0.0621890547238637
CTAS.OQ,2011-11-30,0.0354493663878936
CTAS.OQ,2011-12-30,0.145065789472696
CTAS.OQ,2012-01-31,0.0643493248989744
CTAS.OQ,2012-02-29,0.0407557355071049
CTAS.OQ,2012-03-30,0.0145228215627744
CTAS.OQ,2012-04-30,0.0012781186082624
CTAS.OQ,2012-05-31,-0.0579525146884637
CTAS.OQ,2012-06-29,0.0463414634196091
CTAS.OQ,2012-07-31,0.0264180264124627
CTAS.OQ,2012-08-31,0.0199343931345437
CTAS.OQ,2012-09-28,0.0254824344343902
CTAS.OQ,2012-10-31,0.0086851628547348
CTAS.OQ,2012-11-30,0.0065469551828676
CTAS.OQ,2012-12-31,-0.0130308880294582
CTAS.OQ,2013-01-31,0.0332518337135659
CTAS.OQ,2013-02-28,0.0388073828711852
CTAS.OQ,2013-03-28,0.0052391799370203
CTAS.OQ,2013-04-30,0.0167686380925338
CTAS.OQ,2013-05-31,0.0174949855176256
CTAS.OQ,2013-06-28,-0.0025188916824828
CTAS.OQ,2013-07-31,0.0432586736792887
CTAS.OQ,2013-08-30,0.0052620501032008
CTAS.OQ,2013-09-30,0.0720268006582279
CTAS.OQ,2013-10-31,0.0501953124787407
CTAS.OQ,2013-11-29,0.0470324409150136
CTAS.OQ,2013-12-31,0.0736936937007222
CTAS.OQ,2014-01-31,-0.0422889746937269
CTAS.OQ,2014-02-28,0.0629052041271925
CTAS.OQ,2014-03-31,-0.0173095944668864
CTAS.OQ,2014-04-30,-0.0114074819600284
CTAS.OQ,2014-05-30,0.0541320210575054
CTAS.OQ,2014-06-30,0.0228589826308836
CTAS.OQ,2014-07-31,-0.0147938306657284
CTAS.OQ,2014-08-29,0.0565495207819309
CTAS.OQ,2014-09-30,0.0672815240372746
CTAS.OQ,2014-10-31,0.0375407281540461
CTAS.OQ,2014-11-28,0.0230041055678112
CTAS.OQ,2014-12-31,0.0723171565507672
CTAS.OQ,2015-01-30,0.0033146353971726
CTAS.OQ,2015-02-27,0.0607369758539866
CTAS.OQ,2015-03-31,-0.0221609966475149
CTAS.OQ,2015-04-30,-0.020580668865876
CTAS.OQ,2015-05-29,0.0767979987701288
CTAS.OQ,2015-06-30,-0.0174236264608273
CTAS.OQ,2015-07-31,0.01075777278656
CTAS.OQ,2015-08-31,-0.0059649123013122
CTAS.OQ,2015-09-30,0.0089422284873881
CTAS.OQ,2015-10-30,0.0855976676457841
CTAS.OQ,2015-11-30,-0.0048217030138729
CTAS.OQ,2015-12-31,-0.0058958401389524
CTAS.OQ,2016-01-29,-0.0563426688853846
CTAS.OQ,2016-02-29,-0.0224627560737087
CTAS.OQ,2016-03-31,0.0692939635490017
CTAS.OQ,2016-04-29,-0.0003340385215782
CTAS.OQ,2016-05-31,0.0559144575549485
CTAS.OQ,2016-06-30,0.0351265822603473
CTAS.OQ,2016-07-29,0.0931417507327337
CTAS.OQ,2016-08-31,0.0954600540600172
CTAS.OQ,2016-09-30,-0.041783678010145
CTAS.OQ,2016-10-31,-0.0526642984225023
CTAS.OQ,2016-11-30,0.0882721482688883
CTAS.OQ,2016-12-30,0.0083769633452877
CTAS.OQ,2017-01-31,0.0047594323311579
CTAS.OQ,2017-02-28,0.0163637929297582
CTAS.OQ,2017-03-31,0.0722820099770867
CTAS.OQ,2017-04-28,-0.0321637426917554
CTAS.OQ,2017-05-31,0.0278435535055497
CTAS.OQ,2017-06-30,0.0012710517923413
CTAS.OQ,2017-07-31,0.0698984449416336
CTAS.OQ,2017-08-31,0.0011865035110134
CTAS.OQ,2017-09-29,0.0686615805975279
CTAS.OQ,2017-10-31,0.0329914056014533
CTAS.OQ,2017-11-30,0.0681279116358873
CTAS.OQ,2017-12-29,-0.0102261178855775
CTAS.OQ,2018-01-31,0.0809856895323087
CTAS.OQ,2018-02-28,0.0131196200641333
CTAS.OQ,2018-03-29,-0.0004687683005436
CTAS.OQ,2018-04-30,-0.0016414585488011
CTAS.OQ,2018-05-31,0.0701702877365034
CTAS.OQ,2018-06-29,0.0154732510320681
CTAS.OQ,2018-07-31,0.104879234866951
CTAS.OQ,2018-08-31,0.0434761345646659
CTAS.OQ,2018-09-28,-0.0729249660260356
CTAS.OQ,2018-10-31,-0.0805823770243809
CTAS.OQ,2018-11-30,0.041955161902717
CTAS.OQ,2018-12-31,-0.103479560242831
CTAS.OQ,2019-01-31,0.116197392681751
CTAS.OQ,2019-02-28,0.101807903566195
CTAS.OQ,2019-03-29,-0.0217328170174544
CTAS.OQ,2019-04-30,0.0743654445408659
CTAS.OQ,2019-05-31,0.0215989683872404
CTAS.OQ,2019-06-28,0.0696930081243889
CTAS.OQ,2019-07-31,0.0975599477561326
CTAS.OQ,2019-08-30,0.0129012440662091
CTAS.OQ,2019-09-30,0.0163002274407846
CTAS.OQ,2019-10-31,0.0021260723560034
CTAS.OQ,2019-11-29,-0.0339006221499258
CTAS.OQ,2019-12-31,0.0467595113989874
CTAS.OQ,2020-01-31,0.0367548684323449
CTAS.OQ,2020-02-28,-0.0438398394245565
CTAS.OQ,2020-03-31,-0.350603584004389
CTAS.OQ,2020-04-30,0.280625793802274
CTAS.OQ,2020-05-29,0.117792904493283
CTAS.OQ,2020-06-30,0.0742055170076719
CTAS.OQ,2020-07-31,0.133315813186269
CTAS.OQ,2020-08-31,0.103918905455838
CTAS.OQ,2020-09-30,-0.0012303444785177
CTAS.OQ,2020-10-30,-0.0549229336156278
CTAS.OQ,2020-11-30,0.141243078813865
CTAS.OQ,2020-12-31,-0.0051787221990946
CTAS.OQ,2021-01-29,-0.0999830249475808
CTAS.OQ,2021-02-26,0.0217943929294298
CTAS.OQ,2021-03-31,0.0523216377770825
CTAS.OQ,2021-04-30,0.0112214702248838
CTAS.OQ,2021-05-28,0.0265130112870448
CTAS.OQ,2021-06-30,0.0805000848669602
CTAS.OQ,2021-07-30,0.0318848167622965
CTAS.OQ,2021-08-31,0.0064879086654492
CTAS.OQ,2021-09-30,-0.0381787401924151
CTAS.OQ,2021-10-29,0.137760731338627
CTAS.OQ,2021-11-30,-0.0230790185269508
CTAS.OQ,2021-12-31,0.0496932660665386
CTAS.OQ,2022-01-31,-0.116524132963886
CTAS.OQ,2022-02-28,-0.0389437361888538
CTAS.OQ,2022-03-31,0.133406160099561
CTAS.OQ,2022-04-29,-0.0661275535489303
CTAS.OQ,2022-05-31,0.0052270532647629
CTAS.OQ,2022-06-30,-0.0622599352006459
CTAS.OQ,2022-07-29,0.13910529274451
CTAS.OQ,2022-08-31,-0.041299592378884
CTAS.OQ,2022-09-30,-0.0458411169132241
CTAS.OQ,2022-10-31,0.101393647466118
CTAS.OQ,2022-11-30,0.0828590226985713
CTAS.OQ,2022-12-30,-0.0220018190450542
CTAS.OQ,2023-01-31,-0.0174482972578395
CTAS.OQ,2023-02-28,-0.0093116226167394
CTAS.OQ,2023-03-31,0.055214723928058
CTAS.OQ,2023-04-28,-0.014934728129264
CTAS.OQ,2023-05-31,0.0384286328827255
CTAS.OQ,2023-06-30,0.0528233151208347
CTAS.OQ,2023-07-31,0.0099782731266444
CTAS.OQ,2023-08-31,0.0069901366566909
CTAS.OQ,2023-09-29,-0.0459368863513462
CTAS.OQ,2023-10-31,0.0542816157653723
CTAS.OQ,2023-11-30,0.0936594381288857
CTAS.OQ,2023-12-29,0.089308630826324
CTAS.OQ,2024-01-31,0.0031692828458755
PXD.N,2000-01-31,-0.0419580419671275
PXD.N,2000-02-29,-0.0291970802899431
PXD.N,2000-03-31,0.278195488723398
PXD.N,2000-04-28,-0.0294117646952381
PXD.N,2000-05-31,0.4484848484792
PXD.N,2000-06-30,-0.146443514637508
PXD.N,2000-07-31,-0.156862745100334
PXD.N,2000-08-31,0.290697674395205
PXD.N,2000-09-29,0.0225225225312511
PXD.N,2000-10-31,-0.0792951541845172
PXD.N,2000-11-30,0.1100478468888949
PXD.N,2000-12-29,0.357758620707136
PXD.N,2001-01-31,-0.111111111122762
PXD.N,2001-02-28,-0.0371428571437017
PXD.N,2001-03-30,-0.0682492581652819
PXD.N,2001-04-30,0.217197452220506
PXD.N,2001-05-31,0.104133961281644
PXD.N,2001-06-29,-0.191943127955435
PXD.N,2001-07-31,-0.0035190615843685
PXD.N,2001-08-31,0.0300176574440523
PXD.N,2001-09-28,-0.1868571428566
PXD.N,2001-10-31,0.195361911454161
PXD.N,2001-11-30,-0.015285126390028
PXD.N,2001-12-31,0.149850746263396
PXD.N,2002-01-31,-0.0955347871288741
PXD.N,2002-02-28,0.137772675110762
PXD.N,2002-03-28,0.1246215943469099
PXD.N,2002-04-30,0.0762673844512938
PXD.N,2002-05-31,0.0058357649057307
PXD.N,2002-06-28,0.0795690012319537
PXD.N,2002-07-31,-0.0706333973147188
PXD.N,2002-08-30,0.0280875671025349
PXD.N,2002-09-30,-0.0257131378147511
PXD.N,2002-10-31,0.0255670102985472
PXD.N,2002-11-29,-0.0084439083359882
PXD.N,2002-12-31,0.0239253852415762
PXD.N,2003-01-31,-0.038415841592693
PXD.N,2003-02-28,0.077018121907988
PXD.N,2003-03-31,-0.0401529636571273
PXD.N,2003-04-30,-0.0470119522026952
PXD.N,2003-05-30,0.117892976586068
PXD.N,2003-06-30,-0.0239341809727683
PXD.N,2003-07-31,-0.0804597700967561
PXD.N,2003-08-29,0.0566666666453179
PXD.N,2003-09-30,0.0039432176534677
PXD.N,2003-10-31,0.0388845247458462
PXD.N,2003-11-28,0.0722117202143556
PXD.N,2003-12-31,0.125881523282829
PXD.N,2004-01-30,-0.0003131850924492
PXD.N,2004-02-27,0.0062656641527219
PXD.N,2004-03-31,0.0087822530175159
PXD.N,2004-04-30,0.0126934984519984
PXD.N,2004-05-28,-0.0538061754991487
PXD.N,2004-06-30,0.133441033935349
PXD.N,2004-07-30,0.0276510832226653
PXD.N,2004-08-31,-0.0721220526986088
PXD.N,2004-09-30,0.0338239690394826
PXD.N,2004-10-29,-0.0603248259890829
PXD.N,2004-11-30,0.0864197530677686
PXD.N,2004-12-31,-0.0028409090968956
PXD.N,2005-01-31,0.0937321937070907
PXD.N,2005-02-28,0.0984631414472215
PXD.N,2005-03-31,0.0155357833394496
PXD.N,2005-04-29,-0.0482209737978181
PXD.N,2005-05-31,-0.0130349237647336
PXD.N,2005-06-30,0.0485920757431418
PXD.N,2005-07-29,0.0297053231928419
PXD.N,2005-08-31,0.140087699035469
PXD.N,2005-09-30,0.114159909845705
PXD.N,2005-10-31,-0.0886744355301133
PXD.N,2005-11-30,0.0175824175789936
PXD.N,2005-12-30,0.006675829564761
PXD.N,2006-01-31,0.0356933879304999
PXD.N,2006-02-28,-0.207344632759046
PXD.N,2006-03-31,0.0542779797572419
PXD.N,2006-04-28,-0.0323163841786095
PXD.N,2006-05-31,-0.046940681908303
PXD.N,2006-06-30,0.137221269290037
PXD.N,2006-07-31,-0.0228399051950434
PXD.N,2006-08-31,-0.0802646085925204
PXD.N,2006-09-29,-0.0589448368961164
PXD.N,2006-10-31,0.0411554192182915
PXD.N,2006-11-30,0.0692364350559199
PXD.N,2006-12-29,-0.0886337542987061
PXD.N,2007-01-31,0.0330057949091611
PXD.N,2007-02-28,-0.0621951219395791
PXD.N,2007-03-30,0.124694211742616
PXD.N,2007-04-30,0.164463001603349
PXD.N,2007-05-31,0.028286852604539
PXD.N,2007-06-29,-0.0563734986533628
PXD.N,2007-07-31,-0.0659002258210951
PXD.N,2007-08-31,-0.0978021977931077
PXD.N,2007-09-28,0.0992020782421648
PXD.N,2007-10-31,0.134281903053941
PXD.N,2007-11-30,-0.126421011355664
PXD.N,2007-12-31,0.0958043526847672
PXD.N,2008-01-31,-0.142096642099391
PXD.N,2008-02-29,0.0689737470241241
PXD.N,2008-03-31,0.0998234316869032
PXD.N,2008-04-30,0.1752850162902809
PXD.N,2008-05-30,0.243547548903608
PXD.N,2008-06-30,0.0904025630422043
PXD.N,2008-07-31,-0.240546755235335
PXD.N,2008-08-29,0.0625735912483354
PXD.N,2008-09-30,-0.172391958199656
PXD.N,2008-10-31,-0.4676740627370689
PXD.N,2008-11-28,-0.278476464255473
PXD.N,2008-12-31,-0.194223107591365
PXD.N,2009-01-30,-0.0951792336314308
PXD.N,2009-02-27,-0.0034153005209371
PXD.N,2009-03-31,0.131341845973768
PXD.N,2009-04-30,0.403764420137121
PXD.N,2009-05-29,0.216262975785596
PXD.N,2009-06-30,-0.0931721194756022
PXD.N,2009-07-31,0.119607843152707
PXD.N,2009-08-31,0.0143607705728137
PXD.N,2009-09-30,0.254500850682432
PXD.N,2009-10-30,0.132818958399972
PXD.N,2009-11-30,0.0058379956273939
PXD.N,2009-12-31,0.164933494556235
PXD.N,2010-01-29,-0.0869835997562343
PXD.N,2010-02-26,0.0607094133815487
PXD.N,2010-03-31,0.208175703012289
PXD.N,2010-04-30,0.138671874993475
PXD.N,2010-05-28,-0.0067051302040795
PXD.N,2010-06-30,-0.0667189953100391
PXD.N,2010-07-30,-0.0257359125174306
PXD.N,2010-08-31,-0.0017265193452431
PXD.N,2010-09-30,0.125397428318417
PXD.N,2010-10-29,0.0733507611961195
PXD.N,2010-11-30,0.147707736428999
PXD.N,2010-12-31,0.0837598302195908
PXD.N,2011-01-31,0.0960608154612945
PXD.N,2011-02-28,0.0754518705129092
PXD.N,2011-03-31,-0.0037163458502892
PXD.N,2011-04-29,0.0030416012602201
PXD.N,2011-05-31,-0.101829208663071
PXD.N,2011-06-30,-0.0245044652262664
PXD.N,2011-07-29,0.0381824271374351
PXD.N,2011-08-31,-0.159371975494507
PXD.N,2011-09-30,-0.158138463085303
PXD.N,2011-10-31,0.275657594659452
PXD.N,2011-11-30,0.126817640049725
PXD.N,2011-12-30,-0.0535223186305041
PXD.N,2012-01-31,0.109745194439739
PXD.N,2012-02-29,0.104128902309203
PXD.N,2012-03-30,0.0181718827484345
PXD.N,2012-04-30,0.0379066224812084
PXD.N,2012-05-31,-0.1650837506343999
PXD.N,2012-06-29,-0.0877973112592096
PXD.N,2012-07-31,0.0047613649198883
PXD.N,2012-08-31,0.0984993794559898
PXD.N,2012-09-28,0.0727312084440606
PXD.N,2012-10-31,0.0119731800572629
PXD.N,2012-11-30,0.012778040723802
PXD.N,2012-12-31,-0.0038317757167264
PXD.N,2013-01-31,0.102730087255445
PXD.N,2013-02-28,0.0703590267240781
PXD.N,2013-03-28,-0.0120863004180759
PXD.N,2013-04-30,-0.0162575452868797
PXD.N,2013-05-31,0.134582344774354
PXD.N,2013-06-28,0.0437698298255889
PXD.N,2013-07-31,0.0691537132949569
PXD.N,2013-08-30,0.1305892995751069
PXD.N,2013-09-30,0.0792714244228302
PXD.N,2013-10-31,0.0846398305219478
PXD.N,2013-11-29,-0.131995312062268
PXD.N,2013-12-31,0.0355555555552038
PXD.N,2014-01-31,-0.08013255825785
PXD.N,2014-02-28,0.188164422389444
PXD.N,2014-03-31,-0.0695875996933364
PXD.N,2014-04-30,0.0327562252773426
PXD.N,2014-05-30,0.0873906969617315
PXD.N,2014-06-30,0.093500190326807
PXD.N,2014-07-31,-0.0363343631651356
PXD.N,2014-08-29,-0.0578434028866511
PXD.N,2014-09-30,-0.0557868426134623
PXD.N,2014-10-31,-0.0401583997560223
PXD.N,2014-11-28,-0.242409816978331
PXD.N,2014-12-31,0.0392375898827904
PXD.N,2015-01-30,0.0112865300701477
PXD.N,2015-02-27,0.0132199561648265
PXD.N,2015-03-31,0.0723182241685749
PXD.N,2015-04-30,0.056693780205197
PXD.N,2015-05-29,-0.144403287422691
PXD.N,2015-06-30,-0.0618277751647328
PXD.N,2015-07-31,-0.0859470762096519
PXD.N,2015-08-31,-0.0292655991046281
PXD.N,2015-09-30,-0.0112012956258943
PXD.N,2015-10-30,0.127425189070905
PXD.N,2015-11-30,0.0554907393932809
PXD.N,2015-12-31,-0.133816925722779
PXD.N,2016-01-29,-0.0114053278106664
PXD.N,2016-02-29,-0.027591770852655
PXD.N,2016-03-31,0.16801010069907
PXD.N,2016-04-29,0.1801904220797409
PXD.N,2016-05-31,-0.0347983142800019
PXD.N,2016-06-30,-0.0568238523104644
PXD.N,2016-07-29,0.0751273063763618
PXD.N,2016-08-31,0.101371716801218
PXD.N,2016-09-30,0.0370873170100017
PXD.N,2016-10-31,-0.0357123619577392
PXD.N,2016-11-30,0.0671433359438887
PXD.N,2016-12-30,-0.0574225293340129
PXD.N,2017-01-31,0.0008885433297625
PXD.N,2017-02-28,0.0318481939914916
PXD.N,2017-03-31,0.001610776347606
PXD.N,2017-04-28,-0.071094882701917
PXD.N,2017-05-31,-0.0354355743241755
PXD.N,2017-06-30,-0.0436293898912771
PXD.N,2017-07-31,0.0220579020038888
PXD.N,2017-08-31,-0.205088902524713
PXD.N,2017-09-29,0.138295389801142
PXD.N,2017-10-31,0.0144367629055866
PXD.N,2017-11-30,0.0425602993302758
PXD.N,2017-12-29,0.1077287874851239
PXD.N,2018-01-31,0.0582007520911261
PXD.N,2018-02-28,-0.0693237111079981
PXD.N,2018-03-29,0.0100691345170296
PXD.N,2018-04-30,0.173303062080155
PXD.N,2018-05-31,-0.0419250806246617
PXD.N,2018-06-29,-0.0199896426650779
PXD.N,2018-07-31,0.000158528843293
PXD.N,2018-08-31,-0.0769799757018004
PXD.N,2018-09-28,-0.0019917732776345
PXD.N,2018-10-31,-0.154543888845417
PXD.N,2018-11-30,0.0032593196275263
PXD.N,2018-12-31,-0.1098477157275829
PXD.N,2019-01-31,0.0821167883234377
PXD.N,2019-02-28,-0.0096261944843495
PXD.N,2019-03-29,0.0826440693616706
PXD.N,2019-04-30,0.0931179406516862
PXD.N,2019-05-31,-0.14718250631004
PXD.N,2019-06-28,0.0838264299847771
PXD.N,2019-07-31,-0.10282074612214
PXD.N,2019-08-30,-0.105911330031916
PXD.N,2019-09-30,0.0225893713523371
PXD.N,2019-10-31,-0.0218653096669159
PXD.N,2019-11-29,0.0391806210241386
PXD.N,2019-12-31,0.187511406534895
PXD.N,2020-01-31,-0.108145603473673
PXD.N,2020-02-28,-0.0905185185175544
PXD.N,2020-03-31,-0.423926737018134
PXD.N,2020-04-30,0.273129009237419
PXD.N,2020-05-29,0.0256410256529331
PXD.N,2020-06-30,0.0728055196535076
PXD.N,2020-07-31,-0.0079836233467223
PXD.N,2020-08-31,0.0723276929360135
PXD.N,2020-09-30,-0.167349273109416
PXD.N,2020-10-30,-0.0747761367729039
PXD.N,2020-11-30,0.264203117156802
PXD.N,2020-12-31,0.137768300091825
PXD.N,2021-01-29,0.0615506189852732
PXD.N,2021-02-26,0.2288668320829719
PXD.N,2021-03-31,0.0727180744378666
PXD.N,2021-04-30,-0.0314192167216322
PXD.N,2021-05-28,-0.0106611194087484
PXD.N,2021-06-30,0.0716448130464238
PXD.N,2021-07-30,-0.1055254737852409
PXD.N,2021-08-31,0.029579693191915
PXD.N,2021-09-30,0.12741987856196
PXD.N,2021-10-29,0.122935559411386
PXD.N,2021-11-30,-0.0306076076059457
PXD.N,2021-12-31,0.0234525127579891
PXD.N,2022-01-31,0.203485814810218
PXD.N,2022-02-28,0.112659964246198
PXD.N,2022-03-31,0.0435308848106446
PXD.N,2022-04-29,-0.0702315721974197
PXD.N,2022-05-31,0.227107602194128
PXD.N,2022-06-30,-0.197380729644365
PXD.N,2022-07-29,0.0621750045074264
PXD.N,2022-08-31,0.0686642751388764
PXD.N,2022-09-30,-0.114581638836737
PXD.N,2022-10-31,0.1841777120873469
PXD.N,2022-11-30,-0.0578120701506362
PXD.N,2022-12-30,-0.0322047544336327
PXD.N,2023-01-31,0.0085818117873095
PXD.N,2023-02-28,-0.129976123281677
PXD.N,2023-03-31,0.0462119922898103
PXD.N,2023-04-28,0.0651684293222452
PXD.N,2023-05-31,-0.0678924385206928
PXD.N,2023-06-30,0.038808664248672
PXD.N,2023-07-31,0.0892460662355459
PXD.N,2023-08-31,0.0543271148217692
PXD.N,2023-09-29,-0.0279160180856041
PXD.N,2023-10-31,0.0411675016571422
PXD.N,2023-11-30,-0.0173033483636809
PXD.N,2023-12-29,-0.0291832153384606
PXD.N,2024-01-31,0.0220117396115156
GWW.N,2000-01-31,0.0026143790896751
GWW.N,2000-02-29,-0.103901736086259
GWW.N,2000-03-31,0.267153284668733
GWW.N,2000-04-28,-0.200460829488061
GWW.N,2000-05-31,-0.0757233429451549
GWW.N,2000-06-30,-0.228482003125006
GWW.N,2000-07-31,0.030425963491433
GWW.N,2000-08-31,-0.0858749981434007
GWW.N,2000-09-29,-0.0887445887536298
GWW.N,2000-10-31,0.213776722081624
GWW.N,2000-11-30,0.150689362352183
GWW.N,2000-12-29,-0.00170940171907
GWW.N,2001-01-31,0.0789041095995182
GWW.N,2001-02-28,-0.106817972537002
GWW.N,2001-03-30,-0.0331333904397468
GWW.N,2001-04-30,0.145642540621527
GWW.N,2001-05-31,0.144618062456375
GWW.N,2001-06-29,-0.0685675492081413
GWW.N,2001-07-31,0.0228377064916814
GWW.N,2001-08-31,0.00935438274965
GWW.N,2001-09-28,-0.0817773576081398
GWW.N,2001-10-31,0.1145431145166499
GWW.N,2001-11-30,0.0850299769605514
GWW.N,2001-12-31,0.0256410256350645
GWW.N,2002-01-31,0.131250000027505
GWW.N,2002-02-28,0.0950665613425369
GWW.N,2002-03-28,-0.0512907035634578
GWW.N,2002-04-30,-0.0028454561537342
GWW.N,2002-05-31,-0.0591729282676937
GWW.N,2002-06-28,-0.0471662229069337
GWW.N,2002-07-31,-0.0211576846120537
GWW.N,2002-08-30,-0.0778692337738263
GWW.N,2002-09-30,-0.0554938956871331
GWW.N,2002-10-31,0.138895417135008
GWW.N,2002-11-29,0.113724425701861
GWW.N,2002-12-31,-0.0414652287092556
GWW.N,2003-01-31,-0.082444228892001
GWW.N,2003-02-28,-0.0230419156123904
GWW.N,2003-03-31,-0.0679991310260925
GWW.N,2003-04-30,0.0757575757437313
GWW.N,2003-05-30,0.0160474804167325
GWW.N,2003-06-30,0.0012847965653852
GWW.N,2003-07-31,0.0521813516013494
GWW.N,2003-08-29,0.0167296560445394
GWW.N,2003-09-30,-0.0457555689465138
GWW.N,2003-10-31,-0.0372239747409666
GWW.N,2003-11-28,0.014539139831701
GWW.N,2003-12-31,0.0244271509029707
GWW.N,2004-01-30,0.0158261236452866
GWW.N,2004-02-27,-0.0147087687118336
GWW.N,2004-03-31,0.0158730158991343
GWW.N,2004-04-30,0.0916666666838977
GWW.N,2004-05-28,0.0430996384049072
GWW.N,2004-06-30,0.0560146923644724
GWW.N,2004-07-30,-0.0791304347887435
GWW.N,2004-08-31,0.0126368827929915
GWW.N,2004-09-30,0.0793858827928693
GWW.N,2004-10-29,0.0163052905509746
GWW.N,2004-11-30,0.0593623087066089
GWW.N,2004-12-31,0.0769479469505638
GWW.N,2005-01-31,-0.0812068447968789
GWW.N,2005-02-28,0.0289526223750805
GWW.N,2005-03-31,-0.0081236062397381
GWW.N,2005-04-29,-0.112092500400805
GWW.N,2005-05-31,-0.0120429500548092
GWW.N,2005-06-30,0.0073542930628163
GWW.N,2005-07-29,0.13743383827274
GWW.N,2005-08-31,0.0360844033643046
GWW.N,2005-09-30,-0.0217661691431472
GWW.N,2005-10-31,0.0645263827010705
GWW.N,2005-11-30,0.0522494726657009
GWW.N,2005-12-30,0.0123878684146019
GWW.N,2006-01-31,-0.0023909985705389
GWW.N,2006-02-28,0.0473323110532631
GWW.N,2006-03-31,0.0176931388335926
GWW.N,2006-04-28,0.0208360981754108
GWW.N,2006-05-31,-0.0584256254577645
GWW.N,2006-06-30,0.0425443458832739
GWW.N,2006-07-31,-0.17466436261781
GWW.N,2006-08-31,0.0809623169564354
GWW.N,2006-09-29,0.0032934131708251
GWW.N,2006-10-31,0.0859444941944918
GWW.N,2006-11-30,-0.0016764329875641
GWW.N,2006-12-29,-0.0334438916456881
GWW.N,2007-01-31,0.110237346294956
GWW.N,2007-02-28,-0.0027427722696092
GWW.N,2007-03-30,0.0011665586590772
GWW.N,2007-04-30,0.0696530295048396
GWW.N,2007-05-31,0.0701832754279912
GWW.N,2007-06-29,0.0567859170863458
GWW.N,2007-07-31,-0.0611499193757293
GWW.N,2007-08-31,0.0529871381178644
GWW.N,2007-09-28,-0.004584652334496
GWW.N,2007-10-31,-0.013926965696755
GWW.N,2007-11-30,-0.0140051098765126
GWW.N,2007-12-31,-0.0088335220831192
GWW.N,2008-01-31,-0.0908363802642249
GWW.N,2008-02-29,-0.0701770562562763
GWW.N,2008-03-31,0.0370621775687248
GWW.N,2008-04-30,0.135096216789122
GWW.N,2008-05-30,0.0573570656120319
GWW.N,2008-06-30,-0.103659872892576
GWW.N,2008-07-31,0.0942542787051771
GWW.N,2008-08-29,0.0104729487315496
GWW.N,2008-09-30,-0.0339886704573905
GWW.N,2008-10-31,-0.0965850293058934
GWW.N,2008-11-28,-0.0968924239015411
GWW.N,2008-12-31,0.1171886070441319
GWW.N,2009-01-30,-0.0747082699180384
GWW.N,2009-02-27,-0.0881134516723167
GWW.N,2009-03-31,0.0607617895839832
GWW.N,2009-04-30,0.195212311180795
GWW.N,2009-05-29,-0.0548194104503505
GWW.N,2009-06-30,0.0386908537113375
GWW.N,2009-07-31,0.0980703468639976
GWW.N,2009-08-31,-0.0221122340155628
GWW.N,2009-09-30,0.0216074082635291
GWW.N,2009-10-30,0.0489033124474465
GWW.N,2009-11-30,0.0473347640646203
GWW.N,2009-12-31,-0.0089048106510897
GWW.N,2010-01-29,0.0253020758113667
GWW.N,2010-02-26,0.0286206279366669
GWW.N,2010-03-31,0.0636497786429588
GWW.N,2010-04-30,0.0223825379207907
GWW.N,2010-05-28,-0.0748514972412998
GWW.N,2010-06-30,-0.0226044226024376
GWW.N,2010-07-30,0.126294620406673
GWW.N,2010-08-31,-0.0510604836558348
GWW.N,2010-09-30,0.125909821343076
GWW.N,2010-10-29,0.0413063554577027
GWW.N,2010-11-30,0.0115615045140638
GWW.N,2010-12-31,0.1054990794870209
GWW.N,2011-01-31,-0.0480776192881163
GWW.N,2011-02-28,0.0172619466572481
GWW.N,2011-03-31,0.0335560393233556
GWW.N,2011-04-29,0.101104009315549
GWW.N,2011-05-31,0.0009844578879567
GWW.N,2011-06-30,0.0170781756850968
GWW.N,2011-07-29,-0.034363813842885
GWW.N,2011-08-31,0.0436367861214102
GWW.N,2011-09-30,-0.0295911745461883
GWW.N,2011-10-31,0.145579777975411
GWW.N,2011-11-30,0.0951747803163398
GWW.N,2011-12-30,0.0015516318829118
GWW.N,2012-01-31,0.018964688288693
GWW.N,2012-02-29,0.0926406150544541
GWW.N,2012-03-30,0.0340827035070694
GWW.N,2012-04-30,-0.0325403845259934
GWW.N,2012-05-31,-0.0645009382214666
GWW.N,2012-06-29,-0.0124451329860533
GWW.N,2012-07-31,0.0710625392212907
GWW.N,2012-08-31,0.0094501396171609
GWW.N,2012-09-28,0.0117013012166535
GWW.N,2012-10-31,-0.0334021212317557
GWW.N,2012-11-30,-0.0328077999579047
GWW.N,2012-12-31,0.0430368003517059
GWW.N,2013-01-31,0.076345308104661
GWW.N,2013-02-28,0.0435188904509385
GWW.N,2013-03-28,-0.0065353704752569
GWW.N,2013-04-30,0.0955196017312925
GWW.N,2013-05-31,0.0483694748716281
GWW.N,2013-06-28,-0.0204319452964981
GWW.N,2013-07-31,0.039495598388736
GWW.N,2013-08-30,-0.0530580526962294
GWW.N,2013-09-30,0.0580553871088083
GWW.N,2013-10-31,0.0277406289516906
GWW.N,2013-11-29,-0.0378055636286496
GWW.N,2013-12-31,-0.0096929280196761
GWW.N,2014-01-31,-0.0819826168883652
GWW.N,2014-02-28,0.0919215184252
GWW.N,2014-03-31,-0.0092541761216031
GWW.N,2014-04-30,0.0068867252574826
GWW.N,2014-05-30,0.0199529370559803
GWW.N,2014-06-30,-0.0158687154311623
GWW.N,2014-07-31,-0.0751956581459249
GWW.N,2014-08-29,0.0518428314167716
GWW.N,2014-09-30,0.0221364744101871
GWW.N,2014-10-31,-0.019272799535069
GWW.N,2014-11-28,-0.0003182073657802
GWW.N,2014-12-31,0.0374877889873828
GWW.N,2015-01-30,-0.0747381223231606
GWW.N,2015-02-27,0.0090570139341341
GWW.N,2015-03-31,-0.0046431134142073
GWW.N,2015-04-30,0.0535176625161911
GWW.N,2015-05-29,-0.0280001753396273
GWW.N,2015-06-30,-0.0153122789506649
GWW.N,2015-07-31,-0.0335516585984388
GWW.N,2015-08-31,-0.0179861452354294
GWW.N,2015-09-30,-0.0377282491921852
GWW.N,2015-10-30,-0.023301241786516
GWW.N,2015-11-30,-0.0397215904401412
GWW.N,2015-12-31,0.010222399551843
GWW.N,2016-01-29,-0.0291228589711828
GWW.N,2016-02-29,0.108939211232917
GWW.N,2016-03-31,0.0762102351580591
GWW.N,2016-04-29,0.0046694940798348
GWW.N,2016-05-31,-0.0211945172591838
GWW.N,2016-06-30,-0.0048171666450056
GWW.N,2016-07-29,-0.0369636963539679
GWW.N,2016-08-31,0.0598525079933272
GWW.N,2016-09-30,-0.0252319431267447
GWW.N,2016-10-31,-0.0743639921680086
GWW.N,2016-11-30,0.114006852536352
GWW.N,2016-12-30,0.0072862905149779
GWW.N,2017-01-31,0.0874919267947989
GWW.N,2017-02-28,-0.0135182466485867
GWW.N,2017-03-31,-0.0613002097153203
GWW.N,2017-04-28,-0.172108609729821
GWW.N,2017-05-31,-0.0998658677442218
GWW.N,2017-06-30,0.0478871604457181
GWW.N,2017-07-31,-0.0763861962191712
GWW.N,2017-08-31,-0.0173769725349158
GWW.N,2017-09-29,0.105677554267873
GWW.N,2017-10-31,0.099860917919226
GWW.N,2017-11-30,0.1264651512562
GWW.N,2017-12-29,0.0675071167245966
GWW.N,2018-01-31,0.141417989411684
GWW.N,2018-02-28,-0.0254309945989388
GWW.N,2018-03-29,0.0792200344287901
GWW.N,2018-04-30,-0.003259290744049
GWW.N,2018-05-31,0.103285743763604
GWW.N,2018-06-29,-0.0019094469318248
GWW.N,2018-07-31,0.123735408540451
GWW.N,2018-08-31,0.0256253566149547
GWW.N,2018-09-28,0.0094331629183548
GWW.N,2018-10-31,-0.205478302261516
GWW.N,2018-11-30,0.111024265156338
GWW.N,2018-12-31,-0.100878868933792
GWW.N,2019-01-31,0.0461467629696666
GWW.N,2019-02-28,0.0364252225872466
GWW.N,2019-03-29,-0.0125996653074388
GWW.N,2019-04-30,-0.0629049945119707
GWW.N,2019-05-31,-0.0670293480086676
GWW.N,2019-06-28,0.0249914020744355
GWW.N,2019-07-31,0.0850016776724396
GWW.N,2019-08-30,-0.0546734503297528
GWW.N,2019-09-30,0.085876119154205
GWW.N,2019-10-31,0.0393404004514109
GWW.N,2019-11-29,0.0308672086413081
GWW.N,2019-12-31,0.0680548982651775
GWW.N,2020-01-31,-0.105902162358915
GWW.N,2020-02-28,-0.0786218471322984
GWW.N,2020-03-31,-0.1046335663235879
GWW.N,2020-04-30,0.108973843080814
GWW.N,2020-05-29,0.12918909060475
GWW.N,2020-06-30,0.0146631354535056
GWW.N,2020-07-31,0.0871212121380844
GWW.N,2020-08-31,0.0746648491712378
GWW.N,2020-09-30,-0.0236981090928059
GWW.N,2020-10-30,-0.0189197522120117
GWW.N,2020-11-30,0.199755375306993
GWW.N,2020-12-31,-0.0238106622033036
GWW.N,2021-01-29,-0.107630895826421
GWW.N,2021-02-26,0.027086373240798
GWW.N,2021-03-31,0.0757157039037455
GWW.N,2021-04-30,0.0813358940679043
GWW.N,2021-05-28,0.0697234229894967
GWW.N,2021-06-30,-0.0522762679589854
GWW.N,2021-07-30,0.0150228310276839
GWW.N,2021-08-31,-0.0208700956821054
GWW.N,2021-09-30,-0.0937053262685524
GWW.N,2021-10-29,0.178217066112482
GWW.N,2021-11-30,0.043076262362434
GWW.N,2021-12-31,0.0765044349041875
GWW.N,2022-01-31,-0.0446318308119168
GWW.N,2022-02-28,-0.0331189915032193
GWW.N,2022-03-31,0.0811847566187391
GWW.N,2022-04-29,-0.0305550708598019
GWW.N,2022-05-31,-0.0224127948328156
GWW.N,2022-06-30,-0.0670129550199513
GWW.N,2022-07-29,0.196069801738554
GWW.N,2022-08-31,0.024150753639695
GWW.N,2022-09-30,-0.118481277252163
GWW.N,2022-10-31,0.194525644411897
GWW.N,2022-11-30,0.0349361844851561
GWW.N,2022-12-30,-0.0776208005707266
GWW.N,2023-01-31,0.0597393258352481
GWW.N,2023-02-28,0.136902494951335
GWW.N,2023-03-31,0.0304893556608454
GWW.N,2023-04-28,0.0098140270753823
GWW.N,2023-05-31,-0.0643543274469165
GWW.N,2023-06-30,0.215047302108599
GWW.N,2023-07-31,-0.0635311124957997
GWW.N,2023-08-31,-0.0304512099529948
GWW.N,2023-09-29,-0.0312263701920269
GWW.N,2023-10-31,0.0549115402361352
GWW.N,2023-11-30,0.0797525076779346
GWW.N,2023-12-29,0.0540581793101246
GWW.N,2024-01-31,0.0807901627948828
NEM.N,2000-01-31,-0.168367346922851
NEM.N,2000-02-29,0.0858895705582066
NEM.N,2000-03-31,0.0155352493197726
NEM.N,2000-04-28,0.044568245118485
NEM.N,2000-05-31,-0.0159999999879534
NEM.N,2000-06-30,-0.0612328640457993
NEM.N,2000-07-31,-0.179190751451097
NEM.N,2000-08-31,0.045774647861965
NEM.N,2000-09-29,-0.0826949631145472
NEM.N,2000-10-31,-0.20220588234906
NEM.N,2000-11-30,0.152073732744427
NEM.N,2000-12-29,0.0941221052578223
NEM.N,2001-01-31,-0.0945054944937917
NEM.N,2001-02-28,0.090614886749605
NEM.N,2001-03-30,-0.0415945085950623
NEM.N,2001-04-30,0.130893300220733
NEM.N,2001-05-31,0.123971475583332
NEM.N,2001-06-29,-0.0904502377173905
NEM.N,2001-07-31,0.0048361096421127
NEM.N,2001-08-31,0.109090909113069
NEM.N,2001-09-28,0.1395802332024329
NEM.N,2001-10-31,-0.016949152526791
NEM.N,2001-11-30,-0.152155172411135
NEM.N,2001-12-31,-0.0270325759637928
NEM.N,2002-01-31,0.142857142858213
NEM.N,2002-02-28,0.104395604398223
NEM.N,2002-03-28,0.149415676700176
NEM.N,2002-04-30,0.0296135788965968
NEM.N,2002-05-31,0.0947036127557331
NEM.N,2002-06-28,-0.155562247033226
NEM.N,2002-07-31,-0.0733004177857429
NEM.N,2002-08-30,0.168852459019723
NEM.N,2002-09-30,-0.0343980343800806
NEM.N,2002-10-31,-0.1014176663224309
NEM.N,2002-11-29,-0.0529935274973755
NEM.N,2002-12-31,0.241671883492597
NEM.N,2003-01-31,-0.0027557699037761
NEM.N,2003-02-28,-0.0559585492290223
NEM.N,2003-03-31,-0.0417494983758454
NEM.N,2003-04-30,0.0332695984687694
NEM.N,2003-05-30,0.0977054033630005
NEM.N,2003-06-30,0.0958456132684553
NEM.N,2003-07-31,0.1121380160259579
NEM.N,2003-08-29,0.0886426592710468
NEM.N,2003-09-30,-0.0043301069733885
NEM.N,2003-10-31,0.119979534360808
NEM.N,2003-11-28,0.0995888533578873
NEM.N,2003-12-31,0.0107893727777892
NEM.N,2004-01-30,-0.142974696578415
NEM.N,2004-02-27,0.0429668746998163
NEM.N,2004-03-31,0.0744140719985095
NEM.N,2004-04-30,-0.1979412395244159
NEM.N,2004-05-28,0.0637700548455693
NEM.N,2004-06-30,-0.0239234449927349
NEM.N,2004-07-30,0.0441176470559137
NEM.N,2004-08-31,0.0968618729993282
NEM.N,2004-09-30,0.0273989449818839
NEM.N,2004-10-29,0.0437074456541038
NEM.N,2004-11-30,-0.0015526035549555
NEM.N,2004-12-31,-0.0620908130946992
NEM.N,2005-01-31,-0.0634992118754451
NEM.N,2005-02-28,0.0824717480213721
NEM.N,2005-03-31,-0.0593977402370651
NEM.N,2005-04-29,-0.10130177513276
NEM.N,2005-05-31,-0.0166165683008114
NEM.N,2005-06-30,0.048066595064163
NEM.N,2005-07-29,-0.0379195490554387
NEM.N,2005-08-31,0.0540612516619603
NEM.N,2005-09-30,0.194690963524778
NEM.N,2005-10-31,-0.0968836124739636
NEM.N,2005-11-30,0.0849169970555468
NEM.N,2005-12-30,0.157849089356592
NEM.N,2006-01-31,0.15730337077171
NEM.N,2006-02-28,-0.143689320394268
NEM.N,2006-03-31,-0.0175342898113786
NEM.N,2006-04-28,0.124686837549115
NEM.N,2006-05-31,-0.106408498969045
NEM.N,2006-06-30,0.0169322480926688
NEM.N,2006-07-31,-0.0321178915569112
NEM.N,2006-08-31,0.0003903962449167
NEM.N,2006-09-29,-0.164247677902613
NEM.N,2006-10-31,0.0589473684395119
NEM.N,2006-11-30,0.0362270819349573
NEM.N,2006-12-29,-0.0354777677597652
NEM.N,2007-01-31,-0.0011074197245759
NEM.N,2007-02-28,-0.0006651884806272
NEM.N,2007-03-30,-0.0661449630118259
NEM.N,2007-04-30,-0.00690640629267
NEM.N,2007-05-31,-0.0244604316468138
NEM.N,2007-06-29,-0.037483396317874
NEM.N,2007-07-31,0.0688684075794508
NEM.N,2007-08-31,0.0122155688586294
NEM.N,2007-09-28,0.0609282477030033
NEM.N,2007-10-31,0.137044489137636
NEM.N,2007-11-30,-0.0230043256138074
NEM.N,2007-12-31,-0.0153188538768326
NEM.N,2008-01-31,0.112840466907305
NEM.N,2008-02-29,-0.0583364004451696
NEM.N,2008-03-31,-0.112990961808876
NEM.N,2008-04-30,-0.0240618101342366
NEM.N,2008-05-30,0.0750961321046659
NEM.N,2008-06-30,0.0997540560997743
NEM.N,2008-07-31,-0.0805214723754399
NEM.N,2008-08-29,-0.0596330275190096
NEM.N,2008-09-30,-0.138500092945155
NEM.N,2008-10-31,-0.320433436532536
NEM.N,2008-11-28,0.277524677315641
NEM.N,2008-12-31,0.213632049749002
NEM.N,2009-01-30,-0.0226044226141804
NEM.N,2009-02-27,0.046505781809731
NEM.N,2009-03-31,0.0779579765448726
NEM.N,2009-04-30,-0.10098302057491
NEM.N,2009-05-29,0.214463220672008
NEM.N,2009-06-30,-0.161898016246982
NEM.N,2009-07-31,0.0117445558950127
NEM.N,2009-08-31,-0.0280532043478021
NEM.N,2009-09-30,0.0976903840235233
NEM.N,2009-10-30,-0.012721490209028
NEM.N,2009-11-30,0.234238380130776
NEM.N,2009-12-31,-0.11631444124583
NEM.N,2010-01-29,-0.0940604523508143
NEM.N,2010-02-26,0.1497900140282509
NEM.N,2010-03-31,0.0355380054774626
NEM.N,2010-04-30,0.101119183200406
NEM.N,2010-05-28,-0.0402995720574956
NEM.N,2010-06-30,0.149196581208229
NEM.N,2010-07-30,-0.0945902170439585
NEM.N,2010-08-31,0.0969588551004913
NEM.N,2010-09-30,0.0268229073706114
NEM.N,2010-10-29,-0.0308868014664618
NEM.N,2010-11-30,-0.0335140463361141
NEM.N,2010-12-31,0.0466636849585214
NEM.N,2011-01-31,-0.103532476002484
NEM.N,2011-02-28,0.0036317414290225
NEM.N,2011-03-31,-0.009642123829381
NEM.N,2011-04-29,0.0738365701917687
NEM.N,2011-05-31,-0.034806347030363
NEM.N,2011-06-30,-0.0423131203937414
NEM.N,2011-07-29,0.030387252197598
NEM.N,2011-08-31,0.126056464676731
NEM.N,2011-09-30,0.0091404794102443
NEM.N,2011-10-31,0.06248012718353
NEM.N,2011-11-30,0.0306748466309623
NEM.N,2011-12-30,-0.124233670013227
NEM.N,2012-01-31,0.0244959173595365
NEM.N,2012-02-29,-0.0338321405155704
NEM.N,2012-03-30,-0.131362016058576
NEM.N,2012-04-30,-0.0706065925508118
NEM.N,2012-05-31,-0.0102833158220472
NEM.N,2012-06-29,0.0357862382583591
NEM.N,2012-07-31,-0.0832817975937683
NEM.N,2012-08-31,0.139644704288715
NEM.N,2012-09-28,0.112988762163865
NEM.N,2012-10-31,-0.0260667737915539
NEM.N,2012-11-30,-0.136755270397704
NEM.N,2012-12-31,-0.0061465490221955
NEM.N,2013-01-31,-0.0749354004952606
NEM.N,2013-02-28,-0.0621508379895357
NEM.N,2013-03-28,0.0510743319335507
NEM.N,2013-04-30,-0.2265457149733709
NEM.N,2013-05-31,0.0580246913480985
NEM.N,2013-06-28,-0.117292348622884
NEM.N,2013-07-31,0.0016694490851942
NEM.N,2013-08-30,0.058999999989469
NEM.N,2013-09-30,-0.1084913921372269
NEM.N,2013-10-31,-0.0298932384165416
NEM.N,2013-11-29,-0.0891415993965305
NEM.N,2013-12-31,-0.0645587600468789
NEM.N,2014-01-31,-0.0620929222534818
NEM.N,2014-02-28,0.0768518518414443
NEM.N,2014-03-31,0.0139464423905844
NEM.N,2014-04-30,0.059300341287301
NEM.N,2014-05-30,-0.0781312928001985
NEM.N,2014-06-30,0.112622074469965
NEM.N,2014-07-31,-0.020833333344241
NEM.N,2014-08-29,0.0875150541988401
NEM.N,2014-09-30,-0.148299642209661
NEM.N,2014-10-31,-0.186117136664083
NEM.N,2014-11-28,-0.0191897654546156
NEM.N,2014-12-31,0.0284820842044439
NEM.N,2015-01-30,0.330687830699265
NEM.N,2015-02-27,0.0469184890735517
NEM.N,2015-03-31,-0.174518376403388
NEM.N,2015-04-30,0.2201750345396489
NEM.N,2015-05-29,0.0283125707694374
NEM.N,2015-06-30,-0.141559299892728
NEM.N,2015-07-31,-0.264982876723808
NEM.N,2015-08-31,-0.0058241118182823
NEM.N,2015-09-30,-0.0571076533587171
NEM.N,2015-10-30,0.210952084637
NEM.N,2015-11-30,-0.0539568345295403
NEM.N,2015-12-31,-0.0215672745511966
NEM.N,2016-01-29,0.109505280699772
NEM.N,2016-02-29,0.294088176360514
NEM.N,2016-03-31,0.0300296683299073
NEM.N,2016-04-29,0.315650865350633
NEM.N,2016-05-31,-0.0732056048029421
NEM.N,2016-06-30,0.20789826873185
NEM.N,2016-07-29,0.124744376281447
NEM.N,2016-08-31,-0.130909090909027
NEM.N,2016-09-30,0.0281164497629207
NEM.N,2016-10-31,-0.0572664800381614
NEM.N,2016-11-30,-0.124190064811726
NEM.N,2016-12-30,0.051836928033673
NEM.N,2017-01-31,0.0648664514159383
NEM.N,2017-02-28,-0.0562293274464899
NEM.N,2017-03-31,-0.0359237827239328
NEM.N,2017-04-28,0.0257888349453301
NEM.N,2017-05-31,0.0100561964296777
NEM.N,2017-06-30,-0.0501976987651838
NEM.N,2017-07-31,0.147576412465273
NEM.N,2017-08-31,0.03147699758613
NEM.N,2017-09-29,-0.0197113335016115
NEM.N,2017-10-31,-0.0359904025915379
NEM.N,2017-11-30,0.0229535398331833
NEM.N,2017-12-29,0.0164460884100992
NEM.N,2018-01-31,0.0796908315589541
NEM.N,2018-02-28,-0.0570229573088661
NEM.N,2018-03-29,0.0265729720644233
NEM.N,2018-04-30,0.0056309188894387
NEM.N,2018-05-31,-0.0091626368121409
NEM.N,2018-06-29,-0.0278304713201538
NEM.N,2018-07-31,-0.0273137098940599
NEM.N,2018-08-31,-0.154034896399799
NEM.N,2018-09-28,-0.0222305615045369
NEM.N,2018-10-31,0.0238410596025915
NEM.N,2018-11-30,0.045924967642744
NEM.N,2018-12-31,0.0760213454523513
NEM.N,2019-01-31,-0.015584415569003
NEM.N,2019-02-28,0.000293169157582
NEM.N,2019-03-29,0.0527875275500125
NEM.N,2019-04-30,-0.11002140851986
NEM.N,2019-05-31,0.0653573728194332
NEM.N,2019-06-28,0.167305995988186
NEM.N,2019-07-31,-0.0506888484633429
NEM.N,2019-08-30,0.0922782037249326
NEM.N,2019-09-30,-0.0459486729008462
NEM.N,2019-10-31,0.047732067512706
NEM.N,2019-11-29,-0.0334759627600004
NEM.N,2019-12-31,0.135558754483833
NEM.N,2020-01-31,0.0370540851422176
NEM.N,2020-02-28,-0.009542831770972
NEM.N,2020-03-31,0.0173492726752218
NEM.N,2020-04-30,0.313604240301422
NEM.N,2020-05-29,-0.016980497643579
NEM.N,2020-06-30,0.0606383888916628
NEM.N,2020-07-31,0.120829284082584
NEM.N,2020-08-31,-0.0277456647339102
NEM.N,2020-09-30,-0.053467741780082
NEM.N,2020-10-30,-0.0096138692010389
NEM.N,2020-11-30,-0.0639719923348642
NEM.N,2020-12-31,0.0250730859944224
NEM.N,2021-01-29,-0.0048422107327558
NEM.N,2021-02-26,-0.0875838926075942
NEM.N,2021-03-31,0.119328896046117
NEM.N,2021-04-30,0.0355068856925282
NEM.N,2021-05-28,0.17737542060058
NEM.N,2021-06-30,-0.130926904476859
NEM.N,2021-07-30,-0.0088355948109748
NEM.N,2021-08-31,-0.0768863419354601
NEM.N,2021-09-30,-0.0546844301403794
NEM.N,2021-10-29,-0.0055248618609822
NEM.N,2021-11-30,0.0170370370316104
NEM.N,2021-12-31,0.140299239059248
NEM.N,2022-01-31,-0.0137052563466975
NEM.N,2022-02-28,0.0822298512155878
NEM.N,2022-03-31,0.208839790891816
NEM.N,2022-04-29,-0.0830711139075504
NEM.N,2022-05-31,-0.068634179823153
NEM.N,2022-06-30,-0.113369751712373
NEM.N,2022-07-29,-0.2411597117621489
NEM.N,2022-08-31,-0.0865724381633867
NEM.N,2022-09-30,0.0293966188882497
NEM.N,2022-10-31,0.0068998334711609
NEM.N,2022-11-30,0.1216918714489879
NEM.N,2022-12-30,0.0059009174320179
NEM.N,2023-01-31,0.121398305077511
NEM.N,2023-02-28,-0.176081617222225
NEM.N,2023-03-31,0.134718766108929
NEM.N,2023-04-28,-0.0330477356212401
NEM.N,2023-05-31,-0.136075949350212
NEM.N,2023-06-30,0.0520345252693395
NEM.N,2023-07-31,0.0060947022942654
NEM.N,2023-08-31,-0.0815470643447996
NEM.N,2023-09-29,-0.0529199364854778
NEM.N,2023-10-31,0.0140730717056461
NEM.N,2023-11-30,0.0832163832222732
NEM.N,2023-12-29,0.0298581736724102
NEM.N,2024-01-31,-0.166223725552823
MDT.N,2000-01-31,0.256948234148377
MDT.N,2000-02-29,0.0587431693975621
MDT.N,2000-03-31,0.0619354838938379
MDT.N,2000-04-28,0.0104417635590908
MDT.N,2000-05-31,-0.0060168471730649
MDT.N,2000-06-30,-0.0351089588166068
MDT.N,2000-07-31,0.0261619092416701
MDT.N,2000-08-31,0.0036719706334675
MDT.N,2000-09-29,0.0109756097692066
MDT.N,2000-10-31,0.0492600511759715
MDT.N,2000-11-30,-0.0195627157514946
MDT.N,2000-12-29,0.133809229787404
MDT.N,2001-01-31,-0.104830478325217
MDT.N,2001-02-28,-0.052222222221446
MDT.N,2001-03-30,-0.106291520116781
MDT.N,2001-04-30,-0.0237258920586105
MDT.N,2001-05-31,-0.0363228699549231
MDT.N,2001-06-29,0.0704979059961348
MDT.N,2001-07-31,0.0451781743674322
MDT.N,2001-08-31,-0.051842598384073
MDT.N,2001-09-28,-0.0447957839261346
MDT.N,2001-10-31,-0.0723634410183599
MDT.N,2001-11-30,0.1732009925723809
MDT.N,2001-12-31,0.0831218273950778
MDT.N,2002-01-31,-0.0367767916292789
MDT.N,2002-02-28,-0.0960016236990906
MDT.N,2002-03-28,0.0150426582865557
MDT.N,2002-04-30,-0.0102136062483346
MDT.N,2002-05-31,0.0326695010092224
MDT.N,2002-06-28,-0.0715059588296029
MDT.N,2002-07-31,-0.0557194225444061
MDT.N,2002-08-30,0.0193069306919322
MDT.N,2002-09-30,0.0228266148653529
MDT.N,2002-10-31,0.0651798370829317
MDT.N,2002-11-29,0.0435267857070403
MDT.N,2002-12-31,-0.023262032085851
MDT.N,2003-01-31,-0.0149122807061205
MDT.N,2003-02-28,-0.0048975957255083
MDT.N,2003-03-31,0.0093959731668933
MDT.N,2003-04-30,0.059480393225328
MDT.N,2003-05-30,0.0207373271901383
MDT.N,2003-06-30,-0.015596142020892
MDT.N,2003-07-31,0.0752071992345744
MDT.N,2003-08-29,-0.0372815534015896
MDT.N,2003-09-30,-0.053650665586833
MDT.N,2003-10-31,-0.0272893540263167
MDT.N,2003-11-28,-0.0081193767860523
MDT.N,2003-12-31,0.077036621822236
MDT.N,2004-01-30,0.0125488582622446
MDT.N,2004-02-27,-0.0471353108772968
MDT.N,2004-03-31,0.0196695095942911
MDT.N,2004-04-30,0.0567539267221919
MDT.N,2004-05-28,-0.0507332540638286
MDT.N,2004-06-30,0.0188674321702416
MDT.N,2004-07-30,0.0194991789922789
MDT.N,2004-08-31,0.001610630171823
MDT.N,2004-09-30,0.0449037247178698
MDT.N,2004-10-29,-0.0152215799764021
MDT.N,2004-11-30,-0.0598708667511321
MDT.N,2004-12-31,0.0337148803279383
MDT.N,2005-01-31,0.0585901978599777
MDT.N,2005-02-28,-0.0070489617071092
MDT.N,2005-03-31,-0.0208597222276633
MDT.N,2005-04-29,0.0343473994131598
MDT.N,2005-05-31,0.0199240986628184
MDT.N,2005-06-30,-0.0346884834619416
MDT.N,2005-07-29,0.041513805766241
MDT.N,2005-08-31,0.0567296996734046
MDT.N,2005-09-30,-0.0592982456213094
MDT.N,2005-10-31,0.0586128142522202
MDT.N,2005-11-30,-0.0192375573454772
MDT.N,2005-12-30,0.0359906424608658
MDT.N,2006-01-31,-0.0174897173947324
MDT.N,2006-02-28,-0.0446254648566036
MDT.N,2006-03-31,-0.0593141797957433
MDT.N,2006-04-28,-0.0105344895795243
MDT.N,2006-05-31,0.0073822825119034
MDT.N,2006-06-30,-0.0707070707323364
MDT.N,2006-07-31,0.07924366252463
MDT.N,2006-08-31,-0.0716547902047386
MDT.N,2006-09-29,-0.0098081023396783
MDT.N,2006-10-31,0.0505913079867806
MDT.N,2006-11-30,0.0708709942648034
MDT.N,2006-12-29,0.0264722808413465
MDT.N,2007-01-31,0.0009688161825036
MDT.N,2007-02-28,-0.0578110383464848
MDT.N,2007-03-30,-0.0258141382221332
MDT.N,2007-04-30,0.0812853714802593
MDT.N,2007-05-31,0.0045342905922405
MDT.N,2007-06-29,-0.0246379537281443
MDT.N,2007-07-31,-0.0206346072373713
MDT.N,2007-08-31,0.0428261298604039
MDT.N,2007-09-28,0.0675624526933312
MDT.N,2007-10-31,-0.157164900940832
MDT.N,2007-11-30,0.0718802698388785
MDT.N,2007-12-31,-0.0114060963470119
MDT.N,2008-01-31,-0.071263158747915
MDT.N,2008-02-29,0.0599098131765168
MDT.N,2008-03-31,-0.0200567260951087
MDT.N,2008-04-30,0.0089580926020844
MDT.N,2008-05-30,0.0408792111676417
MDT.N,2008-06-30,0.0213143872150192
MDT.N,2008-07-31,0.024589212398817
MDT.N,2008-08-29,0.0335036910602831
MDT.N,2008-09-30,-0.0824175824196161
MDT.N,2008-10-31,-0.191980968823013
MDT.N,2008-11-28,-0.243243243244673
MDT.N,2008-12-31,0.0358093954872625
MDT.N,2009-01-30,0.0658816040704936
MDT.N,2009-02-27,-0.116452672429188
MDT.N,2009-03-31,-0.0040554241353081
MDT.N,2009-04-30,0.0927329405246302
MDT.N,2009-05-29,0.073437500012586
MDT.N,2009-06-30,0.0157205240033512
MDT.N,2009-07-31,0.0215316737535657
MDT.N,2009-08-31,0.0813099943264326
MDT.N,2009-09-30,-0.0391644908534005
MDT.N,2009-10-30,-0.024493033911012
MDT.N,2009-11-30,0.188795518192164
MDT.N,2009-12-31,0.0362865221389852
MDT.N,2010-01-29,-0.0203736842701477
MDT.N,2010-02-26,0.0118908836491023
MDT.N,2010-03-31,0.0375576036677161
MDT.N,2010-04-30,-0.0253162325370447
MDT.N,2010-05-28,-0.103227283129441
MDT.N,2010-06-30,-0.0742725880506576
MDT.N,2010-07-30,0.0254881055266791
MDT.N,2010-08-31,-0.148498782814888
MDT.N,2010-09-30,0.0667090215900228
MDT.N,2010-10-29,0.0555518435529694
MDT.N,2010-11-30,-0.0477137176587314
MDT.N,2010-12-31,0.106173575903095
MDT.N,2011-01-31,0.0395331332668154
MDT.N,2011-02-28,0.0417536534441634
MDT.N,2011-03-31,-0.0142785571107695
MDT.N,2011-04-29,0.0670423855332036
MDT.N,2011-05-31,-0.0251497005831335
MDT.N,2011-06-30,-0.0533169533209543
MDT.N,2011-07-29,-0.0584071474004815
MDT.N,2011-08-31,-0.0271844660326165
MDT.N,2011-09-30,-0.0521813515932263
MDT.N,2011-10-31,0.0529826197623332
MDT.N,2011-11-30,0.0486470926949993
MDT.N,2011-12-30,0.0499588251290779
MDT.N,2012-01-31,0.0147489093948523
MDT.N,2012-02-29,-0.0116670987982014
MDT.N,2012-03-30,0.0280692549990282
MDT.N,2012-04-30,-0.0192161735613902
MDT.N,2012-05-31,-0.0356020942577751
MDT.N,2012-06-29,0.0513029316160267
MDT.N,2012-07-31,0.0245923962784481
MDT.N,2012-08-31,0.0314561136526303
MDT.N,2012-09-28,0.0605017215934984
MDT.N,2012-10-31,-0.0299560338603532
MDT.N,2012-11-30,0.0127465127424615
MDT.N,2012-12-31,-0.0198815065249043
MDT.N,2013-01-31,0.136031204303897
MDT.N,2013-02-28,-0.0351931330473186
MDT.N,2013-03-28,0.0444839857825108
MDT.N,2013-04-30,-0.0004659295447486
MDT.N,2013-05-31,0.0927592116484424
MDT.N,2013-06-28,0.0090178396530642
MDT.N,2013-07-31,0.0790467643828252
MDT.N,2013-08-30,-0.0631788558960237
MDT.N,2013-09-30,0.0289855072349798
MDT.N,2013-10-31,0.083573689264119
MDT.N,2013-11-29,-0.0013937282295167
MDT.N,2013-12-31,0.0061060711536111
MDT.N,2014-01-31,-0.0144624499116291
MDT.N,2014-02-28,0.0477369165278344
MDT.N,2014-03-31,0.0384745190821374
MDT.N,2014-04-30,-0.039872604873527
MDT.N,2014-05-30,0.0375722543458015
MDT.N,2014-06-30,0.0447320989760198
MDT.N,2014-07-31,-0.0270601626241076
MDT.N,2014-08-29,0.0341755750041106
MDT.N,2014-09-30,-0.029757243542593
MDT.N,2014-10-31,0.105613890805977
MDT.N,2014-11-28,0.0837734741787551
MDT.N,2014-12-31,-0.0185275679890479
MDT.N,2015-01-30,-0.0110803323969728
MDT.N,2015-02-27,0.0866946778417501
MDT.N,2015-03-31,0.0091570313211404
MDT.N,2015-04-30,-0.0453904346896842
MDT.N,2015-05-29,0.025117528552419
MDT.N,2015-06-30,-0.0242000463125283
MDT.N,2015-07-31,0.0578947368597267
MDT.N,2015-08-31,-0.0778160479833574
MDT.N,2015-09-30,-0.0689291445846315
MDT.N,2015-10-30,0.104272482821339
MDT.N,2015-11-30,0.0192099566978783
MDT.N,2015-12-31,0.0259893037474898
MDT.N,2016-01-29,-0.0130005199980145
MDT.N,2016-02-29,0.0193624868142375
MDT.N,2016-03-31,-0.0259684165413268
MDT.N,2016-04-29,0.0553333333437877
MDT.N,2016-05-31,0.0168035375847779
MDT.N,2016-06-30,0.0781560636113442
MDT.N,2016-07-29,0.0148770897316908
MDT.N,2016-08-31,-0.0068469702332547
MDT.N,2016-09-30,-0.0023134501312712
MDT.N,2016-10-31,-0.0506944444494386
MDT.N,2016-11-30,-0.109851255793197
MDT.N,2016-12-30,-0.0185194157423744
MDT.N,2017-01-31,0.0672469465036496
MDT.N,2017-02-28,0.0643251775900553
MDT.N,2017-03-31,0.0009598837993798
MDT.N,2017-04-28,0.0314051638441653
MDT.N,2017-05-31,0.0143218197260504
MDT.N,2017-06-30,0.053037494080286
MDT.N,2017-07-31,-0.0489634880243087
MDT.N,2017-08-31,-0.039895200656386
MDT.N,2017-09-29,-0.0296408438965529
MDT.N,2017-10-31,0.0353606789061671
MDT.N,2017-11-30,0.0199950322896305
MDT.N,2017-12-29,-0.011242379284206
MDT.N,2018-01-31,0.0636532507853049
MDT.N,2018-02-28,-0.0698567935634056
MDT.N,2018-03-29,0.0100418661852221
MDT.N,2018-04-30,-0.001121914743851
MDT.N,2018-05-31,0.0772494696148682
MDT.N,2018-06-29,-0.0082252085360544
MDT.N,2018-07-31,0.0600997849700604
MDT.N,2018-08-31,0.0684916324926212
MDT.N,2018-09-28,0.0255515907458213
MDT.N,2018-10-31,-0.0869167428945412
MDT.N,2018-11-30,0.0858383433416365
MDT.N,2018-12-31,-0.0621623480951299
MDT.N,2019-01-31,-0.0282541776644929
MDT.N,2019-02-28,0.0238714787014085
MDT.N,2019-03-29,0.0118725142911813
MDT.N,2019-04-30,-0.0249231444852126
MDT.N,2019-05-31,0.0424501745219474
MDT.N,2019-06-28,0.051955065859842
MDT.N,2019-07-31,0.0524805464722039
MDT.N,2019-08-30,0.0583676672770024
MDT.N,2019-09-30,0.0118281033980157
MDT.N,2019-10-31,0.0025777941294831
MDT.N,2019-11-29,0.0228650137638252
MDT.N,2019-12-31,0.0233788763020083
MDT.N,2020-01-31,0.0175407668922456
MDT.N,2020-02-28,-0.127945252958103
MDT.N,2020-03-31,-0.0989404706045574
MDT.N,2020-04-30,0.0826125526868622
MDT.N,2020-05-29,0.0097306155757972
MDT.N,2020-06-30,-0.0637194458759665
MDT.N,2020-07-31,0.0521264994488981
MDT.N,2020-08-31,0.113909618587495
MDT.N,2020-09-30,-0.0274943961015767
MDT.N,2020-10-30,-0.0322363356226932
MDT.N,2020-11-30,0.130555831746712
MDT.N,2020-12-31,0.0354760963414089
MDT.N,2021-01-29,-0.0495987707056305
MDT.N,2021-02-26,0.0506601993991863
MDT.N,2021-03-31,0.0149415358182896
MDT.N,2021-04-30,0.108270549395136
MDT.N,2021-05-28,-0.033073632774502
MDT.N,2021-06-30,-0.0144943117206761
MDT.N,2021-07-30,0.0578425843927999
MDT.N,2021-08-31,0.0165257786603605
MDT.N,2021-09-30,-0.056379311977207
MDT.N,2021-10-29,-0.0437973673549342
MDT.N,2021-11-30,-0.109794760559008
MDT.N,2021-12-31,-0.0244502724915663
MDT.N,2022-01-31,0.0003866602271855
MDT.N,2022-02-28,0.0144941540210047
MDT.N,2022-03-31,0.0630274278158744
MDT.N,2022-04-29,-0.0593961243816789
MDT.N,2022-05-31,-0.0403411268539953
MDT.N,2022-06-30,-0.0969717184745482
MDT.N,2022-07-29,0.0308635097435064
MDT.N,2022-08-31,-0.0497189797044495
MDT.N,2022-09-30,-0.0740771997418753
MDT.N,2022-10-31,0.0816099071087526
MDT.N,2022-11-30,-0.0950309136568621
MDT.N,2022-12-30,-0.0079827552730086
MDT.N,2023-01-31,0.0768142048313523
MDT.N,2023-02-28,-0.0106344844028508
MDT.N,2023-03-31,-0.0177930297053356
MDT.N,2023-04-28,0.128131977176485
MDT.N,2023-05-31,-0.0900494777530896
MDT.N,2023-06-30,0.0729270993838917
MDT.N,2023-07-31,-0.0038592508457505
MDT.N,2023-08-31,-0.0713309024797402
MDT.N,2023-09-29,-0.0302823183835581
MDT.N,2023-10-31,-0.0995405819683141
MDT.N,2023-11-30,0.123441043087249
MDT.N,2023-12-29,0.0479703079189786
MDT.N,2024-01-31,0.0626365622634524
BKNG.OQ,2000-01-31,0.2242744063273569
BKNG.OQ,2000-02-29,-0.0355603448221037
BKNG.OQ,2000-03-31,0.430167597769922
BKNG.OQ,2000-04-28,-0.209374999991747
BKNG.OQ,2000-05-31,-0.397233201569983
BKNG.OQ,2000-06-30,-0.0036885246086263
BKNG.OQ,2000-07-31,-0.378033730972326
BKNG.OQ,2000-08-31,0.150793650800255
BKNG.OQ,2000-09-29,-0.563218390803781
BKNG.OQ,2000-10-31,-0.515789473688669
BKNG.OQ,2000-11-30,-0.565217391302578
BKNG.OQ,2000-12-29,-0.47499999999903
BKNG.OQ,2001-01-31,1.02380952382422
BKNG.OQ,2001-02-28,0.0117647058695632
BKNG.OQ,2001-03-30,-0.058139534863232
BKNG.OQ,2001-04-30,0.916049382646091
BKNG.OQ,2001-05-31,0.113402061850518
BKNG.OQ,2001-06-29,0.675925925945379
BKNG.OQ,2001-07-31,-0.0198895027489384
BKNG.OQ,2001-08-31,-0.3776775648282279
BKNG.OQ,2001-09-28,-0.313405797109588
BKNG.OQ,2001-10-31,0.269129287611478
BKNG.OQ,2001-11-30,-0.126819126841345
BKNG.OQ,2001-12-31,0.385714285727473
BKNG.OQ,2002-01-31,0.0824742267836931
BKNG.OQ,2002-02-28,-0.365079365076795
BKNG.OQ,2002-03-28,0.307500000001674
BKNG.OQ,2002-04-30,-0.0346080305871771
BKNG.OQ,2002-05-31,-0.201822142982565
BKNG.OQ,2002-06-28,-0.307692307693757
BKNG.OQ,2002-07-31,-0.33691756272603
BKNG.OQ,2002-08-30,0.270270270278786
BKNG.OQ,2002-09-30,-0.378723404247499
BKNG.OQ,2002-10-31,0.508219178086826
BKNG.OQ,2002-11-29,-0.205267938234799
BKNG.OQ,2002-12-31,-0.0857142857082133
BKNG.OQ,2003-01-31,-0.187499999990808
BKNG.OQ,2003-02-28,0.0153846153878127
BKNG.OQ,2003-03-31,0.242424242427392
BKNG.OQ,2003-04-30,0.35365853659814
BKNG.OQ,2003-05-30,0.837837837832241
BKNG.OQ,2003-06-30,-0.08537581699694
BKNG.OQ,2003-07-31,0.46940598482722
BKNG.OQ,2003-08-29,0.200303951372392
BKNG.OQ,2003-09-30,-0.265890098783164
BKNG.OQ,2003-10-31,-0.0320800276110247
BKNG.OQ,2003-11-28,-0.320741268712471
BKNG.OQ,2003-12-31,-0.0608604407022322
BKNG.OQ,2004-01-30,0.0675977653602393
BKNG.OQ,2004-02-27,0.204081632660219
BKNG.OQ,2004-03-31,0.171664493706852
BKNG.OQ,2004-04-30,-0.101261127590959
BKNG.OQ,2004-05-28,0.0813041683692974
BKNG.OQ,2004-06-30,0.0278625953923237
BKNG.OQ,2004-07-30,-0.120683252881756
BKNG.OQ,2004-08-31,-0.118243243233067
BKNG.OQ,2004-09-30,0.0617816091805157
BKNG.OQ,2004-10-29,-0.100586377997315
BKNG.OQ,2004-11-30,0.1970912738320319
BKNG.OQ,2004-12-31,-0.0117302052721797
BKNG.OQ,2005-01-31,-0.0423908435727855
BKNG.OQ,2005-02-28,-0.0053120849964508
BKNG.OQ,2005-03-31,0.1214953271326339
BKNG.OQ,2005-04-29,0.0063492063467505
BKNG.OQ,2005-05-31,-0.0555993691123936
BKNG.OQ,2005-06-30,-0.0258872651300903
BKNG.OQ,2005-07-29,0.0647235319471975
BKNG.OQ,2005-08-31,-0.134863123992714
BKNG.OQ,2005-09-30,-0.100977198685194
BKNG.OQ,2005-10-31,-0.0181159420146431
BKNG.OQ,2005-11-30,0.266209804965798
BKNG.OQ,2005-12-30,-0.0707743547045223
BKNG.OQ,2006-01-31,-0.0120967741997005
BKNG.OQ,2006-02-28,0.113378684797003
BKNG.OQ,2006-03-31,0.0118126272948556
BKNG.OQ,2006-04-28,-0.016103059584886
BKNG.OQ,2006-05-31,0.272504091668013
BKNG.OQ,2006-06-30,-0.0398713826569439
BKNG.OQ,2006-07-31,-0.0997990623084333
BKNG.OQ,2006-08-31,0.24218750001583
BKNG.OQ,2006-09-29,0.10182689427248
BKNG.OQ,2006-10-31,0.0951345474120482
BKNG.OQ,2006-11-30,-0.0198560436753883
BKNG.OQ,2006-12-29,0.104330210138676
BKNG.OQ,2007-01-31,-0.0227012153387737
BKNG.OQ,2007-02-28,0.2297043641671999
BKNG.OQ,2007-03-30,0.0162182789612519
BKNG.OQ,2007-04-30,0.0446864438709529
BKNG.OQ,2007-05-31,0.111430625463596
BKNG.OQ,2007-06-29,0.111578266510041
BKNG.OQ,2007-07-31,-0.0718649985438525
BKNG.OQ,2007-08-31,0.300626959259845
BKNG.OQ,2007-09-28,0.0695348276789167
BKNG.OQ,2007-10-31,0.0490140845014053
BKNG.OQ,2007-11-30,0.222341568203106
BKNG.OQ,2007-12-31,0.0093145869821091
BKNG.OQ,2008-01-31,-0.055197631921197
BKNG.OQ,2008-02-29,0.0506819019441118
BKNG.OQ,2008-03-31,0.059989475517686
BKNG.OQ,2008-04-30,0.0560979645827555
BKNG.OQ,2008-05-30,0.0539799435922295
BKNG.OQ,2008-06-30,-0.141752768901819
BKNG.OQ,2008-07-31,-0.0044171141402476
BKNG.OQ,2008-08-29,-0.1911265767771029
BKNG.OQ,2008-09-30,-0.264035276405958
BKNG.OQ,2008-10-31,-0.230892883255057
BKNG.OQ,2008-11-28,0.311039331167465
BKNG.OQ,2008-12-31,0.0673913043530343
BKNG.OQ,2009-01-30,-0.0890699253170578
BKNG.OQ,2009-02-27,0.264868087646226
BKNG.OQ,2009-03-31,-0.0716474192803354
BKNG.OQ,2009-04-30,0.232419395802812
BKNG.OQ,2009-05-29,0.134102379228144
BKNG.OQ,2009-06-30,0.0130778312739943
BKNG.OQ,2009-07-31,0.161990138954979
BKNG.OQ,2009-08-31,0.187933960787595
BKNG.OQ,2009-09-30,0.0768931029998443
BKNG.OQ,2009-10-30,-0.0484260041074314
BKNG.OQ,2009-11-30,0.356993472310039
BKNG.OQ,2009-12-31,0.020455819157831
BKNG.OQ,2010-01-29,-0.105949656745586
BKNG.OQ,2010-02-26,0.1607883286263799
BKNG.OQ,2010-03-31,0.1245369553776
BKNG.OQ,2010-04-30,0.0276470588038558
BKNG.OQ,2010-05-28,-0.270520892963043
BKNG.OQ,2010-06-30,-0.0764804352571036
BKNG.OQ,2010-07-30,0.271100033987567
BKNG.OQ,2010-08-31,0.29893048128713
BKNG.OQ,2010-09-30,0.195073418429931
BKNG.OQ,2010-10-29,0.081730493196748
BKNG.OQ,2010-11-30,0.0457525012477711
BKNG.OQ,2010-12-31,0.0139576196118831
BKNG.OQ,2011-01-31,0.0725065698956601
BKNG.OQ,2011-02-28,0.0591804349752483
BKNG.OQ,2011-03-31,0.115801533449534
BKNG.OQ,2011-04-29,0.080108206308904
BKNG.OQ,2011-05-31,-0.0581707829897368
BKNG.OQ,2011-06-30,-0.0063277625820086
BKNG.OQ,2011-07-29,0.05024124390899
BKNG.OQ,2011-08-31,-0.0007253789792324
BKNG.OQ,2011-09-30,-0.163421806940938
BKNG.OQ,2011-10-31,0.129622213339249
BKNG.OQ,2011-11-30,-0.0429961396149399
BKNG.OQ,2011-12-30,-0.0374158760127459
BKNG.OQ,2012-01-31,0.132069017129711
BKNG.OQ,2012-02-29,0.184218478483672
BKNG.OQ,2012-03-30,0.144301617180416
BKNG.OQ,2012-04-30,0.0603763066132457
BKNG.OQ,2012-05-31,-0.177873872911352
BKNG.OQ,2012-06-29,0.0623990791519331
BKNG.OQ,2012-07-31,-0.0041834707762401
BKNG.OQ,2012-08-31,-0.086393447593255
BKNG.OQ,2012-09-28,0.0234216054378725
BKNG.OQ,2012-10-31,-0.0726649750398076
BKNG.OQ,2012-11-30,0.155794133532898
BKNG.OQ,2012-12-31,-0.0632728150161895
BKNG.OQ,2013-01-31,0.10346104313551
BKNG.OQ,2013-02-28,0.0030781799289403
BKNG.OQ,2013-03-28,0.0005090316903582
BKNG.OQ,2013-04-30,0.011716308343656
BKNG.OQ,2013-05-31,0.155088435193757
BKNG.OQ,2013-06-28,0.0288582339237443
BKNG.OQ,2013-07-31,0.0586848500143364
BKNG.OQ,2013-08-30,0.0717850331909864
BKNG.OQ,2013-09-30,0.0771632233620834
BKNG.OQ,2013-10-31,0.0424155497592811
BKNG.OQ,2013-11-29,0.131425372202002
BKNG.OQ,2013-12-31,-0.0251021110137192
BKNG.OQ,2014-01-31,-0.0150636613971382
BKNG.OQ,2014-02-28,0.1781393845754
BKNG.OQ,2014-03-31,-0.116359242028061
BKNG.OQ,2014-04-30,-0.0286435828770421
BKNG.OQ,2014-05-30,0.104409414811588
BKNG.OQ,2014-06-30,-0.0591492456869063
BKNG.OQ,2014-07-31,0.0327930174692397
BKNG.OQ,2014-08-29,0.0014970421248954
BKNG.OQ,2014-09-30,-0.0688976219903459
BKNG.OQ,2014-10-31,0.041110669937671
BKNG.OQ,2014-11-28,-0.0381525605020582
BKNG.OQ,2014-12-31,-0.0172213171619148
BKNG.OQ,2015-01-30,-0.114654318055055
BKNG.OQ,2015-02-27,0.225858858018529
BKNG.OQ,2015-03-31,-0.0592575233396832
BKNG.OQ,2015-04-30,0.0632736331006358
BKNG.OQ,2015-05-29,-0.0531341643565273
BKNG.OQ,2015-06-30,-0.0176359168765107
BKNG.OQ,2015-07-31,0.0800785151587098
BKNG.OQ,2015-08-31,0.0040769719380977
BKNG.OQ,2015-09-30,-0.0094342644629354
BKNG.OQ,2015-10-30,0.175751499738782
BKNG.OQ,2015-11-30,-0.141235284411012
BKNG.OQ,2015-12-31,0.0208992272847963
BKNG.OQ,2016-01-29,-0.164696654776829
BKNG.OQ,2016-02-29,0.18802407577868
BKNG.OQ,2016-03-31,0.0187715873215226
BKNG.OQ,2016-04-29,0.042437313805073
BKNG.OQ,2016-05-31,-0.0590402333833695
BKNG.OQ,2016-06-30,-0.0125916493306673
BKNG.OQ,2016-07-29,0.0820243349547216
BKNG.OQ,2016-08-31,0.0488003494199386
BKNG.OQ,2016-09-30,0.0386523896321314
BKNG.OQ,2016-10-31,0.001862058178349
BKNG.OQ,2016-11-30,0.0199765301512129
BKNG.OQ,2016-12-30,-0.02501862097495
BKNG.OQ,2017-01-31,0.0743966822557491
BKNG.OQ,2017-02-28,0.0945953667299095
BKNG.OQ,2017-03-31,0.0323873489845552
BKNG.OQ,2017-04-28,0.0375568127723311
BKNG.OQ,2017-05-31,0.0163903358160811
BKNG.OQ,2017-06-30,-0.003500098543962
BKNG.OQ,2017-07-31,0.0844577978140283
BKNG.OQ,2017-08-31,-0.0869706679704819
BKNG.OQ,2017-09-29,-0.0114789857742995
BKNG.OQ,2017-10-31,0.0443189390550054
BKNG.OQ,2017-11-30,-0.0900907968974484
BKNG.OQ,2017-12-29,-0.0011323726393246
BKNG.OQ,2018-01-31,0.100308446579641
BKNG.OQ,2018-02-28,0.0638006328412144
BKNG.OQ,2018-03-29,0.0227871624978166
BKNG.OQ,2018-04-30,0.0469190872510021
BKNG.OQ,2018-05-31,-0.0317171717157537
BKNG.OQ,2018-06-29,-0.0388018511868357
BKNG.OQ,2018-07-31,0.0008041083763803
BKNG.OQ,2018-08-31,-0.0380387633761804
BKNG.OQ,2018-09-28,0.0166278086512528
BKNG.OQ,2018-10-31,-0.0551512096838737
BKNG.OQ,2018-11-30,0.0092287339075327
BKNG.OQ,2018-12-31,-0.0895722773376041
BKNG.OQ,2019-01-31,0.0640900593365579
BKNG.OQ,2019-02-28,-0.0740775093991152
BKNG.OQ,2019-03-29,0.0282079385079474
BKNG.OQ,2019-04-30,0.0630863482971483
BKNG.OQ,2019-05-31,-0.107154216482771
BKNG.OQ,2019-06-28,0.131920880087152
BKNG.OQ,2019-07-31,0.0063476484268592
BKNG.OQ,2019-08-30,0.0422980902245968
BKNG.OQ,2019-09-30,-0.0019324555756801
BKNG.OQ,2019-10-31,0.0439007240198619
BKNG.OQ,2019-11-29,-0.0706472663899298
BKNG.OQ,2019-12-31,0.0786227107863702
BKNG.OQ,2020-01-31,-0.1086705652545519
BKNG.OQ,2020-02-28,-0.073688235770462
BKNG.OQ,2020-03-31,-0.206609815649153
BKNG.OQ,2020-04-30,0.1005337020374859
BKNG.OQ,2020-05-29,0.107289760018943
BKNG.OQ,2020-06-30,-0.0287174732458066
BKNG.OQ,2020-07-31,0.0438285793019681
BKNG.OQ,2020-08-31,0.149398663152657
BKNG.OQ,2020-09-30,-0.104566986837431
BKNG.OQ,2020-10-30,-0.0515467533608349
BKNG.OQ,2020-11-30,0.250200308193222
BKNG.OQ,2020-12-31,0.0980157263167478
BKNG.OQ,2021-01-29,-0.127034441285951
BKNG.OQ,2021-02-26,0.197589915281227
BKNG.OQ,2021-03-31,0.0005711806767028
BKNG.OQ,2021-04-30,0.0584761185498066
BKNG.OQ,2021-05-28,-0.0423871082933747
BKNG.OQ,2021-06-30,-0.0734517583742391
BKNG.OQ,2021-07-30,-0.004492502584997
BKNG.OQ,2021-08-31,0.0557371480083175
BKNG.OQ,2021-09-30,0.0322654989434847
BKNG.OQ,2021-10-29,0.0197609810149262
BKNG.OQ,2021-11-30,-0.131746792347307
BKNG.OQ,2021-12-31,0.1414848823715919
BKNG.OQ,2022-01-31,0.0237159421842985
BKNG.OQ,2022-02-28,-0.11558020138388
BKNG.OQ,2022-03-31,0.0811140522366376
BKNG.OQ,2022-04-29,-0.0588217760649072
BKNG.OQ,2022-05-31,0.0150431387550338
BKNG.OQ,2022-06-30,-0.22043983668062
BKNG.OQ,2022-07-29,0.106747322738115
BKNG.OQ,2022-08-31,-0.0309347054552053
BKNG.OQ,2022-09-30,-0.123999765422636
BKNG.OQ,2022-10-31,0.137699989648532
BKNG.OQ,2022-11-30,0.112314654335552
BKNG.OQ,2022-12-30,-0.0308591214158964
BKNG.OQ,2023-01-31,0.20782223805654
BKNG.OQ,2023-02-28,0.0369335688999623
BKNG.OQ,2023-03-31,0.0508755942877488
BKNG.OQ,2023-04-28,0.0127808295062293
BKNG.OQ,2023-05-31,-0.0660906596902209
BKNG.OQ,2023-06-30,0.0763561426641726
BKNG.OQ,2023-07-31,0.100161832077992
BKNG.OQ,2023-08-31,0.0451831156687923
BKNG.OQ,2023-09-29,-0.0067889843527771
BKNG.OQ,2023-10-31,-0.0954587460854397
BKNG.OQ,2023-11-30,0.120499290207737
BKNG.OQ,2023-12-29,0.134856192233274
BKNG.OQ,2024-01-31,-0.0112059584874057
WBA.OQ,2000-01-31,-0.0555555555399447
WBA.OQ,2000-02-29,-0.0644692983411124
WBA.OQ,2000-03-31,-0.0024213074838067
WBA.OQ,2000-04-28,0.0922330096866673
WBA.OQ,2000-05-31,0.0100941986244545
WBA.OQ,2000-06-30,0.134361233489779
WBA.OQ,2000-07-31,-0.0310679611832229
WBA.OQ,2000-08-31,0.0551842437354413
WBA.OQ,2000-09-29,0.153992395436881
WBA.OQ,2000-10-31,0.2026359143514919
WBA.OQ,2000-11-30,-0.0224938266448018
WBA.OQ,2000-12-29,-0.0617110799460565
WBA.OQ,2001-01-31,-0.0208669656095462
WBA.OQ,2001-02-28,0.0834534662047164
WBA.OQ,2001-03-30,-0.0794223826766461
WBA.OQ,2001-04-30,0.0485294117647996
WBA.OQ,2001-05-31,-0.0597300313438107
WBA.OQ,2001-06-29,-0.1502861408223419
WBA.OQ,2001-07-31,-0.0131771596039785
WBA.OQ,2001-08-31,0.0202660371068538
WBA.OQ,2001-09-28,0.0023289665133519
WBA.OQ,2001-10-31,-0.0595410978637136
WBA.OQ,2001-11-30,0.020181240265174
WBA.OQ,2001-12-31,0.0199999999995126
WBA.OQ,2002-01-31,0.0778371954775485
WBA.OQ,2002-02-28,0.110207728765956
WBA.OQ,2002-03-28,-0.0260934393757161
WBA.OQ,2002-04-30,-0.0362337330878247
WBA.OQ,2002-05-31,0.0139305136586147
WBA.OQ,2002-06-28,0.0096706743363781
WBA.OQ,2002-07-31,-0.0854258348487834
WBA.OQ,2002-08-30,-0.0154516932544725
WBA.OQ,2002-09-30,-0.114820143901505
WBA.OQ,2002-10-31,0.0972041612531929
WBA.OQ,2002-11-29,-0.145957655334497
WBA.OQ,2002-12-31,0.0138937130974348
WBA.OQ,2003-01-31,-0.0065090784346851
WBA.OQ,2003-02-28,-0.0283247179003451
WBA.OQ,2003-03-31,0.0476190476264295
WBA.OQ,2003-04-30,0.0468113975608382
WBA.OQ,2003-05-30,-0.0010675723239569
WBA.OQ,2003-06-30,-0.0224098733595996
WBA.OQ,2003-07-31,-0.0059800664532966
WBA.OQ,2003-08-29,0.0900986575160425
WBA.OQ,2003-09-30,-0.0592569849731566
WBA.OQ,2003-10-31,0.136422976525667
WBA.OQ,2003-11-28,0.0584156850655646
WBA.OQ,2003-12-31,-0.0116816082626567
WBA.OQ,2004-01-30,-0.0503023639214255
WBA.OQ,2004-02-27,0.03340199349148
WBA.OQ,2004-03-31,-0.0759955131740263
WBA.OQ,2004-04-30,0.0464339909172555
WBA.OQ,2004-05-28,0.0166713450364027
WBA.OQ,2004-06-30,0.0342759211476418
WBA.OQ,2004-07-30,0.0052471692816591
WBA.OQ,2004-08-31,0.0027666341995686
WBA.OQ,2004-09-30,-0.017009602194991
WBA.OQ,2004-10-29,0.0016745744014909
WBA.OQ,2004-11-30,0.0652436498947582
WBA.OQ,2004-12-31,0.0049764274322599
WBA.OQ,2005-01-31,0.1105029971435259
WBA.OQ,2005-02-28,0.0063740081992143
WBA.OQ,2005-03-31,0.0371235115543739
WBA.OQ,2005-04-29,-0.030616839274165
WBA.OQ,2005-05-31,0.0541537268115433
WBA.OQ,2005-06-30,0.014336127030534
WBA.OQ,2005-07-29,0.0406610132491161
WBA.OQ,2005-08-31,-0.0306457929352743
WBA.OQ,2005-09-30,-0.0621627455163388
WBA.OQ,2005-10-31,0.0455696202538256
WBA.OQ,2005-11-30,0.0069161109375581
WBA.OQ,2005-12-30,-0.0310858143622541
WBA.OQ,2006-01-31,-0.0221418888424049
WBA.OQ,2006-02-28,0.037978779822808
WBA.OQ,2006-03-31,-0.0385644226554713
WBA.OQ,2006-04-28,-0.0278228611122086
WBA.OQ,2006-05-31,-0.030138169985969
WBA.OQ,2006-06-30,0.104433497547701
WBA.OQ,2006-07-31,0.0432649420094737
WBA.OQ,2006-08-31,0.0589491509017588
WBA.OQ,2006-09-29,-0.102507076407301
WBA.OQ,2006-10-31,-0.015994593393741
WBA.OQ,2006-11-30,-0.0713251253879992
WBA.OQ,2006-12-29,0.133366263271699
WBA.OQ,2007-01-31,-0.0128568315440285
WBA.OQ,2007-02-28,-0.0113218428242898
WBA.OQ,2007-03-30,0.026392305984148
WBA.OQ,2007-04-30,-0.0433645674455569
WBA.OQ,2007-05-31,0.0297777508830303
WBA.OQ,2007-06-29,-0.0352315532919561
WBA.OQ,2007-07-31,0.0146991272493395
WBA.OQ,2007-08-31,0.0222927733044822
WBA.OQ,2007-09-28,0.0481473263892362
WBA.OQ,2007-10-31,-0.160668924633975
WBA.OQ,2007-11-30,-0.0748975921743835
WBA.OQ,2007-12-31,0.0407215086015464
WBA.OQ,2008-01-31,-0.0779936974909171
WBA.OQ,2008-02-29,0.04265509316169
WBA.OQ,2008-03-31,0.0432758148338892
WBA.OQ,2008-04-30,-0.0850616959782557
WBA.OQ,2008-05-30,0.0362863666883659
WBA.OQ,2008-06-30,-0.0974458634145097
WBA.OQ,2008-07-31,0.0562903721745232
WBA.OQ,2008-08-29,0.064077134821112
WBA.OQ,2008-09-30,-0.150150974490104
WBA.OQ,2008-10-31,-0.177648578782022
WBA.OQ,2008-11-28,-0.0238267607067668
WBA.OQ,2008-12-31,-0.002829426035834
WBA.OQ,2009-01-30,0.111066072137963
WBA.OQ,2009-02-27,-0.125766991972837
WBA.OQ,2009-03-31,0.0880134115710667
WBA.OQ,2009-04-30,0.210708782747753
WBA.OQ,2009-05-29,-0.048691392335151
WBA.OQ,2009-06-30,-0.0130916414924873
WBA.OQ,2009-07-31,0.0561224489548586
WBA.OQ,2009-08-31,0.0959908844659583
WBA.OQ,2009-09-30,0.105962219593844
WBA.OQ,2009-10-30,0.0096076861706653
WBA.OQ,2009-11-30,0.0316334017852382
WBA.OQ,2009-12-31,-0.0557984057524595
WBA.OQ,2010-01-29,-0.0182461873482582
WBA.OQ,2010-02-26,-0.018524822057284
WBA.OQ,2010-03-31,0.0524971622937813
WBA.OQ,2010-04-30,-0.0523052035555375
WBA.OQ,2010-05-28,-0.0849163068061872
WBA.OQ,2010-06-30,-0.166666666680189
WBA.OQ,2010-07-30,0.0692883895138658
WBA.OQ,2010-08-31,-0.0526553313243993
WBA.OQ,2010-09-30,0.246279761907721
WBA.OQ,2010-10-29,0.0113432835702518
WBA.OQ,2010-11-30,0.033757499189881
WBA.OQ,2010-12-31,0.1179340028774099
WBA.OQ,2011-01-31,0.0379876796957423
WBA.OQ,2011-02-28,0.076156530372796
WBA.OQ,2011-03-31,-0.0738347946381593
WBA.OQ,2011-04-29,0.0642750373667653
WBA.OQ,2011-05-31,0.025346027710609
WBA.OQ,2011-06-30,-0.0268164107281536
WBA.OQ,2011-07-29,-0.0805463966290422
WBA.OQ,2011-08-31,-0.092489497535476
WBA.OQ,2011-09-30,-0.0658903720547512
WBA.OQ,2011-10-31,0.0094253572208216
WBA.OQ,2011-11-30,0.0228670672396383
WBA.OQ,2011-12-30,-0.0195729537196013
WBA.OQ,2012-01-31,0.0090744101712119
WBA.OQ,2012-02-29,0.0006177789713932
WBA.OQ,2012-03-30,0.0099517490837837
WBA.OQ,2012-04-30,0.0468796655721098
WBA.OQ,2012-05-31,-0.123346574645794
WBA.OQ,2012-06-29,-0.0307994757545883
WBA.OQ,2012-07-31,0.229208924951154
WBA.OQ,2012-08-31,-0.0088958558292858
WBA.OQ,2012-09-28,0.0190156599416973
WBA.OQ,2012-10-31,-0.0332052689253256
WBA.OQ,2012-11-30,-0.029552508330982
WBA.OQ,2012-12-31,0.0914184606403639
WBA.OQ,2013-01-31,0.0797081870022502
WBA.OQ,2013-02-28,0.03131681586243
WBA.OQ,2013-03-28,0.164631167554027
WBA.OQ,2013-04-30,0.0383808724825305
WBA.OQ,2013-05-31,-0.029999090878581
WBA.OQ,2013-06-28,-0.0745393635044932
WBA.OQ,2013-07-31,0.136877828069432
WBA.OQ,2013-08-30,-0.0372132580345871
WBA.OQ,2013-09-30,0.119201164936492
WBA.OQ,2013-10-31,0.101115241652018
WBA.OQ,2013-11-29,0.0045607636740887
WBA.OQ,2013-12-31,-0.0297297297491406
WBA.OQ,2014-01-31,-0.0015668523750534
WBA.OQ,2014-02-28,0.190451642817168
WBA.OQ,2014-03-31,-0.0282560706272463
WBA.OQ,2014-04-30,0.0283204603929288
WBA.OQ,2014-05-30,0.0638547208729422
WBA.OQ,2014-06-30,0.0308719232320525
WBA.OQ,2014-07-31,-0.0723054094111314
WBA.OQ,2014-08-29,-0.115186150484696
WBA.OQ,2014-09-30,-0.0206543291364027
WBA.OQ,2014-10-31,0.0835161127058797
WBA.OQ,2014-11-28,0.0737436395723359
WBA.OQ,2014-12-31,0.110625273278418
WBA.OQ,2015-01-30,-0.0321522309741703
WBA.OQ,2015-02-27,0.131337594470486
WBA.OQ,2015-03-31,0.0192585459982861
WBA.OQ,2015-04-30,-0.020666036833636
WBA.OQ,2015-05-29,0.0391595321592164
WBA.OQ,2015-06-30,-0.0163094128606394
WBA.OQ,2015-07-31,0.144362861195878
WBA.OQ,2015-08-31,-0.10083704330997
WBA.OQ,2015-09-30,-0.039861351839132
WBA.OQ,2015-10-30,0.0190132370415357
WBA.OQ,2015-11-30,-0.0032327145625669
WBA.OQ,2015-12-31,0.0133880757008467
WBA.OQ,2016-01-29,-0.0638247900945751
WBA.OQ,2016-02-29,-0.0051274496552592
WBA.OQ,2016-03-31,0.0671395997008635
WBA.OQ,2016-04-29,-0.0588793922096047
WBA.OQ,2016-05-31,-0.0192571868980973
WBA.OQ,2016-06-30,0.0758397932980579
WBA.OQ,2016-07-29,-0.0482766902812454
WBA.OQ,2016-08-31,0.0230507851581812
WBA.OQ,2016-09-30,-0.0011151034740586
WBA.OQ,2016-10-31,0.0261721657240499
WBA.OQ,2016-11-30,0.0287867663283069
WBA.OQ,2016-12-30,-0.0232503245641272
WBA.OQ,2017-01-31,-0.009908168193228
WBA.OQ,2017-02-28,0.0589243302152658
WBA.OQ,2017-03-31,-0.0385505904228481
WBA.OQ,2017-04-28,0.0420228777821794
WBA.OQ,2017-05-31,-0.0596312264439278
WBA.OQ,2017-06-30,-0.0334485312137862
WBA.OQ,2017-07-31,0.0301366364211977
WBA.OQ,2017-08-31,0.0152619486095788
WBA.OQ,2017-09-29,-0.0525153374324882
WBA.OQ,2017-10-31,-0.14180264181111
WBA.OQ,2017-11-30,0.104119107202955
WBA.OQ,2017-12-29,-0.0019241341242182
WBA.OQ,2018-01-31,0.0363536216108489
WBA.OQ,2018-02-28,-0.0792939661785438
WBA.OQ,2018-03-29,-0.0496443605963199
WBA.OQ,2018-04-30,0.0149686879803632
WBA.OQ,2018-05-31,-0.0554073963589485
WBA.OQ,2018-06-29,-0.0380669979045339
WBA.OQ,2018-07-31,0.126718320380959
WBA.OQ,2018-08-31,0.0202752165605387
WBA.OQ,2018-09-28,0.0633022170645148
WBA.OQ,2018-10-31,0.0942386831327874
WBA.OQ,2018-11-30,0.0670916634210788
WBA.OQ,2018-12-31,-0.192984528171899
WBA.OQ,2019-01-31,0.0575150007164604
WBA.OQ,2019-02-28,-0.0087962032717989
WBA.OQ,2019-03-29,-0.111251580254893
WBA.OQ,2019-04-30,-0.153311205942229
WBA.OQ,2019-05-31,-0.0712089647817193
WBA.OQ,2019-06-28,0.108025942443865
WBA.OQ,2019-07-31,-0.0032924821477547
WBA.OQ,2019-08-30,-0.0521606115598711
WBA.OQ,2019-09-30,0.080484469632389
WBA.OQ,2019-10-31,-0.0095823539943336
WBA.OQ,2019-11-29,0.0959985302189419
WBA.OQ,2019-12-31,-0.0107382550348873
WBA.OQ,2020-01-31,-0.137550881957871
WBA.OQ,2020-02-28,-0.0921595506400447
WBA.OQ,2020-03-31,-0.0002185314729952
WBA.OQ,2020-04-30,-0.0537704918041051
WBA.OQ,2020-05-29,0.0033256308103488
WBA.OQ,2020-06-30,-0.0128085700906221
WBA.OQ,2020-07-31,-0.039631988696495
WBA.OQ,2020-08-31,-0.0553654297232153
WBA.OQ,2020-09-30,-0.0552340873226458
WBA.OQ,2020-10-30,-0.0523385300723582
WBA.OQ,2020-11-30,0.130282306250822
WBA.OQ,2020-12-31,0.0491975796073953
WBA.OQ,2021-01-29,0.2600300902588779
WBA.OQ,2021-02-26,-0.0370539473359325
WBA.OQ,2021-03-31,0.145420404737521
WBA.OQ,2021-04-30,-0.0327868852382223
WBA.OQ,2021-05-28,0.0002050695601512
WBA.OQ,2021-06-30,-0.0009494872764451
WBA.OQ,2021-07-30,-0.103782550834744
WBA.OQ,2021-08-31,0.0871608609768589
WBA.OQ,2021-09-30,-0.0729064039596946
WBA.OQ,2021-10-29,-0.000637619562286
WBA.OQ,2021-11-30,-0.0380303556718878
WBA.OQ,2021-12-31,0.164285714298424
WBA.OQ,2022-01-31,-0.0460122699432393
WBA.OQ,2022-02-28,-0.0643055583639488
WBA.OQ,2022-03-31,-0.0286396181458085
WBA.OQ,2022-04-29,-0.0529372347590554
WBA.OQ,2022-05-31,0.0458811642467076
WBA.OQ,2022-06-30,-0.135295459750548
WBA.OQ,2022-07-29,0.0453825857534924
WBA.OQ,2022-08-31,-0.103985772776999
WBA.OQ,2022-09-30,-0.104392470033082
WBA.OQ,2022-10-31,0.162420382175313
WBA.OQ,2022-11-30,0.150448398653619
WBA.OQ,2022-12-30,-0.0997590361381054
WBA.OQ,2023-01-31,-0.0133832976440444
WBA.OQ,2023-02-28,-0.0234132405938724
WBA.OQ,2023-03-31,-0.0267379679412348
WBA.OQ,2023-04-28,0.0193753614743433
WBA.OQ,2023-05-31,-0.125294486281532
WBA.OQ,2023-06-30,-0.0619031939541694
WBA.OQ,2023-07-31,0.0519480519598248
WBA.OQ,2023-08-31,-0.140215070647996
WBA.OQ,2023-09-29,-0.121295930452584
WBA.OQ,2023-10-31,-0.0521582733870021
WBA.OQ,2023-11-30,-0.0315689504305693
WBA.OQ,2023-12-29,0.309428284867407
WBA.OQ,2024-01-31,-0.135580237463047
NTRS.OQ,2000-01-31,0.139150943398627
NTRS.OQ,2000-02-29,-0.0641821946155056
NTRS.OQ,2000-03-31,0.1987928875371359
NTRS.OQ,2000-04-28,-0.0508788159258871
NTRS.OQ,2000-05-31,0.0263157894605828
NTRS.OQ,2000-06-30,-0.0095129562048055
NTRS.OQ,2000-07-31,0.15081652255951
NTRS.OQ,2000-08-31,0.126043405670408
NTRS.OQ,2000-09-29,0.055796690772776
NTRS.OQ,2000-10-31,-0.0393811533011713
NTRS.OQ,2000-11-30,0.0087847730890158
NTRS.OQ,2000-12-29,-0.0513375154024043
NTRS.OQ,2001-01-31,-0.0559386973095156
NTRS.OQ,2001-02-28,-0.0762987013029101
NTRS.OQ,2001-03-30,-0.1192788128007359
NTRS.OQ,2001-04-30,0.0404799999900207
NTRS.OQ,2001-05-31,0.0172228202350853
NTRS.OQ,2001-06-29,-0.0529314998009533
NTRS.OQ,2001-07-31,0.0207999999963271
NTRS.OQ,2001-08-31,-0.111285266467687
NTRS.OQ,2001-09-28,-0.0717601935460049
NTRS.OQ,2001-10-31,-0.0379192073393322
NTRS.OQ,2001-11-30,0.145573380874324
NTRS.OQ,2001-12-31,0.0440486034126546
NTRS.OQ,2002-01-31,-0.0303885752266146
NTRS.OQ,2002-02-28,-0.0731289604251557
NTRS.OQ,2002-03-28,0.113872119097504
NTRS.OQ,2002-04-30,-0.116286807487244
NTRS.OQ,2002-05-31,-0.0244728915461737
NTRS.OQ,2002-06-28,-0.146764563199277
NTRS.OQ,2002-07-31,-0.0960054471214908
NTRS.OQ,2002-08-30,0.073060507155519
NTRS.OQ,2002-09-30,-0.114301137600384
NTRS.OQ,2002-10-31,-0.0763925729548685
NTRS.OQ,2002-11-29,0.111430212524022
NTRS.OQ,2002-12-31,-0.0902072836872462
NTRS.OQ,2003-01-31,-0.0242510698955263
NTRS.OQ,2003-02-28,-0.0637426900562064
NTRS.OQ,2003-03-31,-0.0435922661297059
NTRS.OQ,2003-04-30,0.152709359593964
NTRS.OQ,2003-05-30,0.0871794872127383
NTRS.OQ,2003-06-30,0.0997754211253779
NTRS.OQ,2003-07-31,0.0447475472471244
NTRS.OQ,2003-08-29,-0.0325240494900726
NTRS.OQ,2003-09-30,0.0087302852893704
NTRS.OQ,2003-10-31,0.0944863336495578
NTRS.OQ,2003-11-28,-0.0344456404804427
NTRS.OQ,2003-12-31,0.0393504936860021
NTRS.OQ,2004-01-30,0.023265833704381
NTRS.OQ,2004-02-27,0.0452631578982533
NTRS.OQ,2004-03-31,-0.0580310558314887
NTRS.OQ,2004-04-30,-0.0925091221166485
NTRS.OQ,2004-05-28,0.0158467360532792
NTRS.OQ,2004-06-30,-0.0113487141497571
NTRS.OQ,2004-07-30,-0.0508514664399351
NTRS.OQ,2004-08-31,0.0727635185422622
NTRS.OQ,2004-09-30,-0.0480278745719243
NTRS.OQ,2004-10-29,0.042647058806704
NTRS.OQ,2004-11-30,0.1057827926607249
NTRS.OQ,2004-12-31,0.0372780784905928
NTRS.OQ,2005-01-31,-0.101687937429661
NTRS.OQ,2005-02-28,-0.0318515123676832
NTRS.OQ,2005-03-31,0.0330750664008712
NTRS.OQ,2005-04-29,0.0366022099438139
NTRS.OQ,2005-05-31,0.0197646014013893
NTRS.OQ,2005-06-30,-0.0026814229474972
NTRS.OQ,2005-07-29,0.11427944724714
NTRS.OQ,2005-08-31,-0.0188976377739992
NTRS.OQ,2005-09-30,0.0184926760547912
NTRS.OQ,2005-10-31,0.0603363007019124
NTRS.OQ,2005-11-30,-0.0169776119379608
NTRS.OQ,2005-12-30,-0.0122202223388916
NTRS.OQ,2006-01-31,0.0075260517292168
NTRS.OQ,2006-02-28,0.0097682436327049
NTRS.OQ,2006-03-31,0.0001591500839706
NTRS.OQ,2006-04-28,0.121714285725711
NTRS.OQ,2006-05-31,-0.050433010680673
NTRS.OQ,2006-06-30,-0.0070140238440421
NTRS.OQ,2006-07-31,0.0325497287490297
NTRS.OQ,2006-08-31,-0.0194395796914968
NTRS.OQ,2006-09-29,0.0478653394775679
NTRS.OQ,2006-10-31,0.0049632038427072
NTRS.OQ,2006-11-30,-0.0299727520475037
NTRS.OQ,2006-12-29,0.0701267802119103
NTRS.OQ,2007-01-31,0.0009886307312878
NTRS.OQ,2007-02-28,-0.0074074073836218
NTRS.OQ,2007-03-30,0.0015740783089792
NTRS.OQ,2007-04-30,0.0467243099398829
NTRS.OQ,2007-05-31,0.0338363780938966
NTRS.OQ,2007-06-29,-0.0090423015252384
NTRS.OQ,2007-07-31,-0.0277085928008041
NTRS.OQ,2007-08-31,-0.016010246556455
NTRS.OQ,2007-09-28,0.082720124181596
NTRS.OQ,2007-10-31,0.134902670871164
NTRS.OQ,2007-11-30,0.0768514825150726
NTRS.OQ,2007-12-31,-0.0511409183369519
NTRS.OQ,2008-01-31,-0.042047532012374
NTRS.OQ,2008-02-29,-0.078107960726405
NTRS.OQ,2008-03-31,-0.0130101074929346
NTRS.OQ,2008-04-30,0.1149390702691579
NTRS.OQ,2008-05-30,0.025502631218616
NTRS.OQ,2008-06-30,-0.0942234869693098
NTRS.OQ,2008-07-31,0.140002916749103
NTRS.OQ,2008-08-29,0.0283996418248759
NTRS.OQ,2008-09-30,-0.0988892302130429
NTRS.OQ,2008-10-31,-0.220083102499737
NTRS.OQ,2008-11-28,-0.185047060911971
NTRS.OQ,2008-12-31,0.142213688196105
NTRS.OQ,2009-01-30,0.10318373607142
NTRS.OQ,2009-02-27,-0.0342489568878114
NTRS.OQ,2009-03-31,0.0832316156726649
NTRS.OQ,2009-04-30,-0.0912738214786145
NTRS.OQ,2009-05-29,0.0605224429554674
NTRS.OQ,2009-06-30,-0.0641560305333259
NTRS.OQ,2009-07-31,0.1141952310031149
NTRS.OQ,2009-08-31,-0.022571476356877
NTRS.OQ,2009-09-30,-0.0003894068721443
NTRS.OQ,2009-10-30,-0.13600412654608
NTRS.OQ,2009-11-30,-0.014925373141863
NTRS.OQ,2009-12-31,0.0648523288066174
NTRS.OQ,2010-01-29,-0.0358778625778622
NTRS.OQ,2010-02-26,0.0548297704049148
NTRS.OQ,2010-03-31,0.0422562594367806
NTRS.OQ,2010-04-30,-0.0050669561973805
NTRS.OQ,2010-05-28,-0.0758457620874694
NTRS.OQ,2010-06-30,-0.0756439523831112
NTRS.OQ,2010-07-30,0.0062098501133036
NTRS.OQ,2010-08-31,-0.0180889550856598
NTRS.OQ,2010-09-30,0.0516341605569934
NTRS.OQ,2010-10-29,0.0288142620166504
NTRS.OQ,2010-11-30,0.0134998992465578
NTRS.OQ,2010-12-31,0.107460016312335
NTRS.OQ,2011-01-31,-0.0619021836967213
NTRS.OQ,2011-02-28,-0.0078876490969743
NTRS.OQ,2011-03-31,-0.0105945784431525
NTRS.OQ,2011-04-29,-0.0149753694517594
NTRS.OQ,2011-05-31,-0.0240048009547411
NTRS.OQ,2011-06-30,-0.0523204536183247
NTRS.OQ,2011-07-29,-0.0229547432516516
NTRS.OQ,2011-08-31,-0.144193296971289
NTRS.OQ,2011-09-30,-0.0829609068389045
NTRS.OQ,2011-10-31,0.1569468267835159
NTRS.OQ,2011-11-30,-0.0701754386162117
NTRS.OQ,2011-12-30,0.0612292653647806
NTRS.OQ,2012-01-31,0.0390821986883205
NTRS.OQ,2012-02-29,0.0776510555576211
NTRS.OQ,2012-03-30,0.0753083868911131
NTRS.OQ,2012-04-30,0.00295047420214
NTRS.OQ,2012-05-31,-0.0926665265779013
NTRS.OQ,2012-06-29,0.0733138031729117
NTRS.OQ,2012-07-31,-0.0134724033020718
NTRS.OQ,2012-08-31,0.0229074889849699
NTRS.OQ,2012-09-28,0.0058767009722735
NTRS.OQ,2012-10-31,0.0294085963807971
NTRS.OQ,2012-11-30,0.005023022183213
NTRS.OQ,2012-12-31,0.0511675760989019
NTRS.OQ,2013-01-31,0.0261164274560888
NTRS.OQ,2013-02-28,0.0330289488871729
NTRS.OQ,2013-03-28,0.0318380799673927
NTRS.OQ,2013-04-30,-0.0117302052547144
NTRS.OQ,2013-05-31,0.0784495548951201
NTRS.OQ,2013-06-28,0.001145600828762
NTRS.OQ,2013-07-31,0.0110535405893605
NTRS.OQ,2013-08-30,-0.0626921762850888
NTRS.OQ,2013-09-30,-0.0032132210370128
NTRS.OQ,2013-10-31,0.0373230373215681
NTRS.OQ,2013-11-29,0.0455512229717649
NTRS.OQ,2013-12-31,0.0547810556767656
NTRS.OQ,2014-01-31,-0.0269833575657552
NTRS.OQ,2014-02-28,0.0270674194604426
NTRS.OQ,2014-03-31,0.0652726615297472
NTRS.OQ,2014-04-30,-0.0809945088651841
NTRS.OQ,2014-05-30,0.0024896265682712
NTRS.OQ,2014-06-30,0.068803343990967
NTRS.OQ,2014-07-31,0.0417380470201976
NTRS.OQ,2014-08-29,0.036776797746834
NTRS.OQ,2014-09-30,-0.0143690137131708
NTRS.OQ,2014-10-31,-0.0254299573745177
NTRS.OQ,2014-11-28,0.0215686274558669
NTRS.OQ,2014-12-31,-3.160090883314e-05
NTRS.OQ,2015-01-30,-0.0299703263949616
NTRS.OQ,2015-02-27,0.068063628023004
NTRS.OQ,2015-03-31,0.0021671486264049
NTRS.OQ,2015-04-30,0.0502512562901218
NTRS.OQ,2015-05-29,0.0191387559850291
NTRS.OQ,2015-06-30,0.0305368116236844
NTRS.OQ,2015-07-31,0.0003923620544914
NTRS.OQ,2015-08-31,-0.0869394692124698
NTRS.OQ,2015-09-30,-0.018957924822927
NTRS.OQ,2015-10-30,0.0327171361388157
NTRS.OQ,2015-11-30,0.064639863622922
NTRS.OQ,2015-12-31,-0.0333631864962532
NTRS.OQ,2016-01-29,-0.13885421000819
NTRS.OQ,2016-02-29,-0.0434922680511107
NTRS.OQ,2016-03-31,0.1037562376287739
NTRS.OQ,2016-04-29,0.0906858984039203
NTRS.OQ,2016-05-31,0.0424873382212312
NTRS.OQ,2016-06-30,-0.101453996621494
NTRS.OQ,2016-07-29,0.0200724419088582
NTRS.OQ,2016-08-31,0.050007397527831
NTRS.OQ,2016-09-30,-0.0368324125183601
NTRS.OQ,2016-10-31,0.0651566407018311
NTRS.OQ,2016-11-30,0.139602319793596
NTRS.OQ,2016-12-30,0.0839926962935467
NTRS.OQ,2017-01-31,-0.0683885457580116
NTRS.OQ,2017-02-28,0.0529170684604163
NTRS.OQ,2017-03-31,-0.0046024926822684
NTRS.OQ,2017-04-28,0.039501039485641
NTRS.OQ,2017-05-31,-0.0242222222106873
NTRS.OQ,2017-06-30,0.1117337602924
NTRS.OQ,2017-07-31,-0.0997839728325672
NTRS.OQ,2017-08-31,0.0161227703518865
NTRS.OQ,2017-09-29,0.0387570621498607
NTRS.OQ,2017-10-31,0.0172957685046555
NTRS.OQ,2017-11-30,0.0500427716442662
NTRS.OQ,2017-12-29,0.0215790550383519
NTRS.OQ,2018-01-31,0.0550605666155558
NTRS.OQ,2018-02-28,0.0045545118523884
NTRS.OQ,2018-03-29,-0.0220844710982487
NTRS.OQ,2018-04-30,0.0351013284192125
NTRS.OQ,2018-05-31,-0.0396252927366731
NTRS.OQ,2018-06-29,0.0075447736605862
NTRS.OQ,2018-07-31,0.0615220137897715
NTRS.OQ,2018-08-31,-0.0161142648144306
NTRS.OQ,2018-09-28,-0.0445283455094589
NTRS.OQ,2018-10-31,-0.0789190247683751
NTRS.OQ,2018-11-30,0.0548527691955667
NTRS.OQ,2018-12-31,-0.15228206558537
NTRS.OQ,2019-01-31,0.0582605574867534
NTRS.OQ,2019-02-28,0.0535835405920513
NTRS.OQ,2019-03-29,-0.0234670890115447
NTRS.OQ,2019-04-30,0.0900342882564389
NTRS.OQ,2019-05-31,-0.132217148657713
NTRS.OQ,2019-06-28,0.0596232707789888
NTRS.OQ,2019-07-31,0.0888888888796802
NTRS.OQ,2019-08-30,-0.102755102062674
NTRS.OQ,2019-09-30,0.0689136551246348
NTRS.OQ,2019-10-31,0.0681525932321878
NTRS.OQ,2019-11-29,0.0758426966333778
NTRS.OQ,2019-12-31,-0.0030136976232538
NTRS.OQ,2020-01-31,-0.0793486445503576
NTRS.OQ,2020-02-28,-0.102750230024018
NTRS.OQ,2020-03-31,-0.130607196487459
NTRS.OQ,2020-04-30,0.049032600046653
NTRS.OQ,2020-05-29,-0.0018948964167921
NTRS.OQ,2020-06-30,0.0127437026983839
NTRS.OQ,2020-07-31,-0.0124779430396432
NTRS.OQ,2020-08-31,0.0451818761714688
NTRS.OQ,2020-09-30,-0.0393949460380464
NTRS.OQ,2020-10-30,0.0038476336811294
NTRS.OQ,2020-11-30,0.189727865081658
NTRS.OQ,2020-12-31,0.0078483390356367
NTRS.OQ,2021-01-29,-0.0424092763723836
NTRS.OQ,2021-02-26,0.0665993945370771
NTRS.OQ,2021-03-31,0.112514896870347
NTRS.OQ,2021-04-30,0.0826752925538095
NTRS.OQ,2021-05-28,0.0649384885742517
NTRS.OQ,2021-06-30,-0.0402588098301488
NTRS.OQ,2021-07-30,-0.0239577927677904
NTRS.OQ,2021-08-31,0.050243686305895
NTRS.OQ,2021-09-30,-0.0848072877881707
NTRS.OQ,2021-10-29,0.141267043845359
NTRS.OQ,2021-11-30,-0.059655396611169
NTRS.OQ,2021-12-31,0.0398790177354265
NTRS.OQ,2022-01-31,-0.0248306997794712
NTRS.OQ,2022-02-28,-0.0234910836736094
NTRS.OQ,2022-03-31,0.0291588415479882
NTRS.OQ,2022-04-29,-0.1150708458464579
NTRS.OQ,2022-05-31,0.0844250364088006
NTRS.OQ,2022-06-30,-0.130961653157879
NTRS.OQ,2022-07-29,0.0342039800907148
NTRS.OQ,2022-08-31,-0.0470034074889798
NTRS.OQ,2022-09-30,-0.0933967523358565
NTRS.OQ,2022-10-31,-0.0141421225048838
NTRS.OQ,2022-11-30,0.103852993473732
NTRS.OQ,2022-12-30,-0.0414370735982802
NTRS.OQ,2023-01-31,0.0958300372704555
NTRS.OQ,2023-02-28,-0.017531195215208
NTRS.OQ,2023-03-31,-0.0669620223324738
NTRS.OQ,2023-04-28,-0.113128333137058
NTRS.OQ,2023-05-31,-0.0798362333768692
NTRS.OQ,2023-06-30,0.0412510677408813
NTRS.OQ,2023-07-31,0.0806582141886095
NTRS.OQ,2023-08-31,-0.0505491762229186
NTRS.OQ,2023-09-29,-0.077563534981666
NTRS.OQ,2023-10-31,-0.0513816925787488
NTRS.OQ,2023-11-30,0.202397208284232
NTRS.OQ,2023-12-29,0.0747312212749744
NTRS.OQ,2024-01-31,-0.0561744489008478
SNPS.OQ,2000-01-31,-0.308052434455322
SNPS.OQ,2000-02-29,-0.135317997305435
SNPS.OQ,2000-03-31,0.220657277013153
SNPS.OQ,2000-04-28,-0.138461538442887
SNPS.OQ,2000-05-31,0.126488095247834
SNPS.OQ,2000-06-30,-0.269484808457087
SNPS.OQ,2000-07-31,-0.057866184441232
SNPS.OQ,2000-08-31,0.13819577733881
SNPS.OQ,2000-09-29,0.0219224283188983
SNPS.OQ,2000-10-31,-0.0792079207955554
SNPS.OQ,2000-11-30,0.118279569863827
SNPS.OQ,2000-12-29,0.216346153850343
SNPS.OQ,2001-01-31,0.0961791831749994
SNPS.OQ,2001-02-28,0.0444711538451941
SNPS.OQ,2001-03-30,-0.135788262352513
SNPS.OQ,2001-04-30,0.223541944104343
SNPS.OQ,2001-05-31,-0.0095768762200892
SNPS.OQ,2001-06-29,-0.149261603409244
SNPS.OQ,2001-07-31,0.0694358338500086
SNPS.OQ,2001-08-31,-0.108405797081312
SNPS.OQ,2001-09-28,-0.130691374093049
SNPS.OQ,2001-10-31,0.171780532973314
SNPS.OQ,2001-11-30,0.170851063837906
SNPS.OQ,2001-12-31,0.0734145012065934
SNPS.OQ,2002-01-31,-0.121719993228429
SNPS.OQ,2002-02-28,-0.0921356977552304
SNPS.OQ,2002-03-28,0.171125265399418
SNPS.OQ,2002-04-30,-0.182197244381001
SNPS.OQ,2002-05-31,0.118155619583644
SNPS.OQ,2002-06-28,0.0866375891905675
SNPS.OQ,2002-07-31,-0.219667943800393
SNPS.OQ,2002-08-30,0.0088847322921072
SNPS.OQ,2002-09-30,-0.1158748551556199
SNPS.OQ,2002-10-31,-0.0078636959343706
SNPS.OQ,2002-11-29,0.354504623514522
SNPS.OQ,2002-12-31,-0.0998283529612279
SNPS.OQ,2003-01-31,-0.162080173341257
SNPS.OQ,2003-02-28,0.0545642617039697
SNPS.OQ,2003-03-31,0.043648847475265
SNPS.OQ,2003-04-30,0.142857142874625
SNPS.OQ,2003-05-30,0.260074013176076
SNPS.OQ,2003-06-30,0.0091368902061606
SNPS.OQ,2003-07-31,0.0106709781747565
SNPS.OQ,2003-08-29,0.0911854103375413
SNPS.OQ,2003-09-30,-0.0977862483713462
SNPS.OQ,2003-10-31,0.0308742281367984
SNPS.OQ,2003-11-28,-0.0554854981098479
SNPS.OQ,2003-12-31,0.12683578102349
SNPS.OQ,2004-01-30,0.0453199052225677
SNPS.OQ,2004-02-27,-0.1646358741975939
SNPS.OQ,2004-03-31,-0.0176390773404395
SNPS.OQ,2004-04-30,-0.0770027624247449
SNPS.OQ,2004-05-28,0.107369996277678
SNPS.OQ,2004-06-30,-0.0395270270436631
SNPS.OQ,2004-07-30,-0.110446711203614
SNPS.OQ,2004-08-31,-0.368920521941062
SNPS.OQ,2004-09-30,-0.008145363418485
SNPS.OQ,2004-10-29,0.0259001894948523
SNPS.OQ,2004-11-30,0.08559113297567
SNPS.OQ,2004-12-31,0.112875779907491
SNPS.OQ,2005-01-31,-0.133537206929122
SNPS.OQ,2005-02-28,0.0647058823635933
SNPS.OQ,2005-03-31,-6.67999e-12
SNPS.OQ,2005-04-29,-0.0917127071757884
SNPS.OQ,2005-05-31,0.0991484185047501
SNPS.OQ,2005-06-30,-0.0774764803372529
SNPS.OQ,2005-07-29,0.1103779244263419
SNPS.OQ,2005-08-31,0.0264721771918399
SNPS.OQ,2005-09-30,-0.0052631578878249
SNPS.OQ,2005-10-31,0.0026455026427811
SNPS.OQ,2005-11-30,0.0300791556674034
SNPS.OQ,2005-12-30,0.0276639344120393
SNPS.OQ,2006-01-31,0.10219341975044
SNPS.OQ,2006-02-28,-0.0108548168269866
SNPS.OQ,2006-03-31,0.0219478738026537
SNPS.OQ,2006-04-28,-0.0232662192488121
SNPS.OQ,2006-05-31,-0.0641319285329426
SNPS.OQ,2006-06-30,-0.0812530592270553
SNPS.OQ,2006-07-31,-0.0463505593782934
SNPS.OQ,2006-08-31,0.0592178771203913
SNPS.OQ,2006-09-29,0.0400843881851736
SNPS.OQ,2006-10-31,0.141480730231296
SNPS.OQ,2006-11-30,0.1350510883979599
SNPS.OQ,2006-12-29,0.0461839530340562
SNPS.OQ,2007-01-31,-0.004863449324752
SNPS.OQ,2007-02-28,-0.0383458646424305
SNPS.OQ,2007-03-30,0.025410476941059
SNPS.OQ,2007-04-30,0.054517727786576
SNPS.OQ,2007-05-31,-0.0412147505446218
SNPS.OQ,2007-06-29,-0.0033936651680984
SNPS.OQ,2007-07-31,-0.0745365115322509
SNPS.OQ,2007-08-31,0.116925592816207
SNPS.OQ,2007-09-28,-0.0087847730458261
SNPS.OQ,2007-10-31,0.0435745937732372
SNPS.OQ,2007-11-30,-0.129157820249565
SNPS.OQ,2007-12-31,0.0536367330510448
SNPS.OQ,2008-01-31,-0.150790590048854
SNPS.OQ,2008-02-29,0.0540417802137447
SNPS.OQ,2008-03-31,-0.0215424385945584
SNPS.OQ,2008-04-30,0.0176133861813246
SNPS.OQ,2008-05-30,0.140199048022114
SNPS.OQ,2008-06-30,-0.092599620496908
SNPS.OQ,2008-07-31,0.0046005855392801
SNPS.OQ,2008-08-29,-0.1036636136520439
SNPS.OQ,2008-09-30,-0.0733859730365598
SNPS.OQ,2008-10-31,-0.0837092731831435
SNPS.OQ,2008-11-28,-0.123085339172975
SNPS.OQ,2008-12-31,0.1553337492138
SNPS.OQ,2009-01-30,-0.0010799136138377
SNPS.OQ,2009-02-27,0.0070270270490486
SNPS.OQ,2009-03-31,0.112721417059978
SNPS.OQ,2009-04-30,0.0506512300747242
SNPS.OQ,2009-05-29,-0.105601469238784
SNPS.OQ,2009-06-30,0.0015400410787545
SNPS.OQ,2009-07-31,0.0240902101514503
SNPS.OQ,2009-08-31,0.0625625625811756
SNPS.OQ,2009-09-30,0.0560527555485453
SNPS.OQ,2009-10-30,-0.018733273860772
SNPS.OQ,2009-11-30,0.0213636363379983
SNPS.OQ,2009-12-31,-0.008455718729003
SNPS.OQ,2010-01-29,-0.0453321364410776
SNPS.OQ,2010-02-26,0.0296191819385385
SNPS.OQ,2010-03-31,0.0214611872192016
SNPS.OQ,2010-04-30,0.0151989271420797
SNPS.OQ,2010-05-28,-0.0568031704294242
SNPS.OQ,2010-06-30,-0.0256769374263511
SNPS.OQ,2010-07-30,0.0464781983575702
SNPS.OQ,2010-08-31,0.0480769230768252
SNPS.OQ,2010-09-30,0.0821319353477644
SNPS.OQ,2010-10-29,0.0327008477884576
SNPS.OQ,2010-11-30,0.0043002345585758
SNPS.OQ,2010-12-31,0.0474892954341493
SNPS.OQ,2011-01-31,0.0081753994614206
SNPS.OQ,2011-02-28,0.0217471433981742
SNPS.OQ,2011-03-31,-0.0025252525259997
SNPS.OQ,2011-04-29,-0.0094032549689373
SNPS.OQ,2011-05-31,-0.0018254837547171
SNPS.OQ,2011-06-30,-0.0596196049784334
SNPS.OQ,2011-07-29,-0.0676779463383623
SNPS.OQ,2011-08-31,0.0796829370238918
SNPS.OQ,2011-09-30,-0.058732612041607
SNPS.OQ,2011-10-31,0.1005747126550899
SNPS.OQ,2011-11-30,0.0432674375292166
SNPS.OQ,2011-12-30,-0.0275294958815117
SNPS.OQ,2012-01-31,0.0727941176486876
SNPS.OQ,2012-02-29,0.0442083618769342
SNPS.OQ,2012-03-30,0.0062356416003721
SNPS.OQ,2012-04-30,-0.0212002609200343
SNPS.OQ,2012-05-31,-0.0153282239414074
SNPS.OQ,2012-06-29,-0.0040609137132486
SNPS.OQ,2012-07-31,0.0292218824422735
SNPS.OQ,2012-08-31,0.0904588973361133
SNPS.OQ,2012-09-28,-0.0003027550463102
SNPS.OQ,2012-10-31,-0.0248334342725931
SNPS.OQ,2012-11-30,0.0186335403666233
SNPS.OQ,2012-12-31,-0.0292682926762082
SNPS.OQ,2013-01-31,0.0502512562680133
SNPS.OQ,2013-02-28,0.047547846882348
SNPS.OQ,2013-03-28,0.0242649157950254
SNPS.OQ,2013-04-30,-0.0086399108133137
SNPS.OQ,2013-05-31,0.0247399494063183
SNPS.OQ,2013-06-28,-0.0192043895975426
SNPS.OQ,2013-07-31,0.0360839160915229
SNPS.OQ,2013-08-30,-0.0210583153280088
SNPS.OQ,2013-09-30,0.0397131825818482
SNPS.OQ,2013-10-31,-0.0331564986548771
SNPS.OQ,2013-11-29,0.0049382715876904
SNPS.OQ,2013-12-31,0.107562107543941
SNPS.OQ,2014-01-31,-0.0175006162154352
SNPS.OQ,2014-02-28,0.0135474159545015
SNPS.OQ,2014-03-31,-0.0492574257536009
SNPS.OQ,2014-04-30,-0.0205675605061946
SNPS.OQ,2014-05-30,0.0231259968158639
SNPS.OQ,2014-06-30,0.0085736555129911
SNPS.OQ,2014-07-31,-0.0270479134644314
SNPS.OQ,2014-08-29,0.08287000265778
SNPS.OQ,2014-09-30,-0.0294621026875528
SNPS.OQ,2014-10-31,0.032371835249331
SNPS.OQ,2014-11-28,0.0588091752138853
SNPS.OQ,2014-12-31,0.0018437428102502
SNPS.OQ,2015-01-30,-0.0110420980050774
SNPS.OQ,2015-02-27,0.0795533845123313
SNPS.OQ,2015-03-31,-0.0019392372320972
SNPS.OQ,2015-04-30,0.0120898100132178
SNPS.OQ,2015-05-29,0.0642064846261365
SNPS.OQ,2015-06-30,0.0152335137498947
SNPS.OQ,2015-07-31,0.0037512339390897
SNPS.OQ,2015-08-31,-0.0769079465121191
SNPS.OQ,2015-09-30,-0.0159812486753936
SNPS.OQ,2015-10-30,0.0822867041735733
SNPS.OQ,2015-11-30,0.002000800323443
SNPS.OQ,2015-12-31,-0.0892571884932885
SNPS.OQ,2016-01-29,-0.0594167945517798
SNPS.OQ,2016-02-29,0.0431235431153887
SNPS.OQ,2016-03-31,0.0824581005737386
SNPS.OQ,2016-04-29,-0.0189925681425246
SNPS.OQ,2016-05-31,0.0873316498339353
SNPS.OQ,2016-06-30,0.0466421521130509
SNPS.OQ,2016-07-29,0.001479289930943
SNPS.OQ,2016-08-31,0.0947193500555734
SNPS.OQ,2016-09-30,0.0010119750314849
SNPS.OQ,2016-10-31,-0.0006739679975975
SNPS.OQ,2016-11-30,0.0197268588995108
SNPS.OQ,2016-12-30,-0.0267857142808271
SNPS.OQ,2017-01-31,0.0684675501111889
SNPS.OQ,2017-02-28,0.135951661605106
SNPS.OQ,2017-03-31,0.0096584546488562
SNPS.OQ,2017-04-28,0.0217662553638605
SNPS.OQ,2017-05-31,0.0158751696090258
SNPS.OQ,2017-06-30,-0.0259115800710028
SNPS.OQ,2017-07-31,0.0499108734281094
SNPS.OQ,2017-08-31,0.0502807888255079
SNPS.OQ,2017-09-29,0.0013678189629344
SNPS.OQ,2017-10-31,0.0743822178166214
SNPS.OQ,2017-11-30,0.0446139621034221
SNPS.OQ,2017-12-29,-0.0568709891571291
SNPS.OQ,2018-01-31,0.086461755048008
SNPS.OQ,2018-02-28,-0.0857358816661581
SNPS.OQ,2018-03-29,-0.0168890988394155
SNPS.OQ,2018-04-30,0.0272705429967821
SNPS.OQ,2018-05-31,0.0299380189154146
SNPS.OQ,2018-06-29,-0.0283865107315957
SNPS.OQ,2018-07-31,0.0451092672607804
SNPS.OQ,2018-08-31,0.142122330328655
SNPS.OQ,2018-09-28,-0.0345604072726143
SNPS.OQ,2018-10-31,-0.0920799107642364
SNPS.OQ,2018-11-30,0.0269183513869777
SNPS.OQ,2018-12-31,-0.0837502719158624
SNPS.OQ,2019-01-31,0.108143399839616
SNPS.OQ,2019-02-28,0.0892340653340355
SNPS.OQ,2019-03-29,0.132474429569757
SNPS.OQ,2019-04-30,0.0514980460446002
SNPS.OQ,2019-05-31,-0.0383217707174452
SNPS.OQ,2019-06-28,0.105204397122536
SNPS.OQ,2019-07-31,0.0316263890052719
SNPS.OQ,2019-08-30,0.068168122926668
SNPS.OQ,2019-09-30,-0.0321557012944809
SNPS.OQ,2019-10-31,-0.0109289617427699
SNPS.OQ,2019-11-29,0.0389686924373209
SNPS.OQ,2019-12-31,-0.0130459444288112
SNPS.OQ,2020-01-31,0.0596982758907807
SNPS.OQ,2020-02-28,-0.0649447494918368
SNPS.OQ,2020-03-31,-0.066265496998786
SNPS.OQ,2020-04-30,0.219970494623085
SNPS.OQ,2020-05-29,0.1514129328125359
SNPS.OQ,2020-06-30,0.0778840307573695
SNPS.OQ,2020-07-31,0.0216410256383162
SNPS.OQ,2020-08-31,0.110832245736985
SNPS.OQ,2020-09-30,-0.0330772706904453
SNPS.OQ,2020-10-30,-0.0005608000789205
SNPS.OQ,2020-11-30,0.063780043036171
SNPS.OQ,2020-12-31,0.139516483513329
SNPS.OQ,2021-01-29,-0.0146196574486177
SNPS.OQ,2021-02-26,-0.0400861225321604
SNPS.OQ,2021-03-31,0.0104808123430352
SNPS.OQ,2021-04-30,-0.0029058035291872
SNPS.OQ,2021-05-28,0.0294665263486265
SNPS.OQ,2021-06-30,0.0843359282805081
SNPS.OQ,2021-07-30,0.0442365567777252
SNPS.OQ,2021-08-31,0.153651168462257
SNPS.OQ,2021-09-30,-0.0988141102828053
SNPS.OQ,2021-10-29,0.112788484014044
SNPS.OQ,2021-11-30,0.0234707965793788
SNPS.OQ,2021-12-31,0.0806451612872725
SNPS.OQ,2022-01-31,-0.1573948439608889
SNPS.OQ,2022-02-28,0.0060869565323311
SNPS.OQ,2022-03-31,0.0668395275234694
SNPS.OQ,2022-04-29,-0.139466498643276
SNPS.OQ,2022-05-31,0.113009519166208
SNPS.OQ,2022-06-30,-0.0485588972454628
SNPS.OQ,2022-07-29,0.210075732637943
SNPS.OQ,2022-08-31,-0.0584489796079335
SNPS.OQ,2022-09-30,-0.11707415756737
SNPS.OQ,2022-10-31,-0.0424208700200602
SNPS.OQ,2022-11-30,0.160622115859245
SNPS.OQ,2022-12-30,-0.059639512260139
SNPS.OQ,2023-01-31,0.1079269629454569
SNPS.OQ,2023-02-28,0.028296819795566
SNPS.OQ,2023-03-31,0.0618264789833527
SNPS.OQ,2023-04-28,-0.0386537216818443
SNPS.OQ,2023-05-31,0.225250457833958
SNPS.OQ,2023-06-30,-0.0429708106565241
SNPS.OQ,2023-07-31,0.0376426815921227
SNPS.OQ,2023-08-31,0.0156927844158299
SNPS.OQ,2023-09-29,0.0001743337148114
SNPS.OQ,2023-10-31,0.0228119484874377
SNPS.OQ,2023-11-30,0.157187286972454
SNPS.OQ,2023-12-29,-0.052132614192192
SNPS.OQ,2024-01-31,0.0358120836504556
