RIC,date,return
CTRA.N,2000-01-31,-0.0817120622570172
CTRA.N,2000-02-29,0.0748573329981963
CTRA.N,2000-03-31,0.142292490146434
CTRA.N,2000-04-28,0.0276816608781016
CTRA.N,2000-05-31,0.345876926225746
CTRA.N,2000-06-30,-0.150375939852505
CTRA.N,2000-07-31,-0.1268436578214939
CTRA.N,2000-08-31,0.0835520981234936
CTRA.N,2000-09-29,0.0187499999820211
CTRA.N,2000-10-31,-0.0368098159351015
CTRA.N,2000-11-30,0.0148030133718837
CTRA.N,2000-12-29,0.56918238989614
CTRA.N,2001-01-31,-0.101563126266733
CTRA.N,2001-02-28,-0.0315065459711797
CTRA.N,2001-03-30,-0.0036900368835685
CTRA.N,2001-04-30,0.0711111111139007
CTRA.N,2001-05-31,0.0663528821006298
CTRA.N,2001-06-29,-0.207792207793917
CTRA.N,2001-07-31,0.0286885246178703
CTRA.N,2001-08-31,-0.107627437146482
CTRA.N,2001-09-28,-0.107781753123357
CTRA.N,2001-10-31,0.208020050176281
CTRA.N,2001-11-30,-0.0818187521157256
CTRA.N,2001-12-31,0.0887279311873672
CTRA.N,2002-01-31,-0.1663201663273169
CTRA.N,2002-02-28,0.0045427864173697
CTRA.N,2002-03-28,0.2318407960108439
CTRA.N,2002-04-30,0.0149434571773921
CTRA.N,2002-05-31,-0.0852331518336228
CTRA.N,2002-06-28,-0.0043572984663824
CTRA.N,2002-07-31,-0.0853391684945344
CTRA.N,2002-08-30,0.0665647502434128
CTRA.N,2002-09-30,-0.0337078651904409
CTRA.N,2002-10-31,0.0167441860455952
CTRA.N,2002-11-29,0.0586107579246371
CTRA.N,2002-12-31,0.0727272727170802
CTRA.N,2003-01-31,-0.0512510088791003
CTRA.N,2003-02-28,0.0255512522442478
CTRA.N,2003-03-31,-0.0029081844842733
CTRA.N,2003-04-30,0.0208333333311697
CTRA.N,2003-05-30,0.107486955744746
CTRA.N,2003-06-30,0.0191952750376808
CTRA.N,2003-07-31,-0.0927200289897089
CTRA.N,2003-08-29,0.0775689547199499
CTRA.N,2003-09-30,-0.0352504638169103
CTRA.N,2003-10-31,-0.0173076923010629
CTRA.N,2003-11-28,0.0411204200797715
CTRA.N,2003-12-31,0.105045180730346
CTRA.N,2004-01-30,0.0391822828001245
CTRA.N,2004-02-27,-0.0029279869169885
CTRA.N,2004-03-31,0.0062561738377933
CTRA.N,2004-04-30,0.168193717270345
CTRA.N,2004-05-28,0.0319516471038286
CTRA.N,2004-06-30,0.149456521744073
CTRA.N,2004-07-30,0.0394799054219206
CTRA.N,2004-08-31,-0.0800858936160949
CTRA.N,2004-09-30,0.111111111104105
CTRA.N,2004-10-29,-0.0576837416578201
CTRA.N,2004-11-30,0.144534799569355
CTRA.N,2004-12-31,-0.0853658536569961
CTRA.N,2005-01-31,0.0639548022674226
CTRA.N,2005-02-28,0.190210628231186
CTRA.N,2005-03-31,-0.0150026790292784
CTRA.N,2005-04-29,-0.199274745374109
CTRA.N,2005-05-31,0.0662881658849312
CTRA.N,2005-06-30,0.106858054226652
CTRA.N,2005-07-29,0.167723342925852
CTRA.N,2005-08-31,0.0669107128961697
CTRA.N,2005-09-30,0.169483676763045
CTRA.N,2005-10-31,-0.0934468421974536
CTRA.N,2005-11-30,-0.0773254964279364
CTRA.N,2005-12-30,0.0684671878566828
CTRA.N,2006-01-31,0.143458980053715
CTRA.N,2006-02-28,-0.1216100682674379
CTRA.N,2006-03-31,0.0589924878193444
CTRA.N,2006-04-28,0.0277488003344444
CTRA.N,2006-05-31,-0.108679868340295
CTRA.N,2006-06-30,0.1169364030349879
CTRA.N,2006-07-31,0.0765306122388394
CTRA.N,2006-08-31,-0.0313358497978562
CTRA.N,2006-09-29,-0.0613004308611019
CTRA.N,2006-10-31,0.103901523045033
CTRA.N,2006-11-30,0.175113900393319
CTRA.N,2006-12-29,-0.0238210204490442
CTRA.N,2007-01-31,0.0694146743693473
CTRA.N,2007-02-28,0.0422726008571762
CTRA.N,2007-03-30,-0.0035523978612197
CTRA.N,2007-04-30,0.0819964349365301
CTRA.N,2007-05-31,0.071699852924819
CTRA.N,2007-06-29,-0.0543589743599787
CTRA.N,2007-07-31,-0.0726681128138976
CTRA.N,2007-08-31,-0.0242531999394049
CTRA.N,2007-09-28,0.0545890821969307
CTRA.N,2007-10-31,0.128839590439388
CTRA.N,2007-11-30,-0.132091128566293
CTRA.N,2007-12-31,0.172864613599818
CTRA.N,2008-01-31,-0.0416150606876893
CTRA.N,2008-02-29,0.286868135086215
CTRA.N,2008-03-31,0.0219095477348645
CTRA.N,2008-04-30,0.120574350869432
CTRA.N,2008-05-30,0.0580916521824133
CTRA.N,2008-06-30,0.124149377582614
CTRA.N,2008-07-31,-0.350214085339427
CTRA.N,2008-08-29,0.0104781268574345
CTRA.N,2008-09-30,-0.186768676871517
CTRA.N,2008-10-31,-0.223298284432792
CTRA.N,2008-11-28,0.068795870014254
CTRA.N,2008-12-31,-0.132465799141466
CTRA.N,2009-01-30,0.0573076923069575
CTRA.N,2009-02-27,-0.258177801301456
CTRA.N,2009-03-31,0.15709376534105
CTRA.N,2009-04-30,0.280865506990725
CTRA.N,2009-05-29,0.164640148229522
CTRA.N,2009-06-30,-0.127810987769569
CTRA.N,2009-07-31,0.146540469992764
CTRA.N,2009-08-31,0.0042444712162508
CTRA.N,2009-09-30,0.0141843971686171
CTRA.N,2009-10-30,0.0760839160921809
CTRA.N,2009-11-30,-0.0036736439615348
CTRA.N,2009-12-31,0.138120104434711
CTRA.N,2010-01-29,-0.122046340904621
CTRA.N,2010-02-26,0.0496511713752588
CTRA.N,2010-03-31,-0.0832087693041832
CTRA.N,2010-04-30,-0.0182065217428573
CTRA.N,2010-05-28,-0.0389525490705149
CTRA.N,2010-06-30,-0.0971461516407434
CTRA.N,2010-07-30,-0.027139208171637
CTRA.N,2010-08-31,-0.0854649914156076
CTRA.N,2010-09-30,0.0815373563257639
CTRA.N,2010-10-29,-0.0375290601259324
CTRA.N,2010-11-30,0.207806778125419
CTRA.N,2010-12-31,0.0823563054257757
CTRA.N,2011-01-31,0.100678815033016
CTRA.N,2011-02-28,0.0968051885602668
CTRA.N,2011-03-31,0.160096364422954
CTRA.N,2011-04-29,0.062488200865501
CTRA.N,2011-05-31,0.0444792558679411
CTRA.N,2011-06-30,0.128680851048714
CTRA.N,2011-07-29,0.117176896395011
CTRA.N,2011-08-31,0.0244886616660458
CTRA.N,2011-09-30,-0.1838913788721849
CTRA.N,2011-10-31,0.255370699401246
CTRA.N,2011-11-30,0.140286680003649
CTRA.N,2011-12-30,-0.143244158450908
CTRA.N,2012-01-31,-0.158919572239619
CTRA.N,2012-02-29,0.0934169278977299
CTRA.N,2012-03-30,-0.1063646788784929
CTRA.N,2012-04-30,0.127366057100738
CTRA.N,2012-05-31,-0.0734682062616151
CTRA.N,2012-06-29,0.210817455422655
CTRA.N,2012-07-31,0.0713197969663109
CTRA.N,2012-08-31,-0.018487793323709
CTRA.N,2012-09-28,0.0842791596225472
CTRA.N,2012-10-31,0.0463251670286637
CTRA.N,2012-11-30,0.0029652455188589
CTRA.N,2012-12-31,0.0560509554232128
CTRA.N,2013-01-31,0.0615275106032496
CTRA.N,2013-02-28,0.174118984476086
CTRA.N,2013-03-28,0.0910117798933061
CTRA.N,2013-04-30,0.0065079130462559
CTRA.N,2013-05-31,0.0342475101611774
CTRA.N,2013-06-28,0.009380329710174
CTRA.N,2013-07-31,0.0675865953172787
CTRA.N,2013-08-30,0.032716430106307
CTRA.N,2013-09-30,-0.0462560694835179
CTRA.N,2013-10-31,-0.0535905680544361
CTRA.N,2013-11-29,-0.0240733065508676
CTRA.N,2013-12-31,0.125108853422167
CTRA.N,2014-01-31,0.0319852447555953
CTRA.N,2014-02-28,-0.124562281151841
CTRA.N,2014-03-31,-0.0320000000195716
CTRA.N,2014-04-30,0.159386068461488
CTRA.N,2014-05-30,-0.0769010183162605
CTRA.N,2014-06-30,-0.0579470198678103
CTRA.N,2014-07-31,-0.0348564733515531
CTRA.N,2014-08-29,0.0185275399864311
CTRA.N,2014-09-30,-0.0253428741892021
CTRA.N,2014-10-31,-0.0486387274242597
CTRA.N,2014-11-28,0.0630708494022405
CTRA.N,2014-12-31,-0.103813559322651
CTRA.N,2015-01-30,-0.104370858850804
CTRA.N,2015-02-27,0.09433962263407
CTRA.N,2015-03-31,0.0182758620620014
CTRA.N,2015-04-30,0.145275990507151
CTRA.N,2015-05-29,0.0047309284475789
CTRA.N,2015-06-30,-0.0712603062307688
CTRA.N,2015-07-31,-0.170577044986696
CTRA.N,2015-08-31,-0.0944749376845252
CTRA.N,2015-09-30,-0.076468103096201
CTRA.N,2015-10-30,-0.0068618481253823
CTRA.N,2015-11-30,-0.131879526988041
CTRA.N,2015-12-31,-0.0605416888019385
CTRA.N,2016-01-29,0.1741809070372449
CTRA.N,2016-02-29,-0.0298795180665643
CTRA.N,2016-03-31,0.128166915039899
CTRA.N,2016-04-29,0.0303830911355762
CTRA.N,2016-05-31,0.0251986128533905
CTRA.N,2016-06-30,0.0738423028629178
CTRA.N,2016-07-29,-0.0415695415633075
CTRA.N,2016-08-31,-0.0008226996362307
CTRA.N,2016-09-30,0.0475030451026785
CTRA.N,2016-10-31,-0.190697674401926
CTRA.N,2016-11-30,0.0604250789819144
CTRA.N,2016-12-30,0.0560578662050628
CTRA.N,2017-01-31,-0.079678824692559
CTRA.N,2017-02-28,0.0195530726270949
CTRA.N,2017-03-31,0.0917808219240109
CTRA.N,2017-04-28,-0.0280217482250792
CTRA.N,2017-05-31,-0.0432128348260373
CTRA.N,2017-06-30,0.130238846327241
CTRA.N,2017-07-31,-0.0083732057426547
CTRA.N,2017-08-31,0.0294328227461991
CTRA.N,2017-09-29,0.0469667318937976
CTRA.N,2017-10-31,0.0355140186942173
CTRA.N,2017-11-30,0.047003376713254
CTRA.N,2017-12-29,-0.0120898100325172
CTRA.N,2018-01-31,-0.0767221142479677
CTRA.N,2018-02-28,-0.0831119544431362
CTRA.N,2018-03-29,-0.0074503311193956
CTRA.N,2018-04-30,-0.002919099262109
CTRA.N,2018-05-31,-0.0418613622912694
CTRA.N,2018-06-29,0.0415754923345399
CTRA.N,2018-07-31,-0.0126050420090606
CTRA.N,2018-08-31,0.0166426623058999
CTRA.N,2018-09-28,-0.0549727234520716
CTRA.N,2018-10-31,0.07593250444986
CTRA.N,2018-11-30,0.0412005792257424
CTRA.N,2018-12-31,-0.111685214638662
CTRA.N,2019-01-31,0.119461832447997
CTRA.N,2019-02-28,-0.0132264529267696
CTRA.N,2019-03-29,0.0601137286552595
CTRA.N,2019-04-30,-0.0080459770058802
CTRA.N,2019-05-31,-0.0302966484381256
CTRA.N,2019-06-28,-0.0823341326786621
CTRA.N,2019-07-31,-0.165505226477115
CTRA.N,2019-08-30,-0.101866000924015
CTRA.N,2019-09-30,0.02628504671805
CTRA.N,2019-10-31,0.060899260119375
CTRA.N,2019-11-29,-0.140127807391833
CTRA.N,2019-12-31,0.0922208281002788
CTRA.N,2020-01-31,-0.18538111582399
CTRA.N,2020-02-28,-0.0113555713301238
CTRA.N,2020-03-31,0.234027279256337
CTRA.N,2020-04-30,0.257707969776163
CTRA.N,2020-05-29,-0.0774421560463974
CTRA.N,2020-06-30,-0.1340725806353569
CTRA.N,2020-07-31,0.0884749708802166
CTRA.N,2020-08-31,0.0195593431848973
CTRA.N,2020-09-30,-0.0848708486900545
CTRA.N,2020-10-30,0.0247695852657503
CTRA.N,2020-11-30,-0.0094480202105314
CTRA.N,2020-12-31,-0.0707762557145223
CTRA.N,2021-01-29,0.132067234980968
CTRA.N,2021-02-26,0.0098199672762453
CTRA.N,2021-03-31,0.014586709885229
CTRA.N,2021-04-30,-0.1123535676224929
CTRA.N,2021-05-28,-0.0100128545661416
CTRA.N,2021-06-30,0.064634146331116
CTRA.N,2021-07-30,-0.0836197021430945
CTRA.N,2021-08-31,-0.0001605716108588
CTRA.N,2021-09-30,0.369414726224567
CTRA.N,2021-10-29,0.0031631446936371
CTRA.N,2021-11-30,-0.0444452539971963
CTRA.N,2021-12-31,-0.0537848605534704
CTRA.N,2022-01-31,0.152631578959737
CTRA.N,2022-02-28,0.0652968036648567
CTRA.N,2022-03-31,0.180816332623654
CTRA.N,2022-04-29,0.0674823878412605
CTRA.N,2022-05-31,0.217039441882335
CTRA.N,2022-06-30,-0.2487620157168689
CTRA.N,2022-07-29,0.186118650654311
CTRA.N,2022-08-31,0.0333778786697749
CTRA.N,2022-09-30,-0.154966030432594
CTRA.N,2022-10-31,0.191807044407635
CTRA.N,2022-11-30,-0.0815147715095019
CTRA.N,2022-12-30,-0.119670369052946
CTRA.N,2023-01-31,0.0187220187316635
CTRA.N,2023-02-28,-0.0023971234364145
CTRA.N,2023-03-31,0.0073703896825802
CTRA.N,2023-04-28,0.0431947840074697
CTRA.N,2023-05-31,-0.0844815054687419
CTRA.N,2023-06-30,0.0881720430004135
CTRA.N,2023-07-31,0.0885375494246489
CTRA.N,2023-08-31,0.0310302049351738
CTRA.N,2023-09-29,-0.040439872290196
CTRA.N,2023-10-31,0.0166358595048903
CTRA.N,2023-11-30,-0.038422903077004
CTRA.N,2023-12-29,-0.027809523797154
CTRA.N,2024-01-31,-0.0250783699029231
AIG.N,2000-01-31,-0.0369942196722004
AIG.N,2000-02-29,-0.150660264122332
AIG.N,2000-03-31,0.238853771059759
AIG.N,2000-04-28,0.0017123287796048
AIG.N,2000-05-31,0.0266666657698044
AIG.N,2000-06-30,0.0438645197245662
AIG.N,2000-07-31,0.119416013032828
AIG.N,2000-08-31,0.0168232318512107
AIG.N,2000-09-29,0.0736325385716175
AIG.N,2000-10-31,0.0241672109856441
AIG.N,2000-11-30,-0.0104605987235844
AIG.N,2000-12-29,0.0167633784660131
AIG.N,2001-01-31,-0.13740012682485
AIG.N,2001-02-28,-0.0374382498258757
AIG.N,2001-03-30,-0.0158924205506611
AIG.N,2001-04-30,0.0161490683230827
AIG.N,2001-05-31,-0.0093312841812717
AIG.N,2001-06-29,0.0617283950542646
AIG.N,2001-07-31,-0.0319767441866968
AIG.N,2001-08-31,-0.0601789481797754
AIG.N,2001-09-28,-0.0025575447574262
AIG.N,2001-10-31,0.0076923076989885
AIG.N,2001-11-30,0.0483460559516708
AIG.N,2001-12-31,-0.035919165344535
AIG.N,2002-01-31,-0.0661209067878473
AIG.N,2002-02-28,-0.0018592486113168
AIG.N,2002-03-28,-0.0247397593555798
AIG.N,2002-04-30,-0.0418630440983647
AIG.N,2002-05-31,-0.0311053240789583
AIG.N,2002-06-28,0.0194719971735144
AIG.N,2002-07-31,-0.0631686941183971
AIG.N,2002-08-30,-0.0175219023658014
AIG.N,2002-09-30,-0.128301424538938
AIG.N,2002-10-31,0.143510054842875
AIG.N,2002-11-29,0.0415667465949061
AIG.N,2002-12-31,-0.111382551518309
AIG.N,2003-01-31,-0.0644770959501737
AIG.N,2003-02-28,-0.0892461197260567
AIG.N,2003-03-31,0.0042089813634829
AIG.N,2003-04-30,0.171890798792682
AIG.N,2003-05-30,-0.0012079378960022
AIG.N,2003-06-30,-0.0458851666961049
AIG.N,2003-07-31,0.16346502354309
AIG.N,2003-08-29,-0.0721183800659241
AIG.N,2003-09-30,-0.0303440603145411
AIG.N,2003-10-31,0.0542461005255885
AIG.N,2003-11-28,-0.0473450600052129
AIG.N,2003-12-31,0.145025506805613
AIG.N,2004-01-30,0.0478273989421023
AIG.N,2004-02-27,0.065514758822963
AIG.N,2004-03-31,-0.0349718242327722
AIG.N,2004-04-30,0.004204625084097
AIG.N,2004-05-28,0.0230286113159488
AIG.N,2004-06-30,-0.0267021897871287
AIG.N,2004-07-30,-0.0088383838466862
AIG.N,2004-08-31,0.0083510261802941
AIG.N,2004-09-30,-0.0446009468968175
AIG.N,2004-10-29,-0.107074569797041
AIG.N,2004-11-30,0.043485422475138
AIG.N,2004-12-31,0.0378230329780525
AIG.N,2005-01-31,0.0094411451003091
AIG.N,2005-02-28,0.0076934680907068
AIG.N,2005-03-31,-0.168915278109775
AIG.N,2005-04-29,-0.0822956145247701
AIG.N,2005-05-31,0.0924287118806153
AIG.N,2005-06-30,0.0482325476036722
AIG.N,2005-07-29,0.0361445782966705
AIG.N,2005-08-31,-0.0141196013310859
AIG.N,2005-09-30,0.0466216216231875
AIG.N,2005-10-31,0.0458360232382482
AIG.N,2005-11-30,0.0384259258831485
AIG.N,2005-12-30,0.01623473338743
AIG.N,2006-01-31,-0.0405979774043076
AIG.N,2006-02-28,0.0137488542556585
AIG.N,2006-03-31,-0.0018127557635156
AIG.N,2006-04-28,-0.0127099409821442
AIG.N,2006-05-31,-0.0659003831674333
AIG.N,2006-06-30,-0.0287828947333612
AIG.N,2006-07-31,0.0274343776547028
AIG.N,2006-08-31,0.0546514096503303
AIG.N,2006-09-29,0.0382325289798679
AIG.N,2006-10-31,0.0137337760272202
AIG.N,2006-11-30,0.0493590445977441
AIG.N,2006-12-29,0.0190557451694469
AIG.N,2007-01-31,-0.044794864630611
AIG.N,2007-02-28,-0.0173119064777781
AIG.N,2007-03-30,0.0017883755469916
AIG.N,2007-04-30,0.0400178518318448
AIG.N,2007-05-31,0.0371273380081993
AIG.N,2007-06-29,-0.0319325407601958
AIG.N,2007-07-31,-0.0835356275862932
AIG.N,2007-08-31,0.0283577438571561
AIG.N,2007-09-28,0.0281297709894275
AIG.N,2007-10-31,-0.0669623059946709
AIG.N,2007-11-30,-0.0790557667813876
AIG.N,2007-12-31,0.0063739189340561
AIG.N,2008-01-31,-0.0538593481968468
AIG.N,2008-02-29,-0.150471356035968
AIG.N,2008-03-31,-0.0729000701661298
AIG.N,2008-04-30,0.068208092487323
AIG.N,2008-05-30,-0.220779220782867
AIG.N,2008-06-30,-0.260884658469786
AIG.N,2008-07-31,-0.0154950869258809
AIG.N,2008-08-29,-0.1750479846435
AIG.N,2008-09-30,-0.843534451312443
AIG.N,2008-10-31,-0.426426426418748
AIG.N,2008-11-28,0.0523560209484093
AIG.N,2008-12-31,-0.218905472633691
AIG.N,2009-01-30,-0.1847133758096369
AIG.N,2009-02-27,-0.6718750000018351
AIG.N,2009-03-31,1.38095238095997
AIG.N,2009-04-30,0.380000000003256
AIG.N,2009-05-29,0.224637681163986
AIG.N,2009-06-30,-0.313609467449996
AIG.N,2009-07-31,-0.4336206896582439
AIG.N,2009-08-31,2.449771689564
AIG.N,2009-09-30,-0.0269137436507193
AIG.N,2009-10-30,-0.237814554551999
AIG.N,2009-11-30,-0.1552647233735259
AIG.N,2009-12-31,0.055633802827167
AIG.N,2010-01-29,-0.191794529688432
AIG.N,2010-02-26,0.0222864217616348
AIG.N,2010-03-31,0.378280177624426
AIG.N,2010-04-30,0.13942589337853
AIG.N,2010-05-28,-0.0904884318780856
AIG.N,2010-06-30,-0.0265686828612796
AIG.N,2010-07-30,0.117015098708798
AIG.N,2010-08-31,-0.11801403690117
AIG.N,2010-09-30,0.152372531667309
AIG.N,2010-10-29,0.0744245524005904
AIG.N,2010-11-30,-0.0171387764645127
AIG.N,2010-12-31,0.395495277321672
AIG.N,2011-01-31,-0.164136977804308
AIG.N,2011-02-28,-0.0815365551542195
AIG.N,2011-03-31,-0.0518078790986649
AIG.N,2011-04-29,-0.113545816755966
AIG.N,2011-05-31,-0.0850722311370902
AIG.N,2011-06-30,0.0287719298333182
AIG.N,2011-07-29,-0.0211459754499788
AIG.N,2011-08-31,-0.11742160278442
AIG.N,2011-09-30,-0.133438610338396
AIG.N,2011-10-31,0.124829157151794
AIG.N,2011-11-30,-0.0558930741033963
AIG.N,2011-12-30,-0.0047190047124302
AIG.N,2012-01-31,0.082327586211047
AIG.N,2012-02-29,0.163679808829522
AIG.N,2012-03-30,0.0550992470826603
AIG.N,2012-04-30,0.103795004868575
AIG.N,2012-05-31,-0.142521304728067
AIG.N,2012-06-29,0.0997258396059688
AIG.N,2012-07-31,-0.0255531318182712
AIG.N,2012-08-31,0.0978573713053432
AIG.N,2012-09-28,-0.0448587241462535
AIG.N,2012-10-31,0.0652637999699166
AIG.N,2012-11-30,-0.0515316346987817
AIG.N,2012-12-31,0.0654995472472521
AIG.N,2013-01-31,0.0716713881222757
AIG.N,2013-02-28,0.004758128459201
AIG.N,2013-03-28,0.0213101815201076
AIG.N,2013-04-30,0.066975785672695
AIG.N,2013-05-31,0.0733944954093524
AIG.N,2013-06-28,0.0053981106600173
AIG.N,2013-07-31,0.0181208053507862
AIG.N,2013-08-30,0.0208745330594644
AIG.N,2013-09-30,0.0488248268793483
AIG.N,2013-10-31,0.0621015833872647
AIG.N,2013-11-29,-0.0367860600006434
AIG.N,2013-12-31,0.0282398632301797
AIG.N,2014-01-31,-0.0605288932207352
AIG.N,2014-02-28,0.037739783172807
AIG.N,2014-03-31,0.0072729678322169
AIG.N,2014-04-30,0.0623875224873605
AIG.N,2014-05-30,0.0176924524803255
AIG.N,2014-06-30,0.0117143485785363
AIG.N,2014-07-31,-0.047636496882774
AIG.N,2014-08-29,0.0784917275847588
AIG.N,2014-09-30,-0.034202739778367
AIG.N,2014-10-31,-0.0083302480467488
AIG.N,2014-11-28,0.0229606122837893
AIG.N,2014-12-31,0.0244040467049791
AIG.N,2015-01-30,-0.127477236212228
AIG.N,2015-02-27,0.132187436060657
AIG.N,2015-03-31,-0.0074850917954952
AIG.N,2015-04-30,0.0273772586118333
AIG.N,2015-05-29,0.0412151358907102
AIG.N,2015-06-30,0.0569666121139577
AIG.N,2015-07-31,0.0372047881112915
AIG.N,2015-08-31,-0.0589519650691376
AIG.N,2015-09-30,-0.0538073099244154
AIG.N,2015-10-30,0.1098204857628
AIG.N,2015-11-30,0.0082461148109773
AIG.N,2015-12-31,-0.020946069865656
AIG.N,2016-01-29,-0.0885912538364478
AIG.N,2016-02-29,-0.111189801684435
AIG.N,2016-03-31,0.0833781675649358
AIG.N,2016-04-29,0.0327474560583758
AIG.N,2016-05-31,0.0369043353717724
AIG.N,2016-06-30,-0.0810005210998971
AIG.N,2016-07-29,0.0293061070222196
AIG.N,2016-08-31,0.0990080822617835
AIG.N,2016-09-30,-0.0027394292531984
AIG.N,2016-10-31,0.0397708122657052
AIG.N,2016-11-30,0.0264181523630216
AIG.N,2016-12-30,0.0364050641242319
AIG.N,2017-01-31,-0.0160771704203222
AIG.N,2017-02-28,-0.0052910052993556
AIG.N,2017-03-31,-0.0183635586773438
AIG.N,2017-04-28,-0.0243472689385815
AIG.N,2017-05-31,0.0446560499271712
AIG.N,2017-06-30,-0.0125179684610173
AIG.N,2017-07-31,0.0468650031879074
AIG.N,2017-08-31,-0.0759358288743465
AIG.N,2017-09-29,0.0204770740044126
AIG.N,2017-10-31,0.0524515393282402
AIG.N,2017-11-30,-0.0719702832455396
AIG.N,2017-12-29,-0.0009979785138105
AIG.N,2018-01-31,0.0728432359692865
AIG.N,2018-02-28,-0.102941176472942
AIG.N,2018-03-29,-0.0453953794170595
AIG.N,2018-04-30,0.0290334435815671
AIG.N,2018-05-31,-0.0573214285667388
AIG.N,2018-06-29,0.0102324653234296
AIG.N,2018-07-31,0.0413051678689777
AIG.N,2018-08-31,-0.0369498279348996
AIG.N,2018-09-28,0.0073338331071226
AIG.N,2018-10-31,-0.224455296764974
AIG.N,2018-11-30,0.0474691208896827
AIG.N,2018-12-31,-0.0808170525648679
AIG.N,2019-01-31,0.0969297132851881
AIG.N,2019-02-28,-0.0006939625158496
AIG.N,2019-03-29,0.0040498412710263
AIG.N,2019-04-30,0.104737575478915
AIG.N,2019-05-31,0.0735757830502299
AIG.N,2019-06-28,0.0495492696786563
AIG.N,2019-07-31,0.0508633633578948
AIG.N,2019-08-30,-0.0705483122084647
AIG.N,2019-09-30,0.0764119383559275
AIG.N,2019-10-31,-0.049192100503364
AIG.N,2019-11-29,-0.0056646525754123
AIG.N,2019-12-31,-0.0190687407514998
AIG.N,2020-01-31,-0.0208455094472223
AIG.N,2020-02-28,-0.161161957814453
AIG.N,2020-03-31,-0.418351975778674
AIG.N,2020-04-30,0.0486597938057926
AIG.N,2020-05-29,0.182068423122016
AIG.N,2020-06-30,0.0473049059183797
AIG.N,2020-07-31,0.030788967282297
AIG.N,2020-08-31,-0.0933416303629667
AIG.N,2020-09-30,-0.0450953305077233
AIG.N,2020-10-30,0.143843080264331
AIG.N,2020-11-30,0.220704985726534
AIG.N,2020-12-31,-0.0069633735867854
AIG.N,2021-01-29,-0.0110935023778581
AIG.N,2021-02-26,0.173878205147498
AIG.N,2021-03-31,0.0583822497175295
AIG.N,2021-04-30,0.0484743561858572
AIG.N,2021-05-28,0.0906088751181053
AIG.N,2021-06-30,-0.0935260750970227
AIG.N,2021-07-30,-0.0052521008413676
AIG.N,2021-08-31,0.152270327356216
AIG.N,2021-09-30,0.011960884492814
AIG.N,2021-10-29,0.0765166696918163
AIG.N,2021-11-30,-0.109832458960598
AIG.N,2021-12-31,0.0873520285826901
AIG.N,2022-01-31,0.0156524797750099
AIG.N,2022-02-28,0.0604329004300859
AIG.N,2022-03-31,0.0304703682708583
AIG.N,2022-04-29,-0.0678668153558361
AIG.N,2022-05-31,0.0029054862613586
AIG.N,2022-06-30,-0.1233070228414359
AIG.N,2022-07-29,0.0125171132147073
AIG.N,2022-08-31,-0.0003863241344709
AIG.N,2022-09-30,-0.0770931748336144
AIG.N,2022-10-31,0.2005054759935449
AIG.N,2022-11-30,0.107192982473143
AIG.N,2022-12-30,0.0071773414140523
AIG.N,2023-01-31,-0.0003162555386117
AIG.N,2023-02-28,-0.0333755140802982
AIG.N,2023-03-31,-0.170658093918806
AIG.N,2023-04-28,0.0532168387780711
AIG.N,2023-05-31,-0.0039592760175122
AIG.N,2023-06-30,0.0960789234099216
AIG.N,2023-07-31,0.0476190476079277
AIG.N,2023-08-31,-0.0291970803026868
AIG.N,2023-09-29,0.0416348357848042
AIG.N,2023-10-31,0.0117161716103156
AIG.N,2023-11-30,0.0733974881852868
AIG.N,2023-12-29,0.0349914066278127
AIG.N,2024-01-31,0.0259778597762894
WDC.OQ,2000-01-31,0.134328358216559
WDC.OQ,2000-02-29,-0.0526315789378825
WDC.OQ,2000-03-31,0.652777777769626
WDC.OQ,2000-04-28,-0.0672268907615137
WDC.OQ,2000-05-31,-0.324324324335947
WDC.OQ,2000-06-30,0.066666666647252
WDC.OQ,2000-07-31,-0.175000000002802
WDC.OQ,2000-08-31,0.4242424242461159
WDC.OQ,2000-09-29,-5.57798e-12
WDC.OQ,2000-10-31,0.0212765957371671
WDC.OQ,2000-11-30,-0.45833333333816
WDC.OQ,2000-12-29,-0.249999999985031
WDC.OQ,2001-01-31,1.16615384614857
WDC.OQ,2001-02-28,-0.219696969693708
WDC.OQ,2001-03-30,0.155339805832424
WDC.OQ,2001-04-30,0.117647058816297
WDC.OQ,2001-05-31,-0.189849624060526
WDC.OQ,2001-06-29,-0.0719257540585362
WDC.OQ,2001-07-31,-0.122500000003925
WDC.OQ,2001-08-31,-0.0940170940122905
WDC.OQ,2001-09-28,-0.317610062885625
WDC.OQ,2001-10-31,0.543778801852377
WDC.OQ,2001-11-30,0.405970149263034
WDC.OQ,2001-12-31,0.331210191079386
WDC.OQ,2002-01-31,-0.0031897926636725
WDC.OQ,2002-02-28,-0.0703999999999096
WDC.OQ,2002-03-28,0.0722891566201649
WDC.OQ,2002-04-30,-0.0064205457349421
WDC.OQ,2002-05-31,-0.25686591276362
WDC.OQ,2002-06-28,-0.293478260850464
WDC.OQ,2002-07-31,0.366153846128876
WDC.OQ,2002-08-30,-0.0855855855811124
WDC.OQ,2002-09-30,0.157635468004956
WDC.OQ,2002-10-31,0.31702127659032
WDC.OQ,2002-11-29,0.365105008076084
WDC.OQ,2002-12-31,-0.243786982254009
WDC.OQ,2003-01-31,0.244131455424484
WDC.OQ,2003-02-28,0.0226415094299783
WDC.OQ,2003-03-31,0.114391143909769
WDC.OQ,2003-04-30,0.0298013245170208
WDC.OQ,2003-05-30,0.341907824232714
WDC.OQ,2003-06-30,-0.177316293923001
WDC.OQ,2003-07-31,-0.0330097087243491
WDC.OQ,2003-08-29,0.153614457817841
WDC.OQ,2003-09-30,0.121845082688654
WDC.OQ,2003-10-31,0.0434445306405464
WDC.OQ,2003-11-28,-0.0750929368023938
WDC.OQ,2003-12-31,-0.052250803851643
WDC.OQ,2004-01-30,-0.1323155216302179
WDC.OQ,2004-02-27,0.113391984353419
WDC.OQ,2004-03-31,-0.014047410011642
WDC.OQ,2004-04-30,-0.280498664276521
WDC.OQ,2004-05-28,0.131188118782472
WDC.OQ,2004-06-30,-0.0525164113788789
WDC.OQ,2004-07-30,-0.190531177863942
WDC.OQ,2004-08-31,0.0641940085239185
WDC.OQ,2004-09-30,0.17828418231486
WDC.OQ,2004-10-29,-0.0523321956642214
WDC.OQ,2004-11-30,0.1728691476535399
WDC.OQ,2004-12-31,0.109518935523311
WDC.OQ,2005-01-31,-0.0064575645781163
WDC.OQ,2005-02-28,0.0454967502294123
WDC.OQ,2005-03-31,0.132326820581932
WDC.OQ,2005-04-29,-0.0047058823602296
WDC.OQ,2005-05-31,0.18282111899675
WDC.OQ,2005-06-30,-0.1059293804076999
WDC.OQ,2005-07-29,0.116989567830961
WDC.OQ,2005-08-31,-0.0760507004648372
WDC.OQ,2005-09-30,-0.0664259927981373
WDC.OQ,2005-10-31,-0.0641918020196195
WDC.OQ,2005-11-30,0.233057851241337
WDC.OQ,2005-12-30,0.247319034866218
WDC.OQ,2006-01-31,0.174637291786648
WDC.OQ,2006-02-28,0.0178408051278041
WDC.OQ,2006-03-31,-0.126741573041631
WDC.OQ,2006-04-28,0.0828615542943751
WDC.OQ,2006-05-31,-0.0327946767917592
WDC.OQ,2006-06-30,-0.0265356265583162
WDC.OQ,2006-07-31,-0.1145885916171259
WDC.OQ,2006-08-31,0.0433295325137204
WDC.OQ,2006-09-29,-0.0109289617378355
WDC.OQ,2006-10-31,0.009944751370533
WDC.OQ,2006-11-30,0.122538293227948
WDC.OQ,2006-12-29,-0.0029239766200138
WDC.OQ,2007-01-31,-0.0420332355926141
WDC.OQ,2007-02-28,-0.0219387755076011
WDC.OQ,2007-03-30,-0.123109024526125
WDC.OQ,2007-04-30,0.0517549078135415
WDC.OQ,2007-05-31,0.0639140271635166
WDC.OQ,2007-06-29,0.0287081339713247
WDC.OQ,2007-07-31,0.10335917314156
WDC.OQ,2007-08-31,0.0941451990350819
WDC.OQ,2007-09-28,0.0839041095698159
WDC.OQ,2007-10-31,0.0236966824735756
WDC.OQ,2007-11-30,0.0659722221977894
WDC.OQ,2007-12-31,0.0933767643786714
WDC.OQ,2008-01-31,-0.124462098650006
WDC.OQ,2008-02-29,0.167107750451821
WDC.OQ,2008-03-31,-0.124068675098066
WDC.OQ,2008-04-30,0.0721153846022247
WDC.OQ,2008-05-30,0.29458433939563
WDC.OQ,2008-06-30,-0.0799360511538364
WDC.OQ,2008-07-31,-0.16623226179466
WDC.OQ,2008-08-29,-0.0531434525890271
WDC.OQ,2008-09-30,-0.217901687435559
WDC.OQ,2008-10-31,-0.226078799245488
WDC.OQ,2008-11-28,-0.260606060614532
WDC.OQ,2008-12-31,-0.0614754098231697
WDC.OQ,2009-01-30,0.282096069885883
WDC.OQ,2009-02-27,-0.0694822888262462
WDC.OQ,2009-03-31,0.415812591539907
WDC.OQ,2009-04-30,0.216132368160896
WDC.OQ,2009-05-29,0.0565476190671537
WDC.OQ,2009-06-30,0.0663983903501206
WDC.OQ,2009-07-31,0.14150943396952
WDC.OQ,2009-08-31,0.133223140484958
WDC.OQ,2009-09-30,0.0656359393157167
WDC.OQ,2009-10-30,-0.078018067338629
WDC.OQ,2009-11-30,0.093824228017253
WDC.OQ,2009-12-31,0.198425624309141
WDC.OQ,2010-01-29,-0.139524348826786
WDC.OQ,2010-02-26,0.0168465385397964
WDC.OQ,2010-03-31,0.0093191819991493
WDC.OQ,2010-04-30,0.0538599640923235
WDC.OQ,2010-05-28,-0.1528352397268439
WDC.OQ,2010-06-30,-0.13358230392671
WDC.OQ,2010-07-30,-0.124999999999246
WDC.OQ,2010-08-31,-0.0848806365997844
WDC.OQ,2010-09-30,0.1755693581774109
WDC.OQ,2010-10-29,0.127861923217536
WDC.OQ,2010-11-30,0.0462211118024243
WDC.OQ,2010-12-31,0.011940298502739
WDC.OQ,2011-01-31,0.0035398230342353
WDC.OQ,2011-02-28,-0.101116990011221
WDC.OQ,2011-03-31,0.21942446040156
WDC.OQ,2011-04-29,0.0673102708509374
WDC.OQ,2011-05-31,-0.0791457286546701
WDC.OQ,2011-06-30,-0.0073669850181739
WDC.OQ,2011-07-29,-0.0527762506647388
WDC.OQ,2011-08-31,-0.144225188631008
WDC.OQ,2011-09-30,-0.127839945747832
WDC.OQ,2011-10-31,0.0357698289180933
WDC.OQ,2011-11-30,0.0912162162211965
WDC.OQ,2011-12-30,0.0646714826095233
WDC.OQ,2012-01-31,0.174474959595155
WDC.OQ,2012-02-29,0.0797799174607254
WDC.OQ,2012-03-30,0.0545222930024325
WDC.OQ,2012-04-30,-0.0623338970728772
WDC.OQ,2012-05-31,-0.191187838192906
WDC.OQ,2012-06-29,-0.0289901242496667
WDC.OQ,2012-07-31,0.30479002626225
WDC.OQ,2012-08-31,0.0515463917545145
WDC.OQ,2012-09-28,-0.0678915112270522
WDC.OQ,2012-10-31,-0.11618900076247
WDC.OQ,2012-11-30,-0.0230791703250135
WDC.OQ,2012-12-31,0.279024317113995
WDC.OQ,2013-01-31,0.1061426217790599
WDC.OQ,2013-02-28,0.0034042553266573
WDC.OQ,2013-03-28,0.0716353489821113
WDC.OQ,2013-04-30,0.099443118530264
WDC.OQ,2013-05-31,0.145441389268893
WDC.OQ,2013-06-28,-0.0153871959193975
WDC.OQ,2013-07-31,0.0368819455492553
WDC.OQ,2013-08-30,-0.0369680024597284
WDC.OQ,2013-09-30,0.0266179977039085
WDC.OQ,2013-10-31,0.0982649842220786
WDC.OQ,2013-11-29,0.0776963952337497
WDC.OQ,2013-12-31,0.122133118147456
WDC.OQ,2014-01-31,0.0270560190860745
WDC.OQ,2014-02-28,0.0095160728700918
WDC.OQ,2014-03-31,0.0590684245478655
WDC.OQ,2014-04-30,-0.0401873230349398
WDC.OQ,2014-05-30,-0.003177124677635
WDC.OQ,2014-06-30,0.0552255690343404
WDC.OQ,2014-07-31,0.0815817985071307
WDC.OQ,2014-08-29,0.0318541520688618
WDC.OQ,2014-09-30,-0.055237355598924
WDC.OQ,2014-10-31,0.0150640028737239
WDC.OQ,2014-11-28,0.0498119345340913
WDC.OQ,2014-12-31,0.0757651386927176
WDC.OQ,2015-01-30,-0.121680216789905
WDC.OQ,2015-02-27,0.100277692079667
WDC.OQ,2015-03-31,-0.1446064685004709
WDC.OQ,2015-04-30,0.0739479178034177
WDC.OQ,2015-05-29,-0.0038878657646701
WDC.OQ,2015-06-30,-0.1894001643347879
WDC.OQ,2015-07-31,0.0974241264836131
WDC.OQ,2015-08-31,-0.0476411805821982
WDC.OQ,2015-09-30,-0.0246461688337255
WDC.OQ,2015-10-30,-0.158862034252587
WDC.OQ,2015-11-30,-0.0659982041545056
WDC.OQ,2015-12-31,-0.0299354358857561
WDC.OQ,2016-01-29,-0.200999167348651
WDC.OQ,2016-02-29,-0.0927469779129435
WDC.OQ,2016-03-31,0.0969887489641343
WDC.OQ,2016-04-29,-0.134949195577032
WDC.OQ,2016-05-31,0.138871895275482
WDC.OQ,2016-06-30,0.0266051086131537
WDC.OQ,2016-07-29,0.0052898857715366
WDC.OQ,2016-08-31,-0.017680488345873
WDC.OQ,2016-09-30,0.263637558029517
WDC.OQ,2016-10-31,-0.0005130836511498
WDC.OQ,2016-11-30,0.0893223819451878
WDC.OQ,2016-12-30,0.0751004911956097
WDC.OQ,2017-01-31,0.173362766755975
WDC.OQ,2017-02-28,-0.0357456415545528
WDC.OQ,2017-03-31,0.0800858911983939
WDC.OQ,2017-04-28,0.0792439112974725
WDC.OQ,2017-05-31,0.0111148534809269
WDC.OQ,2017-06-30,-0.0109600609842039
WDC.OQ,2017-07-31,-0.0392776523600206
WDC.OQ,2017-08-31,0.0370065789370242
WDC.OQ,2017-09-29,-0.0155408130717772
WDC.OQ,2017-10-31,0.0332175925813938
WDC.OQ,2017-11-30,-0.116612523819733
WDC.OQ,2017-12-29,0.0147491447981409
WDC.OQ,2018-01-31,0.118823085632615
WDC.OQ,2018-02-28,-0.02180265230129
WDC.OQ,2018-03-29,0.0659248014026972
WDC.OQ,2018-04-30,-0.146092987969667
WDC.OQ,2018-05-31,0.0599060794518813
WDC.OQ,2018-06-29,-0.067020479946168
WDC.OQ,2018-07-31,-0.0937863325310061
WDC.OQ,2018-08-31,-0.0985032074264319
WDC.OQ,2018-09-28,-0.0663783900784557
WDC.OQ,2018-10-31,-0.264263751286896
WDC.OQ,2018-11-30,0.0538657998656482
WDC.OQ,2018-12-31,-0.174463884007839
WDC.OQ,2019-01-31,0.216932648098123
WDC.OQ,2019-02-28,0.118026228049539
WDC.OQ,2019-03-29,-0.0340905387333559
WDC.OQ,2019-04-30,0.0636704119731908
WDC.OQ,2019-05-31,-0.271909233180237
WDC.OQ,2019-06-28,0.29187721747599
WDC.OQ,2019-07-31,0.133333333311191
WDC.OQ,2019-08-30,0.0627203562702061
WDC.OQ,2019-09-30,0.0413829229928238
WDC.OQ,2019-10-31,-0.1264762916920579
WDC.OQ,2019-11-29,-0.0255566311812783
WDC.OQ,2019-12-31,0.261076892508712
WDC.OQ,2020-01-31,0.039846945682996
WDC.OQ,2020-02-28,-0.151755725190289
WDC.OQ,2020-03-31,-0.25089992800187
WDC.OQ,2020-04-30,0.1215761653062929
WDC.OQ,2020-05-29,-0.0371093749908613
WDC.OQ,2020-06-30,-0.0049583051560715
WDC.OQ,2020-07-31,-0.023782559453136
WDC.OQ,2020-08-31,-0.108584686781044
WDC.OQ,2020-09-30,-0.0486725663919146
WDC.OQ,2020-10-30,0.0322845417162132
WDC.OQ,2020-11-30,0.1895043732004339
WDC.OQ,2020-12-31,0.234180035667334
WDC.OQ,2021-01-29,0.0187759523343944
WDC.OQ,2021-02-26,0.214424951285903
WDC.OQ,2021-03-31,-0.0259740259680313
WDC.OQ,2021-04-30,0.0581273408161267
WDC.OQ,2021-05-28,0.0651281325001063
WDC.OQ,2021-06-30,-0.0539678319907732
WDC.OQ,2021-07-30,-0.0876773921577332
WDC.OQ,2021-08-31,-0.0266440782375654
WDC.OQ,2021-09-30,-0.106962025302158
WDC.OQ,2021-10-29,-0.0735294117520007
WDC.OQ,2021-11-30,0.106138841070151
WDC.OQ,2021-12-31,0.12742047026611
WDC.OQ,2022-01-31,-0.206563410530303
WDC.OQ,2022-02-28,-0.0154619250058866
WDC.OQ,2022-03-31,-0.0253239104851346
WDC.OQ,2022-04-29,0.0688821752289959
WDC.OQ,2022-05-31,0.143583945731887
WDC.OQ,2022-06-30,-0.261328060635064
WDC.OQ,2022-07-29,0.0952487173481196
WDC.OQ,2022-08-31,-0.139307535667419
WDC.OQ,2022-09-30,-0.229768102200628
WDC.OQ,2022-10-31,0.055913978468253
WDC.OQ,2022-11-30,0.0692464358367961
WDC.OQ,2022-12-30,-0.141496598642166
WDC.OQ,2023-01-31,0.393026941354458
WDC.OQ,2023-02-28,-0.124459613201363
WDC.OQ,2023-03-31,-0.0210498960355768
WDC.OQ,2023-04-28,-0.0857446243672633
WDC.OQ,2023-05-31,0.1245644599228539
WDC.OQ,2023-06-30,-0.0206558223736624
WDC.OQ,2023-07-31,0.12206696549546
WDC.OQ,2023-08-31,0.0573308270818735
WDC.OQ,2023-09-29,0.0139999999745022
WDC.OQ,2023-10-31,-0.120096427799663
WDC.OQ,2023-11-30,0.2032378580716139
WDC.OQ,2023-12-29,0.084040571318301
WDC.OQ,2024-01-31,0.0931831200947551
LLY.N,2000-01-31,0.0056390977425815
LLY.N,2000-02-29,-0.107465109670933
LLY.N,2000-03-31,0.0599369085203489
LLY.N,2000-04-28,0.227182539676545
LLY.N,2000-05-31,-0.0119406232127405
LLY.N,2000-06-30,0.311986863719482
LLY.N,2000-07-31,0.0400500625797715
LLY.N,2000-08-31,-0.294859268291871
LLY.N,2000-09-29,0.111301369858
LLY.N,2000-10-31,0.10169491526222
LLY.N,2000-11-30,0.0514162818341544
LLY.N,2000-12-29,-0.0066711140710475
LLY.N,2001-01-31,-0.15325721961297
LLY.N,2001-02-28,0.0119053904694919
LLY.N,2001-03-30,-0.0352378554904938
LLY.N,2001-04-30,0.108792068876817
LLY.N,2001-05-31,-0.0002038841999138
LLY.N,2001-06-29,-0.1263282172422909
LLY.N,2001-07-31,0.0713513513577912
LLY.N,2001-08-31,-0.0173178862175642
LLY.N,2001-09-28,0.0395465670372279
LLY.N,2001-10-31,-0.0520446096685835
LLY.N,2001-11-30,0.0844852144638175
LLY.N,2001-12-31,-0.0499576629942975
LLY.N,2002-01-31,-0.0437993379088141
LLY.N,2002-02-28,0.0124954955782454
LLY.N,2002-03-28,0.0062062590823339
LLY.N,2002-04-30,-0.133202099730114
LLY.N,2002-05-31,-0.0157369261193885
LLY.N,2002-06-28,-0.128284389489482
LLY.N,2002-07-31,0.0358156028232379
LLY.N,2002-08-30,-0.0008327933100467
LLY.N,2002-09-30,-0.0466838932148421
LLY.N,2002-10-31,0.0028912179269768
LLY.N,2002-11-29,0.236958305097693
LLY.N,2002-12-31,-0.0702781844953581
LLY.N,2003-01-31,-0.0513385826707219
LLY.N,2003-02-28,-0.0557479145477762
LLY.N,2003-03-31,0.0104314002901318
LLY.N,2003-04-30,0.116710411193281
LLY.N,2003-05-30,-0.0585421601109004
LLY.N,2003-06-30,0.153923372931066
LLY.N,2003-07-31,-0.045382050183431
LLY.N,2003-08-29,0.0159222469578835
LLY.N,2003-09-30,-0.107169697881679
LLY.N,2003-10-31,0.121548821525267
LLY.N,2003-11-28,0.0343289555054012
LLY.N,2003-12-31,0.0258168028017984
LLY.N,2004-01-30,-0.03256078484638
LLY.N,2004-02-27,0.0918781337287139
LLY.N,2004-03-31,-0.0952123343215532
LLY.N,2004-04-30,0.1032884902919479
LLY.N,2004-05-28,0.0029102743775206
LLY.N,2004-06-30,-0.0510384145338044
LLY.N,2004-07-30,-0.0885424116838441
LLY.N,2004-08-31,0.0014096090177384
LLY.N,2004-09-30,-0.0535855003552803
LLY.N,2004-10-29,-0.0855953372147434
LLY.N,2004-11-30,-0.0225754169770981
LLY.N,2004-12-31,0.064129008057501
LLY.N,2005-01-31,-0.0442290748832504
LLY.N,2005-02-28,0.0395173935074173
LLY.N,2005-03-31,-0.0696428571490625
LLY.N,2005-04-29,0.122264875236685
LLY.N,2005-05-31,0.0035418053800981
LLY.N,2005-06-30,-0.0444253859253911
LLY.N,2005-07-29,0.0109495602353561
LLY.N,2005-08-31,-0.0161616426272926
LLY.N,2005-09-30,-0.0272628135520622
LLY.N,2005-10-31,-0.0696935724999213
LLY.N,2005-11-30,0.0217583109418324
LLY.N,2005-12-30,0.120594059384738
LLY.N,2006-01-31,0.0005301289959531
LLY.N,2006-02-28,-0.0105625005290005
LLY.N,2006-03-31,-0.0057533261527053
LLY.N,2006-04-28,-0.0430379746735883
LLY.N,2006-05-31,-0.01655198684015
LLY.N,2006-06-30,0.070294345453576
LLY.N,2006-07-31,0.0271394970123322
LLY.N,2006-08-31,-0.0075470739546146
LLY.N,2006-09-29,0.0191310566711798
LLY.N,2006-10-31,-0.0173684210440896
LLY.N,2006-11-30,-0.0361270776213145
LLY.N,2006-12-29,-0.0278036946997249
LLY.N,2007-01-31,0.0387715930960075
LLY.N,2007-02-28,-0.0197309834641648
LLY.N,2007-03-30,0.0203267477156712
LLY.N,2007-04-30,0.100912306830441
LLY.N,2007-05-31,-0.0014141384253614
LLY.N,2007-06-29,-0.046741726386229
LLY.N,2007-07-31,-0.0320329276946481
LLY.N,2007-08-31,0.0681851623314507
LLY.N,2007-09-28,-0.007323452458833
LLY.N,2007-10-31,-0.0488318988078577
LLY.N,2007-11-30,-0.014265875343822
LLY.N,2007-12-31,0.0083097261662952
LLY.N,2008-01-31,-0.0350252856187291
LLY.N,2008-02-29,-0.0200502268100541
LLY.N,2008-03-31,0.031387445029181
LLY.N,2008-04-30,-0.0668734250776593
LLY.N,2008-05-30,0.00988433227574
LLY.N,2008-06-30,-0.041130037410636
LLY.N,2008-07-31,0.0205805892726115
LLY.N,2008-08-29,-0.0001444816769664
LLY.N,2008-09-30,-0.0561629153382298
LLY.N,2008-10-31,-0.23188734952147
LLY.N,2008-11-28,0.0245929898555552
LLY.N,2008-12-31,0.1792093704118079
LLY.N,2009-01-30,-0.0856717159042495
LLY.N,2009-02-27,-0.191416258083179
LLY.N,2009-03-31,0.137168141591472
LLY.N,2009-04-30,-0.0146662676012401
LLY.N,2009-05-29,0.0647604693699049
LLY.N,2009-06-30,0.0020248770510409
LLY.N,2009-07-31,0.0072170900808543
LLY.N,2009-08-31,-0.0267201124703218
LLY.N,2009-09-30,-0.0128511655686381
LLY.N,2009-10-30,0.0296699969640518
LLY.N,2009-11-30,0.0949889164984223
LLY.N,2009-12-31,-0.0277702151001725
LLY.N,2010-01-29,-0.0142817137974296
LLY.N,2010-02-26,-0.010442107650081
LLY.N,2010-03-31,0.0547466511665648
LLY.N,2010-04-30,-0.0345113196908705
LLY.N,2010-05-28,-0.0491288598054496
LLY.N,2010-06-30,0.0216529429775225
LLY.N,2010-07-30,0.0626865671938309
LLY.N,2010-08-31,-0.0447203866199392
LLY.N,2010-09-30,0.0884982121576721
LLY.N,2010-10-29,-0.0364084314157586
LLY.N,2010-11-30,-0.0303586739222611
LLY.N,2010-12-31,0.0409982174790584
LLY.N,2011-01-31,-0.0077054794487322
LLY.N,2011-02-28,0.0080692489479388
LLY.N,2011-03-31,0.0176504629744758
LLY.N,2011-04-29,0.0523173159044201
LLY.N,2011-05-31,0.0530278325676501
LLY.N,2011-06-30,-0.0246881496930509
LLY.N,2011-07-29,0.0205169197858717
LLY.N,2011-08-31,-0.0070319307272931
LLY.N,2011-09-30,-0.0143961610354313
LLY.N,2011-10-31,0.0051393021499177
LLY.N,2011-11-30,0.0319741681087082
LLY.N,2011-12-30,0.098018494065462
LLY.N,2012-01-31,-0.0437921077955116
LLY.N,2012-02-29,-0.0001278581170838
LLY.N,2012-03-30,0.0262487257949441
LLY.N,2012-04-30,0.0278122671944667
LLY.N,2012-05-31,0.0011190738878275
LLY.N,2012-06-29,0.0478632478494028
LLY.N,2012-07-31,0.0261011419261877
LLY.N,2012-08-31,0.0316610592825703
LLY.N,2012-09-28,0.0556668893302965
LLY.N,2012-10-31,0.0257329677177069
LLY.N,2012-11-30,0.0189132157616381
LLY.N,2012-12-31,0.0057096248069876
LLY.N,2013-01-31,0.0886050283932691
LLY.N,2013-02-28,0.0274014970578214
LLY.N,2013-03-28,0.0389681668370243
LLY.N,2013-04-30,-0.0248283148328191
LLY.N,2013-05-31,-0.0316678886771806
LLY.N,2013-06-28,-0.0759969902019348
LLY.N,2013-07-31,0.0812296417004941
LLY.N,2013-08-30,-0.0235688090131904
LLY.N,2013-09-30,-0.0208171206279816
LLY.N,2013-10-31,-0.0101331214014693
LLY.N,2013-11-29,0.017800104107883
LLY.N,2013-12-31,0.015531660694756
LLY.N,2014-01-31,0.0590196078472478
LLY.N,2014-02-28,0.113827139882238
LLY.N,2014-03-31,-0.0125817815968912
LLY.N,2014-04-30,0.0040774719628273
LLY.N,2014-05-30,0.0211257357028769
LLY.N,2014-06-30,0.0385900434212354
LLY.N,2014-07-31,-0.0178542705667529
LLY.N,2014-08-29,0.0493615921375494
LLY.N,2014-09-30,0.0202957835012789
LLY.N,2014-10-31,0.0228218966785112
LLY.N,2014-11-28,0.0344525014562027
LLY.N,2014-12-31,0.01277157956922
LLY.N,2015-01-30,0.0436295115241545
LLY.N,2015-02-27,-0.0184503812515578
LLY.N,2015-03-31,0.0353427390520222
LLY.N,2015-04-30,-0.0107364074197828
LLY.N,2015-05-29,0.105328609279921
LLY.N,2015-06-30,0.0581749049308398
LLY.N,2015-07-31,0.0122170319432542
LLY.N,2015-08-31,-0.0197157323448207
LLY.N,2015-09-30,0.0162720097021263
LLY.N,2015-10-30,-0.0253315808569952
LLY.N,2015-11-30,0.0120432233143983
LLY.N,2015-12-31,0.0270599707519077
LLY.N,2016-01-29,-0.0612390220763824
LLY.N,2016-02-29,-0.0834066773954197
LLY.N,2016-03-31,0.0001388889008779
LLY.N,2016-04-29,0.0488820997198553
LLY.N,2016-05-31,1.913704307688e-05
LLY.N,2016-06-30,0.0495801679496914
LLY.N,2016-07-29,0.0525714285608034
LLY.N,2016-08-31,-0.0560717725169234
LLY.N,2016-09-30,0.0322829582052515
LLY.N,2016-10-31,-0.0799900324133512
LLY.N,2016-11-30,-0.0850899667637308
LLY.N,2016-12-30,0.0957985697203627
LLY.N,2017-01-31,0.047314751863748
LLY.N,2017-02-28,0.0822238007233935
LLY.N,2017-03-31,0.0156985871165274
LLY.N,2017-04-28,-0.0243728450817904
LLY.N,2017-05-31,-0.0240581697874982
LLY.N,2017-06-30,0.0343094131199326
LLY.N,2017-07-31,0.004374240574223
LLY.N,2017-08-31,-0.0102722344088624
LLY.N,2017-09-29,0.0522819535021868
LLY.N,2017-10-31,-0.0420855739908469
LLY.N,2017-11-30,0.0394624500452778
LLY.N,2017-12-29,-0.0021266540458628
LLY.N,2018-01-31,-0.0356381719268091
LLY.N,2018-02-28,-0.0474840150019162
LLY.N,2018-03-29,0.0045442742227501
LLY.N,2018-04-30,0.0478221532989553
LLY.N,2018-05-31,0.0562383880638291
LLY.N,2018-06-29,0.0034101599151332
LLY.N,2018-07-31,0.157974920890445
LLY.N,2018-08-31,0.0750948909295075
LLY.N,2018-09-28,0.0157122574640549
LLY.N,2018-10-31,0.0105302394990658
LLY.N,2018-11-30,0.0996655434819649
LLY.N,2018-12-31,-0.0246122724356151
LLY.N,2019-01-31,0.0357760110632059
LLY.N,2019-02-28,0.0592740910031759
LLY.N,2019-03-29,0.0274764431233989
LLY.N,2019-04-30,-0.098027127009049
LLY.N,2019-05-31,-0.0039248564641806
LLY.N,2019-06-28,-0.0444195273478155
LLY.N,2019-07-31,-0.0166079971308625
LLY.N,2019-08-30,0.0429616633913736
LLY.N,2019-09-30,-0.0100911746649558
LLY.N,2019-10-31,0.01895734598404
LLY.N,2019-11-29,0.0358008879131406
LLY.N,2019-12-31,0.1199829569702849
LLY.N,2020-01-31,0.0624667123138528
LLY.N,2020-02-28,-0.092035059735206
LLY.N,2020-03-31,0.0998176484558786
LLY.N,2020-04-30,0.1147635525006059
LLY.N,2020-05-29,-0.0063073630797642
LLY.N,2020-06-30,0.0734226871478436
LLY.N,2020-07-31,-0.0846022658031687
LLY.N,2020-08-31,-0.0077861519430864
LLY.N,2020-09-30,-0.0024934294802918
LLY.N,2020-10-30,-0.1186326171928049
LLY.N,2020-11-30,0.1222922095050249
LLY.N,2020-12-31,0.159217301741482
LLY.N,2021-01-29,0.2317578772797439
LLY.N,2021-02-26,-0.0106760952774224
LLY.N,2021-03-31,-0.0881936649177442
LLY.N,2021-04-30,-0.0216786211386479
LLY.N,2021-05-28,0.0976141025170754
LLY.N,2021-06-30,0.149093821961263
LLY.N,2021-07-30,0.0609097246463177
LLY.N,2021-08-31,0.0641613487496195
LLY.N,2021-09-30,-0.105462851815481
LLY.N,2021-10-29,0.102618480852815
LLY.N,2021-11-30,-0.0231904809666129
LLY.N,2021-12-31,0.1136107079469559
LLY.N,2022-01-31,-0.11161393094085
LLY.N,2022-02-28,0.0228359815328694
LLY.N,2022-03-31,0.145709141807301
LLY.N,2022-04-29,0.0201138387242601
LLY.N,2022-05-31,0.0765525307675918
LLY.N,2022-06-30,0.0344244512567822
LLY.N,2022-07-29,0.0168398976120156
LLY.N,2022-08-31,-0.0834171184919114
LLY.N,2022-09-30,0.0734322610622362
LLY.N,2022-10-31,0.119808257316433
LLY.N,2022-11-30,0.0276487619605155
LLY.N,2022-12-30,-0.0141209442831562
LLY.N,2023-01-31,-0.0592882134089179
LLY.N,2023-02-28,-0.0927448785544832
LLY.N,2023-03-31,0.103463787679524
LLY.N,2023-04-28,0.152699318637991
LLY.N,2023-05-31,0.0877003801353045
LLY.N,2023-06-30,0.0920225399318511
LLY.N,2023-07-31,-0.0307689027381811
LLY.N,2023-08-31,0.221788639346607
LLY.N,2023-09-29,-0.0308011548213193
LLY.N,2023-10-31,0.031277344371321
LLY.N,2023-11-30,0.0689679337766789
LLY.N,2023-12-29,-0.0137384948615551
LLY.N,2024-01-31,0.107544774564712
BRO.N,2000-01-31,-0.104404567711069
BRO.N,2000-02-29,-0.0350861174587069
BRO.N,2000-03-31,0.172348484837304
BRO.N,2000-04-28,0.0371567043753389
BRO.N,2000-05-31,0.165746792785949
BRO.N,2000-06-30,0.115281501345515
BRO.N,2000-07-31,-0.0769230769068637
BRO.N,2000-08-31,0.114841687279962
BRO.N,2000-09-29,0.1920374706922299
BRO.N,2000-10-31,0.0216110019681774
BRO.N,2000-11-30,-0.0247606837350534
BRO.N,2000-12-29,0.106719367571283
BRO.N,2001-01-31,-0.0157142857242319
BRO.N,2001-02-28,0.134518097122689
BRO.N,2001-03-30,-0.1269230769102519
BRO.N,2001-04-30,0.245227606451092
BRO.N,2001-05-31,-0.0337501273101811
BRO.N,2001-06-29,0.0266503667406428
BRO.N,2001-07-31,0.1514646344488
BRO.N,2001-08-31,-0.0837944524696981
BRO.N,2001-09-28,0.177933529277405
BRO.N,2001-10-31,0.1017274472192499
BRO.N,2001-11-30,0.016240650404223
BRO.N,2001-12-31,-0.0624999999947011
BRO.N,2002-01-31,0.272893772917701
BRO.N,2002-02-28,0.0077376662580206
BRO.N,2002-03-28,-0.102087503568905
BRO.N,2002-04-30,0.0573248407530821
BRO.N,2002-05-31,0.0752127813562398
BRO.N,2002-06-28,-0.116409537166315
BRO.N,2002-07-31,-0.0866666666637432
BRO.N,2002-08-30,0.0185322085981039
BRO.N,2002-09-30,0.0256410256349164
BRO.N,2002-10-31,0.0133333333477446
BRO.N,2002-11-29,0.134517178985596
BRO.N,2002-12-31,-0.0610110400809406
BRO.N,2003-01-31,-0.0785891089184119
BRO.N,2003-02-28,-0.030384606347441
BRO.N,2003-03-31,0.0863983344805025
BRO.N,2003-04-30,0.1424465027231559
BRO.N,2003-05-30,-0.007336735988847
BRO.N,2003-06-30,-0.0832157968824352
BRO.N,2003-07-31,-0.0461538461329614
BRO.N,2003-08-29,0.0018815445229161
BRO.N,2003-09-30,-0.0070967741737566
BRO.N,2003-10-31,-0.0107212475524666
BRO.N,2003-11-28,0.0352003455749246
BRO.N,2003-12-31,0.0368839427552003
BRO.N,2004-01-30,0.0628641520916111
BRO.N,2004-02-27,0.0667570686424426
BRO.N,2004-03-31,0.0504065040647694
BRO.N,2004-04-30,0.0064499483754976
BRO.N,2004-05-28,0.0266679462152286
BRO.N,2004-06-30,0.0780390195132772
BRO.N,2004-07-30,-0.0134570765805174
BRO.N,2004-08-31,0.0577145486913655
BRO.N,2004-09-30,0.0178173719258761
BRO.N,2004-10-29,-0.0862144419990005
BRO.N,2004-11-30,-0.0271272843532612
BRO.N,2004-12-31,0.0739827373341351
BRO.N,2005-01-31,-0.0048220436411108
BRO.N,2005-02-28,0.072584373561394
BRO.N,2005-03-31,-0.0066810344818776
BRO.N,2005-04-29,-0.0507702321365304
BRO.N,2005-05-31,0.0203527591173362
BRO.N,2005-06-30,0.0085278276400999
BRO.N,2005-07-29,-0.0360480640814738
BRO.N,2005-08-31,0.0978260869580491
BRO.N,2005-09-30,0.0467663787477262
BRO.N,2005-10-31,0.095391426826392
BRO.N,2005-11-30,0.0741763298112608
BRO.N,2005-12-30,0.046607265241174
BRO.N,2006-01-31,-0.0592665356802056
BRO.N,2006-02-28,0.0903268922323379
BRO.N,2006-03-31,0.0617204988992479
BRO.N,2006-04-28,-0.059337349403913
BRO.N,2006-05-31,-0.0227740119831968
BRO.N,2006-06-30,-0.0410239579850403
BRO.N,2006-07-31,0.0742642025830052
BRO.N,2006-08-31,-0.0446546568172927
BRO.N,2006-09-29,0.0207080828326038
BRO.N,2006-10-31,-0.0425392669937527
BRO.N,2006-11-30,-0.0068345626677571
BRO.N,2006-12-29,-0.0272413792930445
BRO.N,2007-01-31,0.0038993265129576
BRO.N,2007-02-28,-0.0039240576952096
BRO.N,2007-03-30,-0.0390763765864514
BRO.N,2007-04-30,-0.0480591497256549
BRO.N,2007-05-31,0.0143547133121524
BRO.N,2007-06-29,-0.0353031466118116
BRO.N,2007-07-31,0.0222752585414179
BRO.N,2007-08-31,0.0498220422805031
BRO.N,2007-09-28,-0.0230312035704939
BRO.N,2007-10-31,-0.0422053231926932
BRO.N,2007-11-30,-0.0206145817363562
BRO.N,2007-12-31,-0.0447154471664937
BRO.N,2008-01-31,-0.0421276595571
BRO.N,2008-02-29,-0.20552074907258
BRO.N,2008-03-31,-0.0252383623120309
BRO.N,2008-04-30,0.104718066739087
BRO.N,2008-05-30,0.0177423535340624
BRO.N,2008-06-30,-0.10683102206898
BRO.N,2008-07-31,0.0103507763250779
BRO.N,2008-08-29,0.161137576221563
BRO.N,2008-09-30,0.0639763779538998
BRO.N,2008-10-31,-0.0508788159098107
BRO.N,2008-11-28,-0.026817231191554
BRO.N,2008-12-31,0.0502512562907138
BRO.N,2009-01-30,-0.0846889952073271
BRO.N,2009-02-27,-0.114774879155624
BRO.N,2009-03-31,0.12092471844194
BRO.N,2009-04-30,0.0290851401547172
BRO.N,2009-05-29,-0.005250482049914
BRO.N,2009-06-30,0.0337136929432729
BRO.N,2009-07-31,-0.0376317109752018
BRO.N,2009-08-31,0.039951336407321
BRO.N,2009-09-30,-0.0357322596749603
BRO.N,2009-10-30,-0.041231732793752
BRO.N,2009-11-30,-0.0241874268341664
BRO.N,2009-12-31,0.0067226890579186
BRO.N,2010-01-29,-0.0205898719961746
BRO.N,2010-02-26,-0.0423950428636085
BRO.N,2010-03-31,0.0679380214800842
BRO.N,2010-04-30,0.1238839285774369
BRO.N,2010-05-28,-0.0230692842388103
BRO.N,2010-06-30,-0.0234693877613424
BRO.N,2010-07-30,0.0459770115008731
BRO.N,2010-08-31,-0.0452877142728237
BRO.N,2010-09-30,0.0603991596619815
BRO.N,2010-10-29,0.104011887078774
BRO.N,2010-11-30,0.0297130189949513
BRO.N,2010-12-31,0.0467861827654414
BRO.N,2011-01-31,0.0375939849654323
BRO.N,2011-02-28,0.0557350565157713
BRO.N,2011-03-31,-0.0130068860119636
BRO.N,2011-04-29,0.0019379845073992
BRO.N,2011-05-31,0.0240950539044726
BRO.N,2011-06-30,-0.0276619931772374
BRO.N,2011-07-29,-0.15003897116767
BRO.N,2011-08-31,-0.0324875183285295
BRO.N,2011-09-30,-0.152784388385513
BRO.N,2011-10-31,0.245224719117025
BRO.N,2011-11-30,-0.0552536231923163
BRO.N,2011-12-30,0.0848513902216728
BRO.N,2012-01-31,0.0103762192700456
BRO.N,2012-02-29,0.0373134328367257
BRO.N,2012-03-30,0.0063478628858948
BRO.N,2012-04-30,0.134146341479334
BRO.N,2012-05-31,-0.0478022956505659
BRO.N,2012-06-29,0.0652343750009563
BRO.N,2012-07-31,-0.0744407774150505
BRO.N,2012-08-31,0.0430918584309918
BRO.N,2012-09-28,-0.0064786585243272
BRO.N,2012-10-31,-0.0199462984536576
BRO.N,2012-11-30,0.0541409954456114
BRO.N,2012-12-31,-0.0514157972846089
BRO.N,2013-01-31,0.0774036388753543
BRO.N,2013-02-28,0.0972933431040362
BRO.N,2013-03-28,0.0679999999876122
BRO.N,2013-04-30,-0.0299360123715606
BRO.N,2013-05-31,0.0413036463206795
BRO.N,2013-06-28,-0.0009296560224211
BRO.N,2013-07-31,0.0232630272904444
BRO.N,2013-08-30,-0.053542445110025
BRO.N,2013-09-30,0.0308285163620534
BRO.N,2013-10-31,-0.0022531112290115
BRO.N,2013-11-29,-0.0097087378804252
BRO.N,2013-12-31,-0.0072738772905741
BRO.N,2014-01-31,0.0031857279594274
BRO.N,2014-02-28,-0.041025420198807
BRO.N,2014-03-31,0.0219269103118756
BRO.N,2014-04-30,-0.0318595578708116
BRO.N,2014-05-30,0.0171855916046895
BRO.N,2014-06-30,0.0172242464292944
BRO.N,2014-07-31,0.0022793878263576
BRO.N,2014-08-29,0.0632549024413307
BRO.N,2014-09-30,-0.0144083384426766
BRO.N,2014-10-31,-0.0055684198615207
BRO.N,2014-11-28,0.0106716886382516
BRO.N,2014-12-31,0.0220496894689388
BRO.N,2015-01-30,-0.0625949559578138
BRO.N,2015-02-27,0.0454567880806476
BRO.N,2015-03-31,0.0301804604893766
BRO.N,2015-04-30,-0.0317124735713046
BRO.N,2015-05-29,0.0137715179905125
BRO.N,2015-06-30,0.0145106514304938
BRO.N,2015-07-31,0.0179549604164007
BRO.N,2015-08-31,-0.0384186578205952
BRO.N,2015-09-30,-0.0339987523615906
BRO.N,2015-10-30,0.0419761058966734
BRO.N,2015-11-30,0.0096909467749664
BRO.N,2015-12-31,-0.0110905730222791
BRO.N,2016-01-29,-0.0576323987546186
BRO.N,2016-02-29,0.0723933038170939
BRO.N,2016-03-31,0.108016094076536
BRO.N,2016-04-29,-0.0192737430216459
BRO.N,2016-05-31,0.0306392183083612
BRO.N,2016-06-30,0.0391014974839983
BRO.N,2016-07-29,-0.0216172938512834
BRO.N,2016-08-31,0.0254926639066365
BRO.N,2016-09-30,0.0064051241082678
BRO.N,2016-10-31,-0.0189458599596067
BRO.N,2016-11-30,0.176071622375312
BRO.N,2016-12-30,0.0348327566341628
BRO.N,2017-01-31,-0.0608559964379911
BRO.N,2017-02-28,0.0263161840843367
BRO.N,2017-03-31,-0.0320185615313583
BRO.N,2017-04-28,0.0282837967408802
BRO.N,2017-05-31,0.0155318950708161
BRO.N,2017-06-30,-0.0082892010093064
BRO.N,2017-07-31,0.0355235662899904
BRO.N,2017-08-31,0.0111724480401735
BRO.N,2017-09-29,0.0718416370432207
BRO.N,2017-10-31,0.0373811439648326
BRO.N,2017-11-30,0.0282905297185349
BRO.N,2017-12-29,0.0040975609721829
BRO.N,2018-01-31,0.0198212203769332
BRO.N,2018-02-28,0.0058774572603037
BRO.N,2018-03-29,-0.0334346504443277
BRO.N,2018-04-30,0.0703616352232888
BRO.N,2018-05-31,0.0229908243200398
BRO.N,2018-06-29,-0.001799856017552
BRO.N,2018-07-31,0.0551749008282734
BRO.N,2018-08-31,0.0443372550318766
BRO.N,2018-09-28,-0.0298556430515799
BRO.N,2018-10-31,-0.0442920223061853
BRO.N,2018-11-30,0.0298083747562161
BRO.N,2018-12-31,-0.050310130939084
BRO.N,2019-01-31,-0.0145137881089026
BRO.N,2019-02-28,0.0936847466338568
BRO.N,2019-03-29,-0.0037137069559932
BRO.N,2019-04-30,0.0759064723832024
BRO.N,2019-05-31,-0.0031865679622881
BRO.N,2019-06-28,0.0611339879598828
BRO.N,2019-07-31,0.0725373134121257
BRO.N,2019-08-30,0.0290008504240744
BRO.N,2019-09-30,-0.0224993223095176
BRO.N,2019-10-31,0.0449251248248357
BRO.N,2019-11-29,0.0038541885282241
BRO.N,2019-12-31,0.0461049284306998
BRO.N,2020-01-31,0.137284701136627
BRO.N,2020-02-28,-0.0403300140425222
BRO.N,2020-03-31,-0.157870262735536
BRO.N,2020-04-30,-0.0085588072634899
BRO.N,2020-05-29,0.121996036197798
BRO.N,2020-06-30,0.0139303482645956
BRO.N,2020-07-31,0.115554465148412
BRO.N,2020-08-31,0.0223610641807279
BRO.N,2020-09-30,-0.0243534482829986
BRO.N,2020-10-30,-0.0388778440606039
BRO.N,2020-11-30,0.0370945032791177
BRO.N,2020-12-31,0.0528536531225638
BRO.N,2021-01-29,-0.0911200168638585
BRO.N,2021-02-26,0.0674563030138786
BRO.N,2021-03-31,-0.0041394335653557
BRO.N,2021-04-30,0.163421570782194
BRO.N,2021-05-28,-0.0107092090688565
BRO.N,2021-06-30,0.0118050266516982
BRO.N,2021-07-30,0.0237109521792955
BRO.N,2021-08-31,0.0688945009628923
BRO.N,2021-09-30,-0.0447889750345392
BRO.N,2021-10-29,0.138142470709888
BRO.N,2021-11-30,0.0222665995654785
BRO.N,2021-12-31,0.0911349169654201
BRO.N,2022-01-31,-0.0569151963486596
BRO.N,2022-02-28,0.0216353647052365
BRO.N,2022-03-31,0.0689247152717507
BRO.N,2022-04-29,-0.142382731427112
BRO.N,2022-05-31,-0.0404245118820313
BRO.N,2022-06-30,-0.0173488293722724
BRO.N,2022-07-29,0.115872471726547
BRO.N,2022-08-31,-0.0301287209163601
BRO.N,2022-09-30,-0.0406091370467266
BRO.N,2022-10-31,-0.0279431217019853
BRO.N,2022-11-30,0.0155952226152107
BRO.N,2022-12-30,-0.0439671085759874
BRO.N,2023-01-31,0.0279094260098609
BRO.N,2023-02-28,-0.0406434010568566
BRO.N,2023-03-31,0.0240770465394383
BRO.N,2023-04-28,0.1213862765842979
BRO.N,2023-05-31,-0.0302880460129351
BRO.N,2023-06-30,0.104444087914334
BRO.N,2023-07-31,0.0233875653613577
BRO.N,2023-08-31,0.0535318631982944
BRO.N,2023-09-29,-0.0574898785256575
BRO.N,2023-10-31,-0.0041523482091929
BRO.N,2023-11-30,0.0766349754859026
BRO.N,2023-12-29,-0.0485683703761667
BRO.N,2024-01-31,0.0907045422618356
PCG.N,2000-01-31,0.0701219512009199
PCG.N,2000-02-29,-0.0598290598355273
PCG.N,2000-03-31,0.032814371238927
PCG.N,2000-04-28,0.235119047603779
PCG.N,2000-05-31,1.444134e-11
PCG.N,2000-06-30,-0.0397262558645302
PCG.N,2000-07-31,0.0507614213091645
PCG.N,2000-08-31,0.118357487931502
PCG.N,2000-09-29,-0.155874507366543
PCG.N,2000-10-31,0.113695090454524
PCG.N,2000-11-30,0.018561484924174
PCG.N,2000-12-29,-0.26074949101043
PCG.N,2001-01-31,-0.28750000001393
PCG.N,2001-02-28,-0.0203508772024002
PCG.N,2001-03-30,-0.108166189117943
PCG.N,2001-04-30,-0.279518072302207
PCG.N,2001-05-31,0.270903010028013
PCG.N,2001-06-29,-0.0175438596587938
PCG.N,2001-07-31,0.327678571434398
PCG.N,2001-08-31,0.10289172829722
PCG.N,2001-09-28,-0.0731707317100234
PCG.N,2001-10-31,0.188157894760472
PCG.N,2001-11-30,0.0132890365656264
PCG.N,2001-12-31,0.0513661202181965
PCG.N,2002-01-31,0.117463617450043
PCG.N,2002-02-28,-0.0134883721058131
PCG.N,2002-03-28,0.110796793975972
PCG.N,2002-04-30,-0.0025466892958847
PCG.N,2002-05-31,-0.0851063829661898
PCG.N,2002-06-28,-0.167906976740271
PCG.N,2002-07-31,-0.223029625484964
PCG.N,2002-08-30,-0.183453237428166
PCG.N,2002-09-30,-0.0079295154170318
PCG.N,2002-10-31,-0.0364120781308895
PCG.N,2002-11-29,0.272811059918751
PCG.N,2002-12-31,0.0065170166799044
PCG.N,2003-01-31,-0.0071942445860747
PCG.N,2003-02-28,-0.076086956520148
PCG.N,2003-03-31,0.0549019607695305
PCG.N,2003-04-30,0.1137546468343009
PCG.N,2003-05-30,0.134846461974999
PCG.N,2003-06-30,0.2441176470441849
PCG.N,2003-07-31,0.0141843971484963
PCG.N,2003-08-29,0.0335664335794241
PCG.N,2003-09-30,0.0780333784355427
PCG.N,2003-10-31,0.0230125523065495
PCG.N,2003-11-28,0.0274028629814915
PCG.N,2003-12-31,0.1054936305561519
PCG.N,2004-01-30,-0.0331292761921047
PCG.N,2004-02-27,0.0491620111652697
PCG.N,2004-03-31,0.0283990060420896
PCG.N,2004-04-30,-0.0500517777045881
PCG.N,2004-05-28,0.0356104651267588
PCG.N,2004-06-30,-0.0196491228294908
PCG.N,2004-07-30,0.0214745884253458
PCG.N,2004-08-31,0.0227750525638175
PCG.N,2004-09-30,0.0414525522157982
PCG.N,2004-10-29,0.0539473684144878
PCG.N,2004-11-30,0.0380774032327131
PCG.N,2004-12-31,0.0006013228869585
PCG.N,2005-01-31,0.0516826922981444
PCG.N,2005-02-28,0.0051428571277027
PCG.N,2005-03-31,-0.0219851398267561
PCG.N,2005-04-29,0.0181818181866624
PCG.N,2005-05-31,0.0302419354450409
PCG.N,2005-06-30,0.0578966187194954
PCG.N,2005-07-29,0.00239744272995
PCG.N,2005-08-31,-0.0029231995759151
PCG.N,2005-09-30,0.0540518607723797
PCG.N,2005-10-31,-0.0731210191105499
PCG.N,2005-11-30,0.0109950522309951
PCG.N,2005-12-30,0.0182479546403642
PCG.N,2006-01-31,0.0051185344870767
PCG.N,2006-02-28,0.0198338247175196
PCG.N,2006-03-31,0.0308542188892653
PCG.N,2006-04-28,0.0241645244212361
PCG.N,2006-05-31,-0.0040160642336105
PCG.N,2006-06-30,-0.0016633973373683
PCG.N,2006-07-31,0.0610997963360981
PCG.N,2006-08-31,0.0059980806018751
PCG.N,2006-09-29,0.0011083397253466
PCG.N,2006-10-31,0.0357743097077849
PCG.N,2006-11-30,0.0646731571628327
PCG.N,2006-12-29,0.0376013258160339
PCG.N,2007-01-31,-0.0137333614954934
PCG.N,2007-02-28,-0.0055698371835353
PCG.N,2007-03-30,0.0475561300252287
PCG.N,2007-04-30,0.0482701470853262
PCG.N,2007-05-31,-0.0264822134329893
PCG.N,2007-06-29,-0.0730654393145146
PCG.N,2007-07-31,-0.0549668874175444
PCG.N,2007-08-31,0.0394767577852932
PCG.N,2007-09-28,0.0821684206088147
PCG.N,2007-10-31,0.0236401673745537
PCG.N,2007-11-30,-0.0543633762533363
PCG.N,2007-12-31,-0.0610057502860287
PCG.N,2008-01-31,-0.0475748433495853
PCG.N,2008-02-29,-0.0823586744611319
PCG.N,2008-03-31,-0.0119321146624581
PCG.N,2008-04-30,0.0863661053928118
PCG.N,2008-05-30,-0.0102499999997352
PCG.N,2008-06-30,0.0126080228349119
PCG.N,2008-07-31,-0.0292265054087765
PCG.N,2008-08-29,0.0726706462687385
PCG.N,2008-09-30,-0.0846661462585715
PCG.N,2008-10-31,-0.0208277703797112
PCG.N,2008-11-28,0.0373602399744219
PCG.N,2008-12-31,0.0280624618913663
PCG.N,2009-01-30,-0.0010333246913183
PCG.N,2009-02-27,-0.0116369278308259
PCG.N,2009-03-31,0.0108247422709875
PCG.N,2009-04-30,-0.0287807430566758
PCG.N,2009-05-29,-0.0110452586325996
PCG.N,2009-06-30,0.0587118184110589
PCG.N,2009-07-31,0.0502081165462422
PCG.N,2009-08-31,0.0054495912840117
PCG.N,2009-09-30,0.0077649830982133
PCG.N,2009-10-30,0.0098789824547216
PCG.N,2009-11-30,0.0354609928950722
PCG.N,2009-12-31,0.0642991444207082
PCG.N,2010-01-29,-0.0539753639533506
PCG.N,2010-02-26,-0.0075757575852127
PCG.N,2010-03-31,0.0226826083042739
PCG.N,2010-04-30,0.0325318246017344
PCG.N,2010-05-28,-0.0525114155346471
PCG.N,2010-06-30,0.0011082728248346
PCG.N,2010-07-30,0.0802919708111527
PCG.N,2010-08-31,0.0531531531267525
PCG.N,2010-09-30,-0.0189542038528536
PCG.N,2010-10-29,0.0528401585305911
PCG.N,2010-11-30,-0.0186114596602697
PCG.N,2010-12-31,0.0290737281462866
PCG.N,2011-01-31,-0.0326086956682173
PCG.N,2011-02-28,-0.0047536732948794
PCG.N,2011-03-31,-0.0307973051698887
PCG.N,2011-04-29,0.0430058850370034
PCG.N,2011-05-31,-0.0585937499949667
PCG.N,2011-06-30,-0.0204694441028496
PCG.N,2011-07-29,-0.0142755175001933
PCG.N,2011-08-31,0.02220613081733
PCG.N,2011-09-30,0.0096837398408076
PCG.N,2011-10-31,0.0139446939235575
PCG.N,2011-11-30,-0.094638694656345
PCG.N,2011-12-30,0.0730978675451518
PCG.N,2012-01-31,-0.0135856380380254
PCG.N,2012-02-29,0.0250860796873948
PCG.N,2012-03-30,0.0525633103883416
PCG.N,2012-04-30,0.0177378484232533
PCG.N,2012-05-31,-0.0108646446318165
PCG.N,2012-06-29,0.0464197984192756
PCG.N,2012-07-31,0.019659818843587
PCG.N,2012-08-31,-0.059575389942882
PCG.N,2012-09-28,-0.0065010496031002
PCG.N,2012-10-31,-0.0035153503793204
PCG.N,2012-11-30,-0.0369238005523153
PCG.N,2012-12-31,-0.0076478854603257
PCG.N,2013-01-31,0.061224489787109
PCG.N,2013-02-28,-1.968492e-11
PCG.N,2013-03-28,0.0551905207452743
PCG.N,2013-04-30,0.0878059734795091
PCG.N,2013-05-31,-0.0728736581404572
PCG.N,2013-06-28,0.0286398225013269
PCG.N,2013-07-31,0.0034987972849815
PCG.N,2013-08-30,-0.0987143168507581
PCG.N,2013-09-30,0.0003305026551709
PCG.N,2013-10-31,0.0227272727294052
PCG.N,2013-11-29,-0.0353643966474549
PCG.N,2013-12-31,0.0090413673485443
PCG.N,2014-01-31,0.0464250248357139
PCG.N,2014-02-28,0.0453143534915268
PCG.N,2014-03-31,-0.0092961310546984
PCG.N,2014-04-30,0.0550925925712613
PCG.N,2014-05-30,0.0063624396712718
PCG.N,2014-06-30,0.0569632583706128
PCG.N,2014-07-31,-0.0697625989119226
PCG.N,2014-08-29,0.0405193642243362
PCG.N,2014-09-30,-0.0210328808654382
PCG.N,2014-10-31,0.117229129607493
PCG.N,2014-11-28,0.0035771065204532
PCG.N,2014-12-31,0.0629821825344743
PCG.N,2015-01-30,0.1046205860177929
PCG.N,2015-02-27,-0.0863798673683382
PCG.N,2015-03-31,-0.003642783993196
PCG.N,2015-04-30,-0.002826455644183
PCG.N,2015-05-29,0.0103930461098016
PCG.N,2015-06-30,-0.0733213569579613
PCG.N,2015-07-31,0.0694501018457934
PCG.N,2015-08-31,-0.0557988954675367
PCG.N,2015-09-30,0.0742620244335093
PCG.N,2015-10-30,0.0113636363496157
PCG.N,2015-11-30,-0.012546816484636
PCG.N,2015-12-31,0.0172531287525918
PCG.N,2016-01-29,0.0323369054471125
PCG.N,2016-02-29,0.0331451465799888
PCG.N,2016-03-31,0.0607980639314865
PCG.N,2016-04-29,-0.0254521098495488
PCG.N,2016-05-31,0.0323024055071672
PCG.N,2016-06-30,0.0722692393027313
PCG.N,2016-07-29,0.0003128910857275
PCG.N,2016-08-31,-0.0312793243375115
PCG.N,2016-09-30,-0.0046739530081261
PCG.N,2016-10-31,0.0155304887961189
PCG.N,2016-11-30,-0.0534449452435498
PCG.N,2016-12-30,0.0419324403998542
PCG.N,2017-01-31,0.0184301464682548
PCG.N,2017-02-28,0.0785264178467955
PCG.N,2017-03-31,0.0014683806188
PCG.N,2017-04-28,0.0103978300310321
PCG.N,2017-05-31,0.0198359433322046
PCG.N,2017-06-30,-0.0216120956228743
PCG.N,2017-07-31,0.0198885038349263
PCG.N,2017-08-31,0.0397399911208476
PCG.N,2017-09-29,-0.0250026778206864
PCG.N,2017-10-31,-0.151564106325475
PCG.N,2017-11-30,-0.0611043794465358
PCG.N,2017-12-29,-0.173488200600098
PCG.N,2018-01-31,-0.0535355788383002
PCG.N,2018-02-28,-0.031581428236293
PCG.N,2018-03-29,0.069116573369705
PCG.N,2018-04-30,0.0493967675810918
PCG.N,2018-05-31,-0.0600867679087816
PCG.N,2018-06-29,-0.0177705977637979
PCG.N,2018-07-31,0.0122180451059293
PCG.N,2018-08-31,0.0719591457713977
PCG.N,2018-09-28,-0.0036812472882372
PCG.N,2018-10-31,0.0173875244603474
PCG.N,2018-11-30,-0.436445204010936
PCG.N,2018-12-31,-0.099696739959501
PCG.N,2019-01-31,-0.452631578948673
PCG.N,2019-02-28,0.309999999986695
PCG.N,2019-03-29,0.0452143276806707
PCG.N,2019-04-30,0.265168539368606
PCG.N,2019-05-31,-0.240674955600051
PCG.N,2019-06-28,0.3403508771818759
PCG.N,2019-07-31,-0.208987783600403
PCG.N,2019-08-30,-0.4236072807605899
PCG.N,2019-09-30,-0.0430622009727666
PCG.N,2019-10-31,-0.382999999996354
PCG.N,2019-11-29,0.209076175068287
PCG.N,2019-12-31,0.457104557637757
PCG.N,2020-01-31,0.399264029438946
PCG.N,2020-02-28,0.0190664036929125
PCG.N,2020-03-31,-0.419999999981652
PCG.N,2020-04-30,0.183537263633312
PCG.N,2020-05-29,0.114661654122733
PCG.N,2020-06-30,-0.252107925797453
PCG.N,2020-07-31,0.0541149943555608
PCG.N,2020-08-31,-0.0096256684410437
PCG.N,2020-09-30,0.0140388768941408
PCG.N,2020-10-30,0.0181043663389011
PCG.N,2020-11-30,0.328451882839079
PCG.N,2020-12-31,-0.0188976377880654
PCG.N,2021-01-29,-0.0826645264917312
PCG.N,2021-02-26,-0.0804899387690563
PCG.N,2021-03-31,0.1141769742844149
PCG.N,2021-04-30,-0.0333048676129171
PCG.N,2021-05-28,-0.104240282679279
PCG.N,2021-06-30,0.0029585798931308
PCG.N,2021-07-30,-0.135693215329183
PCG.N,2021-08-31,0.0432309442411771
PCG.N,2021-09-30,0.0468920392683226
PCG.N,2021-10-29,0.208333333296072
PCG.N,2021-11-30,0.0241379310613392
PCG.N,2021-12-31,0.02188552189854
PCG.N,2022-01-31,0.0535420098822845
PCG.N,2022-02-28,-0.111024237686003
PCG.N,2022-03-31,0.0501319261508653
PCG.N,2022-04-29,0.0594639865637462
PCG.N,2022-05-31,-0.0355731225378193
PCG.N,2022-06-30,-0.181967213105782
PCG.N,2022-07-29,0.0881763527230788
PCG.N,2022-08-31,0.135359116040242
PCG.N,2022-09-30,0.0137875101165502
PCG.N,2022-10-31,0.19440000000148
PCG.N,2022-11-30,0.0515740120838979
PCG.N,2022-12-30,0.0356687898045309
PCG.N,2023-01-31,-0.0221402213978957
PCG.N,2023-02-28,-0.0176100628972042
PCG.N,2023-03-31,0.0352112675962442
PCG.N,2023-04-28,0.0581323438551681
PCG.N,2023-05-31,-0.0099357101345921
PCG.N,2023-06-30,0.0200708382226698
PCG.N,2023-07-31,0.0190972222268397
PCG.N,2023-08-31,-0.0743895513644154
PCG.N,2023-09-29,-0.0104294478627311
PCG.N,2023-10-31,0.010539367664806
PCG.N,2023-11-30,0.053374233138366
PCG.N,2023-12-29,0.0506684836134432
PCG.N,2024-01-31,-0.0643372157458786
RMD.N,2000-01-31,0.0284431137585983
RMD.N,2000-02-29,0.737991266368428
RMD.N,2000-03-31,-0.0435510887767877
RMD.N,2000-04-28,-0.0472854641123609
RMD.N,2000-05-31,-0.29411764705714
RMD.N,2000-06-30,0.1145833333042559
RMD.N,2000-07-31,0.0373831775747739
RMD.N,2000-08-31,0.326576576608689
RMD.N,2000-09-29,-0.151103565371123
RMD.N,2000-10-31,-0.1840000000019049
RMD.N,2000-11-30,0.375000000004976
RMD.N,2000-12-29,0.1372549019228049
RMD.N,2001-01-31,0.0532915360224389
RMD.N,2001-02-28,0.0704761904796443
RMD.N,2001-03-30,-0.101423487545293
RMD.N,2001-04-30,0.108910891095412
RMD.N,2001-05-31,0.218749999984058
RMD.N,2001-06-29,-0.0741758241852797
RMD.N,2001-07-31,0.0425321463878503
RMD.N,2001-08-31,0.0426944971311001
RMD.N,2001-09-28,-0.0755232028942234
RMD.N,2001-10-31,0.0984251968853
RMD.N,2001-11-30,0.0483870967569937
RMD.N,2001-12-31,-0.0782905982667121
RMD.N,2002-01-31,-0.202522255192952
RMD.N,2002-02-28,-0.154418604662176
RMD.N,2002-03-28,0.103685368518294
RMD.N,2002-04-30,-0.0752554198611295
RMD.N,2002-05-31,-0.260307194834977
RMD.N,2002-06-28,0.0710382513596934
RMD.N,2002-07-31,-0.0778911564751318
RMD.N,2002-08-30,0.147547030626303
RMD.N,2002-09-30,-0.0806814529069189
RMD.N,2002-10-31,0.180769230797044
RMD.N,2002-11-29,-0.0402724311428665
RMD.N,2002-12-31,-0.0567726010701364
RMD.N,2003-01-31,0.0843964671319234
RMD.N,2003-02-28,-0.0524886878125459
RMD.N,2003-03-31,0.0181470869294401
RMD.N,2003-04-30,0.146966854299615
RMD.N,2003-05-30,0.0850599781822274
RMD.N,2003-06-30,-0.0150753768822013
RMD.N,2003-07-31,0.0127551020448355
RMD.N,2003-08-29,0.0906801007586404
RMD.N,2003-09-30,0.0157043880048591
RMD.N,2003-10-31,-0.0502501136859964
RMD.N,2003-11-28,-0.066315537465824
RMD.N,2003-12-31,0.0651282051163564
RMD.N,2004-01-30,0.0604236880315476
RMD.N,2004-02-27,0.0683314415454965
RMD.N,2004-03-31,-0.0397365065923328
RMD.N,2004-04-30,0.090506749281777
RMD.N,2004-05-28,0.0308441558253467
RMD.N,2004-06-30,0.003149606276706
RMD.N,2004-07-30,-0.0384615384586963
RMD.N,2004-08-31,-0.0251020408103702
RMD.N,2004-09-30,-0.0033493824613111
RMD.N,2004-10-29,-0.0128124343520678
RMD.N,2004-11-30,0.0651063829834906
RMD.N,2004-12-31,0.020775069914149
RMD.N,2005-01-31,0.0039138943407051
RMD.N,2005-02-28,0.1491228070064389
RMD.N,2005-03-31,-0.0432569974418612
RMD.N,2005-04-29,0.101063829800164
RMD.N,2005-05-31,0.0059581320204364
RMD.N,2005-06-30,0.0563470465930982
RMD.N,2005-07-29,0.0153053492931356
RMD.N,2005-08-31,0.0797014925726351
RMD.N,2005-09-30,0.101050594429609
RMD.N,2005-10-31,-0.0425612052767266
RMD.N,2005-11-30,0.0700236034513134
RMD.N,2005-12-30,-0.0610294117567969
RMD.N,2006-01-31,0.0294962150801523
RMD.N,2006-02-28,0.0291582149967018
RMD.N,2006-03-31,0.0835181079284255
RMD.N,2006-04-28,-0.0188722146335208
RMD.N,2006-05-31,0.0535341831064884
RMD.N,2006-06-30,0.0327760668530586
RMD.N,2006-07-31,-0.0115015974186872
RMD.N,2006-08-31,-0.123464770529422
RMD.N,2006-09-29,-0.010570304815654
RMD.N,2006-10-31,0.0929192546498312
RMD.N,2006-11-30,0.136621959552491
RMD.N,2006-12-29,-0.0156000000029057
RMD.N,2007-01-31,0.0682649329310216
RMD.N,2007-02-28,-0.0912894636788357
RMD.N,2007-03-30,0.0542067810675064
RMD.N,2007-04-30,-0.161008536805326
RMD.N,2007-05-31,0.0667297680853026
RMD.N,2007-06-29,-0.0847382431142033
RMD.N,2007-07-31,0.0416868637655592
RMD.N,2007-08-31,-0.0539785947014751
RMD.N,2007-09-28,0.0543531726533888
RMD.N,2007-10-31,-0.0335899230283978
RMD.N,2007-11-30,0.1054791213995629
RMD.N,2007-12-31,0.146943231458571
RMD.N,2008-01-31,-0.11326860842585
RMD.N,2008-02-29,-0.130742808066747
RMD.N,2008-03-31,0.0417387008917756
RMD.N,2008-04-30,0.0222854433429505
RMD.N,2008-05-30,-0.0865027829016418
RMD.N,2008-06-30,-0.0926631124505382
RMD.N,2008-07-31,0.0581980973658489
RMD.N,2008-08-29,0.237440507647779
RMD.N,2008-09-30,-0.0811965811874276
RMD.N,2008-10-31,-0.2032558139622139
RMD.N,2008-11-28,0.0607122008188334
RMD.N,2008-12-31,0.0313703907624585
RMD.N,2009-01-30,0.064567769478701
RMD.N,2009-02-27,-0.0756892230584085
RMD.N,2009-03-31,-0.0417570498967969
RMD.N,2009-04-30,0.0880022637197864
RMD.N,2009-05-29,-0.0358907672150404
RMD.N,2009-06-30,0.0987321284134759
RMD.N,2009-07-31,0.0066290203913772
RMD.N,2009-08-31,0.119756097564109
RMD.N,2009-09-30,-0.0154650402886376
RMD.N,2009-10-30,0.0887168141683602
RMD.N,2009-11-30,0.0215403373136126
RMD.N,2009-12-31,0.0397851601369547
RMD.N,2010-01-29,-0.0216185192417374
RMD.N,2010-02-26,0.116151740348265
RMD.N,2010-03-31,0.115101611784619
RMD.N,2010-04-30,0.0750981932470463
RMD.N,2010-05-28,-0.080958643883393
RMD.N,2010-06-30,-0.0330736205921107
RMD.N,2010-07-30,0.0802499588767123
RMD.N,2010-08-31,-0.0823565230557431
RMD.N,2010-09-30,0.0885865958925976
RMD.N,2010-10-29,-0.0286498019076294
RMD.N,2010-11-30,0.0025101976599843
RMD.N,2010-12-31,0.0841940532258956
RMD.N,2011-01-31,-0.0909353348758851
RMD.N,2011-02-28,0.003493172427631
RMD.N,2011-03-31,-0.0506329113928271
RMD.N,2011-04-29,0.0630000000131703
RMD.N,2011-05-31,0.0097209156414142
RMD.N,2011-06-30,-0.0388198758034402
RMD.N,2011-07-29,-0.0213247172705859
RMD.N,2011-08-31,0.0224496533559746
RMD.N,2011-09-30,-0.0703907006818557
RMD.N,2011-10-31,-0.0170197985266307
RMD.N,2011-11-30,-0.0795053003607915
RMD.N,2011-12-30,-0.0249520153640953
RMD.N,2012-01-31,0.142913385817619
RMD.N,2012-02-29,0.009300723376763
RMD.N,2012-03-30,0.0549488054486606
RMD.N,2012-04-30,0.1002911679051
RMD.N,2012-05-31,-0.0890914436928217
RMD.N,2012-06-29,0.007101355728734
RMD.N,2012-07-31,0.0115384615241694
RMD.N,2012-08-31,0.190430925205756
RMD.N,2012-09-28,0.0819518519832836
RMD.N,2012-10-31,-0.0130961205760301
RMD.N,2012-11-30,0.0332662036342017
RMD.N,2012-12-31,0.0116816743765054
RMD.N,2013-01-31,0.0536444551397592
RMD.N,2013-02-28,0.0197524538918801
RMD.N,2013-03-28,0.0420319172799064
RMD.N,2013-04-30,0.0358067299392528
RMD.N,2013-05-31,0.0029773394562284
RMD.N,2013-06-28,-0.0597916666638838
RMD.N,2013-07-31,0.0558386882411729
RMD.N,2013-08-30,-0.0035993809214236
RMD.N,2013-09-30,0.118120237101488
RMD.N,2013-10-31,-0.0204468004405821
RMD.N,2013-11-29,-0.0520094634432977
RMD.N,2013-12-31,-0.0354435566608307
RMD.N,2014-01-31,-0.0737043330583056
RMD.N,2014-02-28,0.0149185745943016
RMD.N,2014-03-31,0.015220354398902
RMD.N,2014-04-30,0.115462072024867
RMD.N,2014-05-30,0.0091771061666321
RMD.N,2014-06-30,0.0113863363923898
RMD.N,2014-07-31,0.0219237606204192
RMD.N,2014-08-29,0.0308902061368416
RMD.N,2014-09-30,-0.0712535343805324
RMD.N,2014-10-31,0.0598741627887118
RMD.N,2014-11-28,0.0242188717038136
RMD.N,2014-12-31,0.0537593985102454
RMD.N,2015-01-30,0.11434177666901
RMD.N,2015-02-27,0.0347774331893937
RMD.N,2015-03-31,0.115288999408686
RMD.N,2015-04-30,-0.109222624686843
RMD.N,2015-05-29,-0.0755426230729646
RMD.N,2015-06-30,-0.0416524991722049
RMD.N,2015-07-31,0.028029093487081
RMD.N,2015-08-31,-0.0988114435646271
RMD.N,2015-09-30,-0.0188679245168792
RMD.N,2015-10-30,0.130494505493659
RMD.N,2015-11-30,0.0394092724186537
RMD.N,2015-12-31,-0.0987074030659997
RMD.N,2016-01-29,0.0560625814915348
RMD.N,2016-02-29,0.0089697252513174
RMD.N,2016-03-31,0.0159901598820227
RMD.N,2016-04-29,-0.0349360083084641
RMD.N,2016-05-31,0.0639711983902751
RMD.N,2016-06-30,0.07060616323194
RMD.N,2016-07-29,0.0893563182017232
RMD.N,2016-08-31,-0.0271699086765913
RMD.N,2016-09-30,-0.0284900284957604
RMD.N,2016-10-31,-0.0774810927787866
RMD.N,2016-11-30,0.0345037699071018
RMD.N,2016-12-30,0.0092713077581558
RMD.N,2017-01-31,0.0884770346432764
RMD.N,2017-02-28,0.0715848555405398
RMD.N,2017-03-31,-0.000832986230814
RMD.N,2017-04-28,-0.0553008197709018
RMD.N,2017-05-31,0.0508575688791957
RMD.N,2017-06-30,0.0952180028061882
RMD.N,2017-07-31,-0.0096314370066672
RMD.N,2017-08-31,0.0108251341406738
RMD.N,2017-09-29,-0.0079917504855233
RMD.N,2017-10-31,0.0938149688368982
RMD.N,2017-11-30,0.0188128955497795
RMD.N,2017-12-29,-0.0083138173240626
RMD.N,2018-01-31,0.190105089134939
RMD.N,2018-02-28,-0.0511942585126959
RMD.N,2018-03-29,0.0335887477648104
RMD.N,2018-04-30,-0.0388950949612552
RMD.N,2018-05-31,0.0902005502349454
RMD.N,2018-06-29,0.0074895438098432
RMD.N,2018-07-31,0.0212396215479267
RMD.N,2018-08-31,0.056860901182942
RMD.N,2018-09-28,0.0352751099402278
RMD.N,2018-10-31,-0.0816715796651478
RMD.N,2018-11-30,0.0590487511322858
RMD.N,2018-12-31,0.0186063154165634
RMD.N,2019-01-31,-0.164222358833563
RMD.N,2019-02-28,0.0804505156371111
RMD.N,2019-03-29,0.015034657829992
RMD.N,2019-04-30,0.0051938059042999
RMD.N,2019-05-31,0.0955790457819896
RMD.N,2019-06-28,0.0693130038332443
RMD.N,2019-07-31,0.0546586904810644
RMD.N,2019-08-30,0.0855806962389476
RMD.N,2019-09-30,-0.0300789662607185
RMD.N,2019-10-31,0.0948116349769638
RMD.N,2019-11-29,0.014110924542525
RMD.N,2019-12-31,0.0358957219325371
RMD.N,2020-01-31,0.0258114473808619
RMD.N,2020-02-28,0.0021944200428334
RMD.N,2020-03-31,-0.0734146955145338
RMD.N,2020-04-30,0.0545182972329337
RMD.N,2020-05-29,0.0378674795711103
RMD.N,2020-06-30,0.193881358037322
RMD.N,2020-07-31,0.0547395833506217
RMD.N,2020-08-31,-0.105405334555821
RMD.N,2020-09-30,-0.0517203230221275
RMD.N,2020-10-30,0.1196406696709589
RMD.N,2020-11-30,0.0940157598448401
RMD.N,2020-12-31,0.0141221373969698
RMD.N,2021-01-29,-0.0517030485590829
RMD.N,2021-02-26,-0.0417464371844551
RMD.N,2021-03-31,0.0064322024712644
RMD.N,2021-04-30,-0.031182352327969
RMD.N,2021-05-28,0.0973423263291907
RMD.N,2021-06-30,0.197571046894478
RMD.N,2021-07-30,0.102547460657209
RMD.N,2021-08-31,0.0705167965078437
RMD.N,2021-09-30,-0.0928647644052557
RMD.N,2021-10-29,-0.0024283817254681
RMD.N,2021-11-30,-0.0291008913523659
RMD.N,2021-12-31,0.0220914263344297
RMD.N,2022-01-31,-0.122389434894301
RMD.N,2022-02-28,0.0812356084105842
RMD.N,2022-03-31,-0.0171833839838422
RMD.N,2022-04-29,-0.175415446776109
RMD.N,2022-05-31,0.0196845728649854
RMD.N,2022-06-30,0.0303253710640414
RMD.N,2022-07-29,0.14735486334336
RMD.N,2022-08-31,-0.0839459951218288
RMD.N,2022-09-30,-0.0073663150204906
RMD.N,2022-10-31,0.0246907924924991
RMD.N,2022-11-30,0.0312390529247818
RMD.N,2022-12-30,-0.0958731537577285
RMD.N,2023-01-31,0.0972469129706557
RMD.N,2023-02-28,-0.0654457714734842
RMD.N,2023-03-31,0.0281220657355818
RMD.N,2023-04-28,0.100324215724777
RMD.N,2023-05-31,-0.123559072050131
RMD.N,2023-06-30,0.0365766877183205
RMD.N,2023-07-31,0.0176201372896161
RMD.N,2023-08-31,-0.280274417578507
RMD.N,2023-09-29,-0.0734381853594448
RMD.N,2023-10-31,-0.0449719348070956
RMD.N,2023-11-30,0.120513205252193
RMD.N,2023-12-29,0.0905978570898635
RMD.N,2024-01-31,0.105685385404253
COO.OQ,2000-01-31,0.0041493775933607
COO.OQ,2000-02-29,-0.0929752066115701
COO.OQ,2000-03-31,0.174059225512528
COO.OQ,2000-04-28,0.0446601941747578
COO.OQ,2000-05-31,0.0260223048327135
COO.OQ,2000-06-30,0.0549187081586111
COO.OQ,2000-07-31,-0.0343642611683851
COO.OQ,2000-08-31,-0.0640569395017793
COO.OQ,2000-09-29,0.0766705540565717
COO.OQ,2000-10-31,0.0106007067137814
COO.OQ,2000-11-30,-0.089160839160839
COO.OQ,2000-12-29,0.225327560296984
COO.OQ,2001-01-31,-0.0319749216300942
COO.OQ,2001-02-28,0.0595854922279786
COO.OQ,2001-03-30,0.157701711491442
COO.OQ,2001-04-30,-0.0623020063357973
COO.OQ,2001-05-31,0.0292792792792798
COO.OQ,2001-06-29,0.125939774194539
COO.OQ,2001-07-31,-0.0603112840466921
COO.OQ,2001-08-31,0.0561076604554878
COO.OQ,2001-09-28,-0.0805724367771029
COO.OQ,2001-10-31,0.023454157782516
COO.OQ,2001-11-30,-0.0812499999999998
COO.OQ,2001-12-31,0.134521313766597
COO.OQ,2002-01-31,-0.0626250500200082
COO.OQ,2002-02-28,0.0093916755602985
COO.OQ,2002-03-28,0.0023260731655738
COO.OQ,2002-04-30,0.118143459915612
COO.OQ,2002-05-31,-0.0564150943396227
COO.OQ,2002-06-28,-0.057300865495955
COO.OQ,2002-07-31,-0.067940552016985
COO.OQ,2002-08-30,0.0339407744874707
COO.OQ,2002-09-30,0.1566424322538
COO.OQ,2002-10-31,0.0095238095238094
COO.OQ,2002-11-29,0.0603773584905654
COO.OQ,2002-12-31,-0.108735608122252
COO.OQ,2003-01-31,0.0235811350919264
COO.OQ,2003-02-28,0.134322530261617
COO.OQ,2003-03-31,0.0292598967297761
COO.OQ,2003-04-30,-0.0668896321070237
COO.OQ,2003-05-30,0.2372759856630829
COO.OQ,2003-06-30,0.0081223784284423
COO.OQ,2003-07-31,0.0080529191832041
COO.OQ,2003-08-29,0.0582025677603428
COO.OQ,2003-09-30,0.0986788891884607
COO.OQ,2003-10-31,0.0662576687116576
COO.OQ,2003-11-28,0.0506329113924047
COO.OQ,2003-12-31,0.0331117902459279
COO.OQ,2004-01-30,0.0269467430511356
COO.OQ,2004-02-27,-0.022520661157025
COO.OQ,2004-03-31,0.14140773620799
COO.OQ,2004-04-30,-2.2e-16
COO.OQ,2004-05-28,0.022222222222223
COO.OQ,2004-06-30,0.144990836368667
COO.OQ,2004-07-30,-0.0588887129966749
COO.OQ,2004-08-31,-0.0252312867956264
COO.OQ,2004-09-30,0.182916307161346
COO.OQ,2004-10-29,0.0262582056892776
COO.OQ,2004-11-30,-0.0116560056858566
COO.OQ,2004-12-31,0.0156880407548428
COO.OQ,2005-01-31,0.0865561694290967
COO.OQ,2005-02-28,0.0736636245110824
COO.OQ,2005-03-31,-0.114754098360655
COO.OQ,2005-04-29,-0.0733882030178328
COO.OQ,2005-05-31,-0.0222057735011107
COO.OQ,2005-06-30,-0.0781302655378083
COO.OQ,2005-07-29,0.128820243181071
COO.OQ,2005-08-31,-0.0018922852983983
COO.OQ,2005-09-30,0.117252442759224
COO.OQ,2005-10-31,-0.1014227907583869
COO.OQ,2005-11-30,-0.203951191167926
COO.OQ,2005-12-30,-0.0632763748087444
COO.OQ,2006-01-31,0.0805068226120853
COO.OQ,2006-02-28,-0.0534006855493408
COO.OQ,2006-03-31,0.0297312750142942
COO.OQ,2006-04-28,0.0146215065704235
COO.OQ,2006-05-31,-0.136264137176213
COO.OQ,2006-06-30,-0.0640223125319708
COO.OQ,2006-07-31,-0.002032061413412
COO.OQ,2006-08-31,0.13076923076923
COO.OQ,2006-09-29,0.0704281712685074
COO.OQ,2006-10-31,0.0771962616822433
COO.OQ,2006-11-30,-0.0635085892764184
COO.OQ,2006-12-29,-0.1749131100925179
COO.OQ,2007-01-31,0.0719101123595497
COO.OQ,2007-02-28,-0.0379454926624738
COO.OQ,2007-03-30,0.0594900849858354
COO.OQ,2007-04-30,0.0510078157136982
COO.OQ,2007-05-31,0.0790606653620354
COO.OQ,2007-06-29,-0.0324657650191539
COO.OQ,2007-07-31,-0.059827456864216
COO.OQ,2007-08-31,-0.0273289447436662
COO.OQ,2007-09-28,0.0750615258408536
COO.OQ,2007-10-31,-0.198779091949637
COO.OQ,2007-11-30,0.0245238095238101
COO.OQ,2007-12-31,-0.116223796997321
COO.OQ,2008-01-31,0.0363157894736851
COO.OQ,2008-02-29,-0.131792788217369
COO.OQ,2008-03-31,0.0070195963732084
COO.OQ,2008-04-30,0.016555329654371
COO.OQ,2008-05-30,0.155714285714285
COO.OQ,2008-06-30,-0.0808674782240648
COO.OQ,2008-07-31,-0.0928667563930016
COO.OQ,2008-08-29,0.0928783382789312
COO.OQ,2008-09-30,-0.0562041813738797
COO.OQ,2008-10-31,-0.5258918296892979
COO.OQ,2008-11-28,-0.186893203883495
COO.OQ,2008-12-31,0.223880597014925
COO.OQ,2009-01-30,0.158485043482608
COO.OQ,2009-02-27,0.159198734844491
COO.OQ,2009-03-31,0.202364711232379
COO.OQ,2009-04-30,0.087367624810893
COO.OQ,2009-05-29,-0.0779130434782611
COO.OQ,2009-06-30,-0.067144473783478
COO.OQ,2009-07-31,0.11085839668961
COO.OQ,2009-08-31,-0.0043731778425655
COO.OQ,2009-09-30,0.088213762811127
COO.OQ,2009-10-30,-0.0578540195089133
COO.OQ,2009-11-30,0.195644412709747
COO.OQ,2009-12-31,0.138250223947447
COO.OQ,2010-01-29,-0.072730645641081
COO.OQ,2010-02-26,0.134201585503964
COO.OQ,2010-03-31,-0.0294558162755865
COO.OQ,2010-04-30,0.0002572016460902
COO.OQ,2010-05-28,-0.0521985086140396
COO.OQ,2010-06-30,0.0794899620184486
COO.OQ,2010-07-30,-0.0226142594205914
COO.OQ,2010-08-31,0.0380854348944935
COO.OQ,2010-09-30,0.145761031234506
COO.OQ,2010-10-29,0.0675032453483346
COO.OQ,2010-11-30,0.0843129306850427
COO.OQ,2010-12-31,0.0530841121495319
COO.OQ,2011-01-31,0.0182817672872295
COO.OQ,2011-02-28,0.0781304499476814
COO.OQ,2011-03-31,0.123422840504691
COO.OQ,2011-04-29,0.0784737221022322
COO.OQ,2011-05-31,0.0001335113484639
COO.OQ,2011-06-30,0.0578026965692166
COO.OQ,2011-07-29,-0.0343459821106153
COO.OQ,2011-08-31,-0.0159497973591323
COO.OQ,2011-09-30,0.0515477613923212
COO.OQ,2011-10-31,-0.1244472520530639
COO.OQ,2011-11-30,-0.116017316017316
COO.OQ,2011-12-30,0.151158994449886
COO.OQ,2012-01-31,0.0234186592767538
COO.OQ,2012-02-29,0.101746603825893
COO.OQ,2012-03-30,0.0280573729240059
COO.OQ,2012-04-30,0.0790600905641901
COO.OQ,2012-05-31,-0.0339117613700798
COO.OQ,2012-06-29,-0.0636299600845267
COO.OQ,2012-07-31,-0.0560443250280641
COO.OQ,2012-08-31,0.114137656125432
COO.OQ,2012-09-28,0.126535480023852
COO.OQ,2012-10-31,0.0160914672877417
COO.OQ,2012-11-30,-0.0108355907480728
COO.OQ,2012-12-31,-0.0259111017484726
COO.OQ,2013-01-31,0.0962425914086562
COO.OQ,2013-02-28,0.0464726196349285
COO.OQ,2013-03-28,0.017160098057703
COO.OQ,2013-04-30,0.0233592880978866
COO.OQ,2013-05-31,0.0236413043478267
COO.OQ,2013-06-28,0.0534465976462256
COO.OQ,2013-07-31,0.0699687151919803
COO.OQ,2013-08-30,0.0255987436199447
COO.OQ,2013-09-30,-0.0070438710665338
COO.OQ,2013-10-31,-0.0037011334721256
COO.OQ,2013-11-29,0.0195805278229235
COO.OQ,2013-12-31,-0.0599666008805222
COO.OQ,2014-01-31,0.0037893798145254
COO.OQ,2014-02-28,0.0316221435468299
COO.OQ,2014-03-31,0.0713672880430547
COO.OQ,2014-04-30,-0.0396767617938265
COO.OQ,2014-05-30,-0.0219088772648012
COO.OQ,2014-06-30,0.0504572934428771
COO.OQ,2014-07-31,0.187273803797826
COO.OQ,2014-08-29,0.0133639980109401
COO.OQ,2014-09-30,-0.0446543580936021
COO.OQ,2014-10-31,0.052327447833066
COO.OQ,2014-11-28,0.0305064063453326
COO.OQ,2014-12-31,-0.0403197158081708
COO.OQ,2015-01-30,-0.0272128408593049
COO.OQ,2015-02-27,0.0400888043133529
COO.OQ,2015-03-31,0.143013965969385
COO.OQ,2015-04-30,-0.049887952192936
COO.OQ,2015-05-29,0.020778345594429
COO.OQ,2015-06-30,-0.0209055399680914
COO.OQ,2015-07-31,-0.0052773916463692
COO.OQ,2015-08-31,-0.082372881355932
COO.OQ,2015-09-30,-0.0834872552641295
COO.OQ,2015-10-30,0.023512024721215
COO.OQ,2015-11-30,-0.0401023890784988
COO.OQ,2015-12-31,-0.0823931623931622
COO.OQ,2016-01-29,-0.0224911024210204
COO.OQ,2016-02-29,0.0900495615707209
COO.OQ,2016-03-31,0.0770145495243419
COO.OQ,2016-04-29,-0.0057803468208091
COO.OQ,2016-05-31,0.0635615364515294
COO.OQ,2016-06-30,0.053805048829924
COO.OQ,2016-07-29,0.0637098855899945
COO.OQ,2016-08-31,0.0189072176248148
COO.OQ,2016-09-30,-0.0358218588640274
COO.OQ,2016-10-31,-0.017962735691175
COO.OQ,2016-11-30,-0.0656100886162231
COO.OQ,2016-12-30,0.0634689038847347
COO.OQ,2017-01-31,0.0555104629002232
COO.OQ,2017-02-28,0.0787064622718168
COO.OQ,2017-03-31,0.0037661946369389
COO.OQ,2017-04-28,0.0022012106658655
COO.OQ,2017-05-31,0.0919482853292067
COO.OQ,2017-06-30,0.0944914285714284
COO.OQ,2017-07-31,0.0187064649731025
COO.OQ,2017-08-31,0.0285397957928404
COO.OQ,2017-09-29,-0.0546984013076588
COO.OQ,2017-10-31,0.0132849732191815
COO.OQ,2017-11-30,0.0038291850495297
COO.OQ,2017-12-29,-0.0966083423169415
COO.OQ,2018-01-31,0.123097199008377
COO.OQ,2018-02-28,-0.0578329995504148
COO.OQ,2018-03-29,-0.0074180114523686
COO.OQ,2018-04-30,-0.0004370438354963
COO.OQ,2018-05-31,-0.0104936382318227
COO.OQ,2018-06-29,0.0403870796694791
COO.OQ,2018-07-31,0.106525540756355
COO.OQ,2018-08-31,-0.0181190019193857
COO.OQ,2018-09-28,0.0835483618734845
COO.OQ,2018-10-31,-0.06797762944254
COO.OQ,2018-11-30,0.0794394332391315
COO.OQ,2018-12-31,-0.0872574687085317
COO.OQ,2019-01-31,0.0954460347210873
COO.OQ,2019-02-28,0.0259362892811017
COO.OQ,2019-03-29,0.0355956501975587
COO.OQ,2019-04-30,-0.0211027450450749
COO.OQ,2019-05-31,0.0271454194260482
COO.OQ,2019-06-28,0.131300580946304
COO.OQ,2019-07-31,0.0016040845618858
COO.OQ,2019-08-30,-0.0819502074688798
COO.OQ,2019-09-30,-0.0411622276029055
COO.OQ,2019-10-31,-0.0202020202020209
COO.OQ,2019-11-29,0.0759106529209621
COO.OQ,2019-12-31,0.0261905522373755
COO.OQ,2020-01-31,0.0797687730899227
COO.OQ,2020-02-28,-0.0643431635388739
COO.OQ,2020-03-31,-0.150660874387651
COO.OQ,2020-04-30,0.0400116080821269
COO.OQ,2020-05-29,0.1056156260899899
COO.OQ,2020-06-30,-0.10518013754811
COO.OQ,2020-07-31,-0.0023998982405191
COO.OQ,2020-08-31,0.111158237019758
COO.OQ,2020-09-30,0.0723328456008654
COO.OQ,2020-10-30,-0.0536010915994301
COO.OQ,2020-11-30,0.0506817113305122
COO.OQ,2020-12-31,0.0838255474017059
COO.OQ,2021-01-29,0.002061480664808
COO.OQ,2021-02-26,0.0606801450390065
COO.OQ,2021-03-31,-0.0052831947789606
COO.OQ,2021-04-30,0.0697753130776642
COO.OQ,2021-05-28,-0.0424444498527582
COO.OQ,2021-06-30,0.0071673656118949
COO.OQ,2021-07-30,0.0644287865263682
COO.OQ,2021-08-31,0.0686155961780119
COO.OQ,2021-09-30,-0.082980186816356
COO.OQ,2021-10-29,0.0087343640366797
COO.OQ,2021-11-30,-0.0970210112251753
COO.OQ,2021-12-31,0.112811113767365
COO.OQ,2022-01-31,-0.0491947227283334
COO.OQ,2022-02-28,0.0269143861410996
COO.OQ,2022-03-31,0.0209525206591368
COO.OQ,2022-04-29,-0.135419909480591
COO.OQ,2022-05-31,-0.0285286948814537
COO.OQ,2022-06-30,-0.107258938244854
COO.OQ,2022-07-29,0.0444288407944691
COO.OQ,2022-08-31,-0.1209785932721709
COO.OQ,2022-09-30,-0.0818953520734763
COO.OQ,2022-10-31,0.0359605911330052
COO.OQ,2022-11-30,0.157138154285087
COO.OQ,2022-12-30,0.0452663189505282
COO.OQ,2023-01-31,0.0553133149199723
COO.OQ,2023-02-28,-0.062935259221047
COO.OQ,2023-03-31,0.141878459797535
COO.OQ,2023-04-28,0.0216680951360618
COO.OQ,2023-05-31,-0.0260060296238038
COO.OQ,2023-06-30,0.0320297149624529
COO.OQ,2023-07-31,0.0204995380634865
COO.OQ,2023-08-31,-0.0543628277871497
COO.OQ,2023-09-29,-0.140490283521176
COO.OQ,2023-10-31,-0.0196849155686927
COO.OQ,2023-11-30,0.0807377706495596
COO.OQ,2023-12-29,0.123234002137006
COO.OQ,2024-01-31,-0.0142955290138465
AZO.N,2000-01-31,-0.187620889748265
AZO.N,2000-02-29,-0.064285714285888
AZO.N,2000-03-31,0.129770992386577
AZO.N,2000-04-28,-0.173423423417493
AZO.N,2000-05-31,0.220708446871954
AZO.N,2000-06-30,-0.2142857142935439
AZO.N,2000-07-31,0.0397727272902708
AZO.N,2000-08-31,-0.0163934426288109
AZO.N,2000-09-29,0.0083333333457078
AZO.N,2000-10-31,0.181818181822215
AZO.N,2000-11-30,-0.0372960372996013
AZO.N,2000-12-29,0.104116222766801
AZO.N,2001-01-31,-0.0866666666758945
AZO.N,2001-02-28,-0.0295812523964811
AZO.N,2001-03-30,0.109263657934249
AZO.N,2001-04-30,0.118486795148786
AZO.N,2001-05-31,0.0552010210387139
AZO.N,2001-06-29,0.133958270315877
AZO.N,2001-07-31,0.26213333331528
AZO.N,2001-08-31,-0.0238749207727228
AZO.N,2001-09-28,0.122510822508044
AZO.N,2001-10-31,0.128615503311208
AZO.N,2001-11-30,0.149837690088444
AZO.N,2001-12-31,0.0668647845490935
AZO.N,2002-01-31,-0.0577994429033932
AZO.N,2002-02-28,-0.0190687361510662
AZO.N,2002-03-28,0.037522603978996
AZO.N,2002-04-30,0.1038489469926789
AZO.N,2002-05-31,0.0769736842258362
AZO.N,2002-06-28,-0.0555894929796357
AZO.N,2002-07-31,-0.0459249676490697
AZO.N,2002-08-30,-0.0189830508431464
AZO.N,2002-09-30,0.0899792674191393
AZO.N,2002-10-31,0.0876236368295401
AZO.N,2002-11-29,-0.0474524892091572
AZO.N,2002-12-31,-0.135250917985437
AZO.N,2003-01-31,-0.0699221514489039
AZO.N,2003-02-28,0.0013696545456307
AZO.N,2003-03-31,0.0442249239923502
AZO.N,2003-04-30,0.1761024596007629
AZO.N,2003-05-30,0.035515406504385
AZO.N,2003-06-30,-0.0921367112950258
AZO.N,2003-07-31,0.0959589311282274
AZO.N,2003-08-29,0.10257026186389
AZO.N,2003-09-30,-0.0247276688690983
AZO.N,2003-10-31,0.0733832234887406
AZO.N,2003-11-28,-0.0045785639841876
AZO.N,2003-12-31,-0.109241062108399
AZO.N,2004-01-30,-0.0104447834642466
AZO.N,2004-02-27,0.0638045540949579
AZO.N,2004-03-31,-0.0415830546086046
AZO.N,2004-04-30,0.018611143395743
AZO.N,2004-05-28,-0.0093639374171465
AZO.N,2004-06-30,-0.0766570605100367
AZO.N,2004-07-30,-0.036204744084209
AZO.N,2004-08-31,-0.04067357513076
AZO.N,2004-09-30,0.0430731839043237
AZO.N,2004-10-29,0.0590291262209535
AZO.N,2004-11-30,0.0463268549009659
AZO.N,2004-12-31,0.0667056074689092
AZO.N,2005-01-31,-0.0225605081609739
AZO.N,2005-02-28,0.0857142857158426
AZO.N,2005-03-31,-0.115583075327002
AZO.N,2005-04-29,-0.0315052508628481
AZO.N,2005-05-31,0.0906024096461886
AZO.N,2005-06-30,0.0214317277972146
AZO.N,2005-07-29,0.0538611291379667
AZO.N,2005-08-31,-0.030172413801946
AZO.N,2005-09-30,-0.1190476190492769
AZO.N,2005-10-31,-0.028228228244238
AZO.N,2005-11-30,0.1008652657746669
AZO.N,2005-12-30,0.0302043566115862
AZO.N,2006-01-31,0.0653950953823625
AZO.N,2006-02-28,-0.0109462915240279
AZO.N,2006-03-31,0.0311336367550481
AZO.N,2006-04-28,-0.0609890660979501
AZO.N,2006-05-31,-0.0307659438238113
AZO.N,2006-06-30,-0.0278849333349914
AZO.N,2006-07-31,-0.0037414965861695
AZO.N,2006-08-31,0.0276544895705952
AZO.N,2006-09-29,0.143964562560419
AZO.N,2006-10-31,0.0842207163569132
AZO.N,2006-11-30,0.0143750000119254
AZO.N,2006-12-29,0.0171639820349454
AZO.N,2007-01-31,0.0871408792375561
AZO.N,2007-02-28,-0.0027063599307032
AZO.N,2007-03-30,0.0227472264361306
AZO.N,2007-04-30,0.0382394256377976
AZO.N,2007-05-31,-0.0331479254409928
AZO.N,2007-06-29,0.0621161471105966
AZO.N,2007-07-31,-0.0718050065825142
AZO.N,2007-08-31,-0.0435296900972106
AZO.N,2007-09-28,-0.0424602192943293
AZO.N,2007-10-31,0.0712071637812737
AZO.N,2007-11-30,-0.102724861351121
AZO.N,2007-12-31,0.0741736092456822
AZO.N,2008-01-31,0.0080894003544087
AZO.N,2008-02-29,-0.0479814692088616
AZO.N,2008-03-31,-0.0108620090510118
AZO.N,2008-04-30,0.0607924097355161
AZO.N,2008-05-30,0.0481159420402268
AZO.N,2008-06-30,-0.0438527180340762
AZO.N,2008-07-31,0.0766878770321278
AZO.N,2008-08-29,0.053265791722676
AZO.N,2008-09-30,-0.1012169350868759
AZO.N,2008-10-31,0.0320252959160348
AZO.N,2008-11-28,-0.141959305512187
AZO.N,2008-12-31,0.2769639260089629
AZO.N,2009-01-30,-0.0471786047199487
AZO.N,2009-02-27,0.0702836932807822
AZO.N,2009-03-31,0.143359347539047
AZO.N,2009-04-30,0.0231828803359726
AZO.N,2009-05-29,-0.0855820662280858
AZO.N,2009-06-30,-0.0068353598514881
AZO.N,2009-07-31,0.0162795314809767
AZO.N,2009-08-31,-0.0411538711994051
AZO.N,2009-09-30,-0.0069949066111971
AZO.N,2009-10-30,-0.0746135959674271
AZO.N,2009-11-30,0.0928238858957062
AZO.N,2009-12-31,0.0689795090448559
AZO.N,2010-01-29,-0.0192319858161791
AZO.N,2010-02-26,0.0703089724468069
AZO.N,2010-03-31,0.0431507261834979
AZO.N,2010-04-30,0.0688659079468512
AZO.N,2010-05-28,0.0317280147186103
AZO.N,2010-06-30,0.0122590108859069
AZO.N,2010-07-30,0.0949694648733101
AZO.N,2010-08-31,-0.008460556811732
AZO.N,2010-09-30,0.09119077128161
AZO.N,2010-10-29,0.0380935738870176
AZO.N,2010-11-30,0.0916550940491319
AZO.N,2010-12-31,0.0508076018556938
AZO.N,2011-01-31,-0.0699218606759934
AZO.N,2011-02-28,0.0174338342701867
AZO.N,2011-03-31,0.0605156037880761
AZO.N,2011-04-29,0.0322415558021574
AZO.N,2011-05-31,0.0411502230987246
AZO.N,2011-06-30,0.0028911564546458
AZO.N,2011-07-29,-0.0318806172811064
AZO.N,2011-08-31,0.0754948327087133
AZO.N,2011-09-30,0.039706840404051
AZO.N,2011-10-31,0.0137848930003982
AZO.N,2011-11-30,0.0148026824037788
AZO.N,2011-12-30,-0.0103843108767293
AZO.N,2012-01-31,0.0704988152779974
AZO.N,2012-02-29,0.0764631482274205
AZO.N,2012-03-30,-0.0071565904741485
AZO.N,2012-04-30,0.0655190963111922
AZO.N,2012-05-31,-0.0401352988478016
AZO.N,2012-06-29,-0.0344238153014369
AZO.N,2012-07-31,0.021951684497168
AZO.N,2012-08-31,-0.0362177864157945
AZO.N,2012-09-28,0.0222044021771846
AZO.N,2012-10-31,0.0144182649313025
AZO.N,2012-11-30,0.0233866666697
AZO.N,2012-12-31,-0.076452041619051
AZO.N,2013-01-31,0.0430832604219045
AZO.N,2013-02-28,0.0282661617524895
AZO.N,2013-03-28,0.0437195843831524
AZO.N,2013-04-30,0.0310507346857449
AZO.N,2013-05-31,-0.0006355569837805
AZO.N,2013-06-28,0.0363476261402722
AZO.N,2013-07-31,0.0587457810886032
AZO.N,2013-08-30,-0.0638459137632593
AZO.N,2013-09-30,0.0066438062381484
AZO.N,2013-10-31,0.0282922905860199
AZO.N,2013-11-29,0.0619061860260006
AZO.N,2013-12-31,0.0353986135045852
AZO.N,2014-01-31,0.0358203958464436
AZO.N,2014-02-28,0.0876257423349807
AZO.N,2014-03-31,-0.0024886709649736
AZO.N,2014-04-30,-0.0059765406660597
AZO.N,2014-05-30,-0.0026035325670442
AZO.N,2014-06-30,0.0070234742011412
AZO.N,2014-07-31,-0.0358235118371945
AZO.N,2014-08-29,0.0421832388888594
AZO.N,2014-09-30,-0.0541533664838123
AZO.N,2014-10-31,0.0860573716090354
AZO.N,2014-11-28,0.0437021245857736
AZO.N,2014-12-31,0.0716622526781199
AZO.N,2015-01-30,-0.0357771640137479
AZO.N,2015-02-27,0.0765880461009323
AZO.N,2015-03-31,0.0614302607603507
AZO.N,2015-04-30,-0.0139263515466831
AZO.N,2015-05-29,0.001427169746857
AZO.N,2015-06-30,-0.0099759508404135
AZO.N,2015-07-31,0.0510421352599013
AZO.N,2015-08-31,0.0214711672789283
AZO.N,2015-09-30,0.0109498735976498
AZO.N,2015-10-30,0.0836936849897126
AZO.N,2015-11-30,-0.0008158998329382
AZO.N,2015-12-31,-0.0534085254609699
AZO.N,2016-01-29,0.0343437883276323
AZO.N,2016-02-29,0.0093563898218933
AZO.N,2016-03-31,0.0285577804544941
AZO.N,2016-04-29,-0.0394883831906281
AZO.N,2016-05-31,-0.0039595938599141
AZO.N,2016-06-30,0.0415114143528747
AZO.N,2016-07-29,0.0253577547389616
AZO.N,2016-08-31,-0.0886642013735152
AZO.N,2016-09-30,0.0357778376706563
AZO.N,2016-10-31,-0.0340734570687277
AZO.N,2016-11-30,0.0552711005942911
AZO.N,2016-12-30,0.0084399499292386
AZO.N,2017-01-31,-0.0820597880310928
AZO.N,2017-02-28,0.0159590609632862
AZO.N,2017-03-31,-0.0183286945822899
AZO.N,2017-04-28,-0.0426803125651547
AZO.N,2017-05-31,-0.124633409898417
AZO.N,2017-06-30,-0.0585225772486854
AZO.N,2017-07-31,-0.053711040210977
AZO.N,2017-08-31,-0.0210811011140035
AZO.N,2017-09-29,0.1261638028626009
AZO.N,2017-10-31,-0.0094268286771176
AZO.N,2017-11-30,0.1649872773417429
AZO.N,2017-12-29,0.0358349350592868
AZO.N,2018-01-31,0.0760082657375611
AZO.N,2018-02-28,-0.131584448164312
AZO.N,2018-03-29,-0.0241154170082243
AZO.N,2018-04-30,-0.0372597080135374
AZO.N,2018-05-31,0.0397104976759008
AZO.N,2018-06-29,0.0332809708649291
AZO.N,2018-07-31,0.051570208494704
AZO.N,2018-08-31,0.0869559054764706
AZO.N,2018-09-28,0.0115011475216167
AZO.N,2018-10-31,-0.0544411499467747
AZO.N,2018-11-30,0.103071700271613
AZO.N,2018-12-31,0.0361773394023162
AZO.N,2019-01-31,0.0107355010901902
AZO.N,2019-02-28,0.108138409613645
AZO.N,2019-03-29,0.0906844734561195
AZO.N,2019-04-30,0.0040913174127097
AZO.N,2019-05-31,-0.0011669632702439
AZO.N,2019-06-28,0.0704500978502902
AZO.N,2019-07-31,0.0214376017499819
AZO.N,2019-08-30,-0.0190108989733357
AZO.N,2019-09-30,-0.015494376807474
AZO.N,2019-10-31,0.0550976378668877
AZO.N,2019-11-29,0.0293084464998388
AZO.N,2019-12-31,0.0113674952709391
AZO.N,2020-01-31,-0.111935600339479
AZO.N,2020-02-28,-0.0240557299012799
AZO.N,2020-03-31,-0.180637475668605
AZO.N,2020-04-30,0.206052009475367
AZO.N,2020-05-29,0.12499999999965
AZO.N,2020-06-30,-0.0171972191857725
AZO.N,2020-07-31,0.0702939403481524
AZO.N,2020-08-31,-0.0092014377652855
AZO.N,2020-09-30,-0.0156063227652798
AZO.N,2020-10-30,-0.0413199279967977
AZO.N,2020-11-30,0.0076794983018277
AZO.N,2020-12-31,0.0420076473442161
AZO.N,2021-01-29,-0.0565781481860751
AZO.N,2021-02-26,0.0371522841077949
AZO.N,2021-03-31,0.210686943949229
AZO.N,2021-04-30,0.0425977355311304
AZO.N,2021-05-28,-0.0392863972684702
AZO.N,2021-06-30,0.0608701834083092
AZO.N,2021-07-30,0.0880232137217059
AZO.N,2021-08-31,-0.0458372598697804
AZO.N,2021-09-30,0.0960784946423878
AZO.N,2021-10-29,0.0511487111217759
AZO.N,2021-11-30,0.0180576410191549
AZO.N,2021-12-31,0.1537199997742619
AZO.N,2022-01-31,-0.0524902332326089
AZO.N,2022-02-28,-0.0619024844411463
AZO.N,2022-03-31,0.0972367566568284
AZO.N,2022-04-29,-0.0435835232842623
AZO.N,2022-05-31,0.0532761944848961
AZO.N,2022-06-30,0.0434394193110261
AZO.N,2022-07-29,-0.0054580479477186
AZO.N,2022-08-31,-0.008505700878955
AZO.N,2022-09-30,0.0107209761978635
AZO.N,2022-10-31,0.1825223046219219
AZO.N,2022-11-30,0.0182085215371084
AZO.N,2022-12-30,-0.0437456378550683
AZO.N,2023-01-31,-0.0110819161796925
AZO.N,2023-02-28,0.0195542981401904
AZO.N,2023-03-31,-0.0114174716531891
AZO.N,2023-04-28,0.0834611394496572
AZO.N,2023-05-31,-0.103806916958162
AZO.N,2023-06-30,0.0446280437551259
AZO.N,2023-07-31,-0.0046683992561778
AZO.N,2023-08-31,0.0199901681057502
AZO.N,2023-09-29,0.003421126437626
AZO.N,2023-10-31,-0.024748128932003
AZO.N,2023-11-30,0.0536104282207088
AZO.N,2023-12-29,-0.009318257580742
AZO.N,2024-01-31,0.0682701567429844
SBAC.OQ,2000-01-31,0.616666666663241
SBAC.OQ,2000-02-29,0.3360824742328029
SBAC.OQ,2000-03-31,0.0864197530620737
SBAC.OQ,2000-04-28,-0.0767045454505042
SBAC.OQ,2000-05-31,-0.0830769230981693
SBAC.OQ,2000-06-30,0.394295302002542
SBAC.OQ,2000-07-31,-0.131167268340654
SBAC.OQ,2000-08-31,-0.0110803324049096
SBAC.OQ,2000-09-29,-0.0602240896409113
SBAC.OQ,2000-10-31,0.195230998519742
SBAC.OQ,2000-11-30,-0.256857855373036
SBAC.OQ,2000-12-29,0.102348993283955
SBAC.OQ,2001-01-31,0.103500761021458
SBAC.OQ,2001-02-28,-0.27172413793038
SBAC.OQ,2001-03-30,-0.520833333322976
SBAC.OQ,2001-04-30,1.1558893280529
SBAC.OQ,2001-05-31,-0.320915224429576
SBAC.OQ,2001-06-29,0.0691144708534135
SBAC.OQ,2001-07-31,-0.203636363648744
SBAC.OQ,2001-08-31,-0.324200913238684
SBAC.OQ,2001-09-28,0.0022522522706653
SBAC.OQ,2001-10-31,-0.3857677902583459
SBAC.OQ,2001-11-30,0.442682926828753
SBAC.OQ,2001-12-31,0.100591715962296
SBAC.OQ,2002-01-31,-0.466205837164877
SBAC.OQ,2002-02-28,-0.654676258983474
SBAC.OQ,2002-03-28,0.370833333331795
SBAC.OQ,2002-04-30,-0.12188449847027
SBAC.OQ,2002-05-31,-0.491173416394793
SBAC.OQ,2002-06-28,-0.0408163265215651
SBAC.OQ,2002-07-31,0.24042553192579
SBAC.OQ,2002-08-30,-0.182389937075276
SBAC.OQ,2002-09-30,-0.2377622377566499
SBAC.OQ,2002-10-31,-0.660550458712978
SBAC.OQ,2002-11-29,1.02702702698279
SBAC.OQ,2002-12-31,-0.453333333325242
SBAC.OQ,2003-01-31,0.365853658545063
SBAC.OQ,2003-02-28,0.160714285722847
SBAC.OQ,2003-03-31,0.984615384591504
SBAC.OQ,2003-04-30,0.294573643412399
SBAC.OQ,2003-05-30,0.820359281419486
SBAC.OQ,2003-06-30,4.680699999999999e-13
SBAC.OQ,2003-07-31,0.263157894738395
SBAC.OQ,2003-08-29,-0.127604166669311
SBAC.OQ,2003-09-30,-0.0447761193861474
SBAC.OQ,2003-10-31,0.27187499999168
SBAC.OQ,2003-11-28,-0.149877149875263
SBAC.OQ,2003-12-31,0.0924855491386667
SBAC.OQ,2004-01-30,0.1772486772471939
SBAC.OQ,2004-02-27,-0.0067415730086792
SBAC.OQ,2004-03-31,-0.122171945688244
SBAC.OQ,2004-04-30,0.0309278350864142
SBAC.OQ,2004-05-28,-0.0350000000053416
SBAC.OQ,2004-06-30,0.152849740949563
SBAC.OQ,2004-07-30,0.130337078656665
SBAC.OQ,2004-08-31,0.0337972167081151
SBAC.OQ,2004-09-30,0.34615384616502
SBAC.OQ,2004-10-29,0.195714285722878
SBAC.OQ,2004-11-30,0.146953405020247
SBAC.OQ,2004-12-31,-0.0333333333416029
SBAC.OQ,2005-01-31,-0.0775862068993924
SBAC.OQ,2005-02-28,0.0163551401764721
SBAC.OQ,2005-03-31,0.0528735632268038
SBAC.OQ,2005-04-29,-0.0742358078544272
SBAC.OQ,2005-05-31,0.318396226430265
SBAC.OQ,2005-06-30,0.207513416848032
SBAC.OQ,2005-07-29,0.228888888900448
SBAC.OQ,2005-08-31,-0.0928270042381038
SBAC.OQ,2005-09-30,0.0265780731065113
SBAC.OQ,2005-10-31,-0.0440129449846053
SBAC.OQ,2005-11-30,0.248476641819623
SBAC.OQ,2005-12-30,-0.0292841648621269
SBAC.OQ,2006-01-31,0.220670391042833
SBAC.OQ,2006-02-28,0.0292906178715584
SBAC.OQ,2006-03-31,0.0409070697836035
SBAC.OQ,2006-04-28,0.0730457069473611
SBAC.OQ,2006-05-31,-0.0887738853437896
SBAC.OQ,2006-06-30,0.141983398853747
SBAC.OQ,2006-07-31,-0.0864575363179031
SBAC.OQ,2006-08-31,0.0778894472553813
SBAC.OQ,2006-09-29,-0.0547785547890228
SBAC.OQ,2006-10-31,0.09782161942239
SBAC.OQ,2006-11-30,0.06214900786
SBAC.OQ,2006-12-29,-0.030666196694412
SBAC.OQ,2007-01-31,0.0803636363720905
SBAC.OQ,2007-02-28,-0.0922248401169673
SBAC.OQ,2007-03-30,0.0956618464992305
SBAC.OQ,2007-04-30,-0.0043993231842065
SBAC.OQ,2007-05-31,0.0921142080266841
SBAC.OQ,2007-06-29,0.0454403983910354
SBAC.OQ,2007-07-31,-0.0080381065610042
SBAC.OQ,2007-08-31,-0.0225090035815811
SBAC.OQ,2007-09-28,0.0832054037590846
SBAC.OQ,2007-10-31,0.009070294794824
SBAC.OQ,2007-11-30,0.0516853932460746
SBAC.OQ,2007-12-31,-0.096153846163955
SBAC.OQ,2008-01-31,-0.124999999996319
SBAC.OQ,2008-02-29,0.0486322188568971
SBAC.OQ,2008-03-31,-0.0392914653955355
SBAC.OQ,2008-04-30,0.0841434797331684
SBAC.OQ,2008-05-30,0.150896722307086
SBAC.OQ,2008-06-30,-0.0325094035477442
SBAC.OQ,2008-07-31,0.0522077200802583
SBAC.OQ,2008-08-29,-0.0781208762272319
SBAC.OQ,2008-09-30,-0.259375894623495
SBAC.OQ,2008-10-31,-0.1886354851251
SBAC.OQ,2008-11-28,-0.247737017604904
SBAC.OQ,2008-12-31,0.0335655478050672
SBAC.OQ,2009-01-30,0.219362745114686
SBAC.OQ,2009-02-27,0.0442211055483412
SBAC.OQ,2009-03-31,0.121270452367682
SBAC.OQ,2009-04-30,0.0815450643793574
SBAC.OQ,2009-05-29,0.014682539673849
SBAC.OQ,2009-06-30,-0.0402815799745169
SBAC.OQ,2009-07-31,0.0631621841883536
SBAC.OQ,2009-08-31,-0.0758911460206456
SBAC.OQ,2009-09-30,0.121111571957214
SBAC.OQ,2009-10-30,0.0436551979318471
SBAC.OQ,2009-11-30,0.135767458330848
SBAC.OQ,2009-12-31,0.066167290871304
SBAC.OQ,2010-01-29,-0.031323184991184
SBAC.OQ,2010-02-26,0.0686007857490534
SBAC.OQ,2010-03-31,0.0200791855135323
SBAC.OQ,2010-04-30,-0.0194067091870531
SBAC.OQ,2010-05-28,-0.0661577608379584
SBAC.OQ,2010-06-30,0.0296699969691707
SBAC.OQ,2010-07-30,0.0638047633234041
SBAC.OQ,2010-08-31,-0.0105030403446769
SBAC.OQ,2010-09-30,0.125698324014021
SBAC.OQ,2010-10-29,-0.0258064516046643
SBAC.OQ,2010-11-30,-0.0028018339252663
SBAC.OQ,2010-12-31,0.0457215836487883
SBAC.OQ,2011-01-31,-0.0034196384925298
SBAC.OQ,2011-02-28,0.0316176470788509
SBAC.OQ,2011-03-31,-0.0572582561063578
SBAC.OQ,2011-04-29,-0.0264616935495381
SBAC.OQ,2011-05-31,0.0170851669742764
SBAC.OQ,2011-06-30,-0.0279969457882533
SBAC.OQ,2011-07-29,-0.0005236972866202
SBAC.OQ,2011-08-31,-0.0099554624130412
SBAC.OQ,2011-09-30,-0.0875893093568594
SBAC.OQ,2011-10-31,0.1046983758886029
SBAC.OQ,2011-11-30,0.0735101076316176
SBAC.OQ,2011-12-30,0.0506236243696348
SBAC.OQ,2012-01-31,0.0642458100629872
SBAC.OQ,2012-02-29,0.0264654418248003
SBAC.OQ,2012-03-30,0.0826763264299471
SBAC.OQ,2012-04-30,0.0576658138148696
SBAC.OQ,2012-05-31,-0.0333085225311903
SBAC.OQ,2012-06-29,0.0981713185920244
SBAC.OQ,2012-07-31,0.0352322524267101
SBAC.OQ,2012-08-31,0.0121909922218792
SBAC.OQ,2012-09-28,0.05219136834161
SBAC.OQ,2012-10-31,0.059300476942616
SBAC.OQ,2012-11-30,0.0328680774386541
SBAC.OQ,2012-12-31,0.0319674513092201
SBAC.OQ,2013-01-31,-0.019149535353584
SBAC.OQ,2013-02-28,0.0209589434384561
SBAC.OQ,2013-03-28,0.012654668163812
SBAC.OQ,2013-04-30,0.096778672590776
SBAC.OQ,2013-05-31,-0.0470945689450454
SBAC.OQ,2013-06-28,-0.0152783313749264
SBAC.OQ,2013-07-31,-0.0004047490516323
SBAC.OQ,2013-08-30,0.0122823592673758
SBAC.OQ,2013-09-30,0.0728000000207323
SBAC.OQ,2013-10-31,0.0871240367601127
SBAC.OQ,2013-11-29,-0.0262947296298133
SBAC.OQ,2013-12-31,0.0548315134763935
SBAC.OQ,2014-01-31,0.0323909171947139
SBAC.OQ,2014-02-28,0.0260916441997281
SBAC.OQ,2014-03-31,-0.0442366291934413
SBAC.OQ,2014-04-30,-0.0131926121197422
SBAC.OQ,2014-05-30,0.1307932263766739
SBAC.OQ,2014-06-30,0.0078817734186933
SBAC.OQ,2014-07-31,0.0452590420342725
SBAC.OQ,2014-08-29,0.0314224258982585
SBAC.OQ,2014-09-30,0.005530873136142
SBAC.OQ,2014-10-31,0.0128944995432629
SBAC.OQ,2014-11-28,0.083147867886924
SBAC.OQ,2014-12-31,-0.0896687762091651
SBAC.OQ,2015-01-30,0.0536294691357135
SBAC.OQ,2015-02-27,0.0686375321400905
SBAC.OQ,2015-03-31,-0.0610215700210508
SBAC.OQ,2015-04-30,-0.010930828339755
SBAC.OQ,2015-05-29,-0.0346226903797627
SBAC.OQ,2015-06-30,0.0282622305863482
SBAC.OQ,2015-07-31,0.0500130468613116
SBAC.OQ,2015-08-31,-0.0208747515002032
SBAC.OQ,2015-09-30,-0.11387478849553
SBAC.OQ,2015-10-30,0.136337597837986
SBAC.OQ,2015-11-30,-0.1164510166420079
SBAC.OQ,2015-12-31,-0.0008558387154307
SBAC.OQ,2016-01-29,-0.0551061197289756
SBAC.OQ,2016-02-29,-0.0442183722904507
SBAC.OQ,2016-03-31,0.0556433765566531
SBAC.OQ,2016-04-29,0.0286512927767461
SBAC.OQ,2016-05-31,-0.035326086970678
SBAC.OQ,2016-06-30,0.0859154929539979
SBAC.OQ,2016-07-29,0.0654067074188716
SBAC.OQ,2016-08-31,-0.0073913043406974
SBAC.OQ,2016-09-30,-0.0174332019362712
SBAC.OQ,2016-10-31,0.0099857346538412
SBAC.OQ,2016-11-30,-0.1264124293823759
SBAC.OQ,2016-12-30,0.043451899759378
SBAC.OQ,2017-01-31,0.0193685841415485
SBAC.OQ,2017-02-28,0.0998479954347826
SBAC.OQ,2017-03-31,0.0397339552263574
SBAC.OQ,2017-04-28,0.0508432333530813
SBAC.OQ,2017-05-31,0.092418373013591
SBAC.OQ,2017-06-30,-0.0237371544453741
SBAC.OQ,2017-07-31,0.0196441808660703
SBAC.OQ,2017-08-31,0.116321337662987
SBAC.OQ,2017-09-29,-0.061869098029948
SBAC.OQ,2017-10-31,0.0911489066316448
SBAC.OQ,2017-11-30,0.0799720066209004
SBAC.OQ,2017-12-29,-0.0376435935165716
SBAC.OQ,2018-01-31,0.0681929480532733
SBAC.OQ,2018-02-28,-0.0987392550002824
SBAC.OQ,2018-03-29,0.086793412605566
SBAC.OQ,2018-04-30,-0.0625438801829938
SBAC.OQ,2018-05-31,-0.0134806216270858
SBAC.OQ,2018-06-29,0.0446004934413956
SBAC.OQ,2018-07-31,-0.0416061046803293
SBAC.OQ,2018-08-31,-0.0190837282747637
SBAC.OQ,2018-09-28,0.0347870901172491
SBAC.OQ,2018-10-31,0.0095872502064398
SBAC.OQ,2018-11-30,0.05327742493192
SBAC.OQ,2018-12-31,-0.0522217668648891
SBAC.OQ,2019-01-31,0.127493977383426
SBAC.OQ,2019-02-28,-0.0107927463861058
SBAC.OQ,2019-03-29,0.10578201152205
SBAC.OQ,2019-04-30,0.0203846539002162
SBAC.OQ,2019-05-31,0.062239238216989
SBAC.OQ,2019-06-28,0.0389538376328991
SBAC.OQ,2019-07-31,0.0914872798123534
SBAC.OQ,2019-08-30,0.0708472884834204
SBAC.OQ,2019-09-30,-0.0810882902045369
SBAC.OQ,2019-10-31,-0.0020733983120486
SBAC.OQ,2019-11-29,-0.0158594547333223
SBAC.OQ,2019-12-31,0.0191144754320339
SBAC.OQ,2020-01-31,0.0355616415582252
SBAC.OQ,2020-02-28,0.0622295239612773
SBAC.OQ,2020-03-31,0.0201978193143726
SBAC.OQ,2020-04-30,0.0738970996909677
SBAC.OQ,2020-05-29,0.0851692044798444
SBAC.OQ,2020-06-30,-0.0516028396034001
SBAC.OQ,2020-07-31,0.0457169710012164
SBAC.OQ,2020-08-31,-0.0160428293364322
SBAC.OQ,2020-09-30,0.0405462803002656
SBAC.OQ,2020-10-30,-0.0882629992354364
SBAC.OQ,2020-11-30,-0.0094454115233341
SBAC.OQ,2020-12-31,-0.017584790004013
SBAC.OQ,2021-01-29,-0.0477085031471449
SBAC.OQ,2021-02-26,-0.0503963970729181
SBAC.OQ,2021-03-31,0.090421304447778
SBAC.OQ,2021-04-30,0.0798774995361859
SBAC.OQ,2021-05-28,-0.0033378865732378
SBAC.OQ,2021-06-30,0.0690326043187127
SBAC.OQ,2021-07-30,0.0699403828031628
SBAC.OQ,2021-08-31,0.0544754370188096
SBAC.OQ,2021-09-30,-0.0791152464001625
SBAC.OQ,2021-10-29,0.0446501497317277
SBAC.OQ,2021-11-30,-0.0027821097152558
SBAC.OQ,2021-12-31,0.131529959294789
SBAC.OQ,2022-01-31,-0.163436327188693
SBAC.OQ,2022-02-28,-0.0677544247869435
SBAC.OQ,2022-03-31,0.136652439829596
SBAC.OQ,2022-04-29,0.0087474571260408
SBAC.OQ,2022-05-31,-0.0280576577265703
SBAC.OQ,2022-06-30,-0.0491963993909976
SBAC.OQ,2022-07-29,0.049179815659437
SBAC.OQ,2022-08-31,-0.0293232721228107
SBAC.OQ,2022-09-30,-0.124827056103952
SBAC.OQ,2022-10-31,-0.0518180221200413
SBAC.OQ,2022-11-30,0.111588984946072
SBAC.OQ,2022-12-30,-0.063448045445888
SBAC.OQ,2023-01-31,0.0614319860140959
SBAC.OQ,2023-02-28,-0.128323194303275
SBAC.OQ,2023-03-31,0.0101419828717517
SBAC.OQ,2023-04-28,-0.0006894702717694
SBAC.OQ,2023-05-31,-0.146650669934377
SBAC.OQ,2023-06-30,0.0449995491209725
SBAC.OQ,2023-07-31,-0.0552726958985197
SBAC.OQ,2023-08-31,0.029442516193116
SBAC.OQ,2023-09-29,-0.108493297082095
SBAC.OQ,2023-10-31,0.0422640755128577
SBAC.OQ,2023-11-30,0.1880249836524669
SBAC.OQ,2023-12-29,0.0272513767187843
SBAC.OQ,2024-01-31,-0.117584453474214
FFIV.OQ,2000-01-31,-0.175438596496768
FFIV.OQ,2000-02-29,-0.0425531914963984
FFIV.OQ,2000-03-31,-0.247222222235616
FFIV.OQ,2000-04-28,-0.31088560885886
FFIV.OQ,2000-05-31,-0.309236947794065
FFIV.OQ,2000-06-30,0.691860465136385
FFIV.OQ,2000-07-31,-0.171821305840559
FFIV.OQ,2000-08-31,0.283540802216224
FFIV.OQ,2000-09-29,-0.413793103444734
FFIV.OQ,2000-10-31,-0.0882352941093113
FFIV.OQ,2000-11-30,-0.197580645147911
FFIV.OQ,2000-12-29,-0.6180904522592651
FFIV.OQ,2001-01-31,0.7894736841916441
FFIV.OQ,2001-02-28,-0.590073529410533
FFIV.OQ,2001-03-30,-0.23318385649224
FFIV.OQ,2001-04-30,0.401637426883469
FFIV.OQ,2001-05-31,0.499332443276294
FFIV.OQ,2001-06-29,0.564559216391859
FFIV.OQ,2001-07-31,-0.168468981209244
FFIV.OQ,2001-08-31,0.0828199862848845
FFIV.OQ,2001-09-28,-0.41340075853463
FFIV.OQ,2001-10-31,0.626077586211803
FFIV.OQ,2001-11-30,0.4797879390112189
FFIV.OQ,2001-12-31,-0.0353784146984022
FFIV.OQ,2002-01-31,0.0854224698178106
FFIV.OQ,2002-02-28,-0.0654405474765192
FFIV.OQ,2002-03-28,0.0636155606344841
FFIV.OQ,2002-04-30,-0.4397590361627649
FFIV.OQ,2002-05-31,-0.0929339477849228
FFIV.OQ,2002-06-28,-0.17188823032062
FFIV.OQ,2002-07-31,0.280163599170485
FFIV.OQ,2002-08-30,-0.001597444090662
FFIV.OQ,2002-09-30,-0.395999999997577
FFIV.OQ,2002-10-31,0.243708609308408
FFIV.OQ,2002-11-29,0.493077742315242
FFIV.OQ,2002-12-31,-0.233951497854443
FFIV.OQ,2003-01-31,0.206703910630122
FFIV.OQ,2003-02-28,0.077932098756136
FFIV.OQ,2003-03-31,-0.0959198281912732
FFIV.OQ,2003-04-30,0.0894695170360111
FFIV.OQ,2003-05-30,0.260901162767522
FFIV.OQ,2003-06-30,-0.0288184438132883
FFIV.OQ,2003-07-31,0.112759643917299
FFIV.OQ,2003-08-29,0.0458666666615666
FFIV.OQ,2003-09-30,-0.0188679245509112
FFIV.OQ,2003-10-31,0.299896049885537
FFIV.OQ,2003-11-28,0.0323870451799747
FFIV.OQ,2003-12-31,-0.0278853601824868
FFIV.OQ,2004-01-30,0.354980079673386
FFIV.OQ,2004-02-27,-0.0270508674106004
FFIV.OQ,2004-03-31,0.0229676639540765
FFIV.OQ,2004-04-30,-0.249630723777377
FFIV.OQ,2004-05-28,0.168897637805805
FFIV.OQ,2004-06-30,-0.108117211172443
FFIV.OQ,2004-07-30,-0.0109516616272129
FFIV.OQ,2004-08-31,-0.0618556701046031
FFIV.OQ,2004-09-30,0.239723239722814
FFIV.OQ,2004-10-29,0.311556139209389
FFIV.OQ,2004-11-30,0.0775969962536232
FFIV.OQ,2004-12-31,0.13170731707101
FFIV.OQ,2005-01-31,-0.016009852211195
FFIV.OQ,2005-02-28,0.149144764284414
FFIV.OQ,2005-03-31,-0.0834997277286766
FFIV.OQ,2005-04-29,-0.152109328576571
FFIV.OQ,2005-05-31,0.196215837408607
FFIV.OQ,2005-06-30,-0.0776215582636816
FFIV.OQ,2005-07-29,-0.107018100989885
FFIV.OQ,2005-08-31,-0.0211000474047046
FFIV.OQ,2005-09-30,0.0527972874630678
FFIV.OQ,2005-10-31,0.196917414333502
FFIV.OQ,2005-11-30,0.015375744755981
FFIV.OQ,2005-12-30,0.0825288661889345
FFIV.OQ,2006-01-31,0.131316663751535
FFIV.OQ,2006-02-28,0.0482225656919355
FFIV.OQ,2006-03-31,0.0688587437411081
FFIV.OQ,2006-04-28,-0.192164436474354
FFIV.OQ,2006-05-31,-0.171448087418582
FFIV.OQ,2006-06-30,0.102225886225802
FFIV.OQ,2006-07-31,-0.133507853387411
FFIV.OQ,2006-08-31,0.0809236080939644
FFIV.OQ,2006-09-29,0.0724695548065743
FFIV.OQ,2006-10-31,0.2321295606829589
FFIV.OQ,2006-11-30,0.130231152748623
FFIV.OQ,2006-12-29,-0.0080203181507949
FFIV.OQ,2007-01-31,-0.0373265058549892
FFIV.OQ,2007-02-28,0.0165173572618549
FFIV.OQ,2007-03-30,-0.0817956485704829
FFIV.OQ,2007-04-30,0.151469706083637
FFIV.OQ,2007-05-31,0.0583485282547991
FFIV.OQ,2007-06-29,-0.0081220772700032
FFIV.OQ,2007-07-31,0.07555831265547
FFIV.OQ,2007-08-31,-0.193217210754378
FFIV.OQ,2007-09-28,0.063482985443043
FFIV.OQ,2007-10-31,-0.031191180429789
FFIV.OQ,2007-11-30,-0.266722175958981
FFIV.OQ,2007-12-31,0.0794852384579292
FFIV.OQ,2008-01-31,-0.174964936865734
FFIV.OQ,2008-02-29,-0.0582235444168598
FFIV.OQ,2008-03-31,-0.1800541516304409
FFIV.OQ,2008-04-30,0.245459548694967
FFIV.OQ,2008-05-30,0.327883340681205
FFIV.OQ,2008-06-30,-0.0542429284548823
FFIV.OQ,2008-07-31,0.0256861365402548
FFIV.OQ,2008-08-29,0.1701543739228539
FFIV.OQ,2008-09-30,-0.314570507190581
FFIV.OQ,2008-10-31,0.0615911034997382
FFIV.OQ,2008-11-28,0.0032232071079729
FFIV.OQ,2008-12-31,-0.0819277108489887
FFIV.OQ,2009-01-30,-0.0301837270295167
FFIV.OQ,2009-02-27,-0.0978800180641525
FFIV.OQ,2009-03-31,0.0474999999749657
FFIV.OQ,2009-04-30,0.301670644391105
FFIV.OQ,2009-05-29,0.164649798331697
FFIV.OQ,2009-06-30,0.0891057934334395
FFIV.OQ,2009-07-31,0.0731425267157237
FFIV.OQ,2009-08-31,-0.0708512931028862
FFIV.OQ,2009-09-30,0.149028703955873
FFIV.OQ,2009-10-30,0.132727731512218
FFIV.OQ,2009-11-30,0.0476720873302938
FFIV.OQ,2009-12-31,0.126514990427421
FFIV.OQ,2010-01-29,-0.067006417510717
FFIV.OQ,2010-02-26,0.128869107828535
FFIV.OQ,2010-03-31,0.10232974910005
FFIV.OQ,2010-04-30,0.112502032189541
FFIV.OQ,2010-05-28,0.0277655998869435
FFIV.OQ,2010-06-30,-0.0250248827144238
FFIV.OQ,2010-07-30,0.280880851666343
FFIV.OQ,2010-08-31,-0.0045542525430661
FFIV.OQ,2010-09-30,0.1873498799018889
FFIV.OQ,2010-10-29,0.133802138531528
FFIV.OQ,2010-11-30,0.12047578589802
FFIV.OQ,2010-12-31,-0.0130421595314653
FFIV.OQ,2011-01-31,-0.1673325138256539
FFIV.OQ,2011-02-28,0.0888540321031235
FFIV.OQ,2011-03-31,-0.130836369788776
FFIV.OQ,2011-04-29,-0.0117968216845987
FFIV.OQ,2011-05-31,0.120560378838659
FFIV.OQ,2011-06-30,-0.0293185420138686
FFIV.OQ,2011-07-29,-0.152108843538485
FFIV.OQ,2011-08-31,-0.126872058174639
FFIV.OQ,2011-09-30,-0.129502572893827
FFIV.OQ,2011-10-31,0.463054187219456
FFIV.OQ,2011-11-30,0.0873496873426807
FFIV.OQ,2011-12-30,-0.0611342121401783
FFIV.OQ,2012-01-31,0.128345269523191
FFIV.OQ,2012-02-29,0.0435944546344249
FFIV.OQ,2012-03-30,0.0800256082173971
FFIV.OQ,2012-04-30,-0.0076318909386139
FFIV.OQ,2012-05-31,-0.227357574863293
FFIV.OQ,2012-06-29,-0.037881716271669
FFIV.OQ,2012-07-31,-0.0620731217398256
FFIV.OQ,2012-08-31,0.0440137074366107
FFIV.OQ,2012-09-28,0.0739563032069592
FFIV.OQ,2012-10-31,-0.212225405911714
FFIV.OQ,2012-11-30,0.135790494661367
FFIV.OQ,2012-12-31,0.0370409905973126
FFIV.OQ,2013-01-31,0.0795676788619073
FFIV.OQ,2013-02-28,-0.0996376811422421
FFIV.OQ,2013-03-28,-0.0566557238231677
FFIV.OQ,2013-04-30,-0.142007184551835
FFIV.OQ,2013-05-31,0.0887086222480451
FFIV.OQ,2013-06-28,-0.173176300920881
FFIV.OQ,2013-07-31,0.275581395327203
FFIV.OQ,2013-08-30,-0.0499088423044943
FFIV.OQ,2013-09-30,0.0285440153607809
FFIV.OQ,2013-10-31,-0.04955690296396
FFIV.OQ,2013-11-29,0.009201324988008
FFIV.OQ,2013-12-31,0.10454655965045
FFIV.OQ,2014-01-31,0.177635923429345
FFIV.OQ,2014-02-28,0.0499065420688474
FFIV.OQ,2014-03-31,-0.0508278440584347
FFIV.OQ,2014-04-30,-0.0136922066864599
FFIV.OQ,2014-05-30,0.0321384425123037
FFIV.OQ,2014-06-30,0.0266236757245316
FFIV.OQ,2014-07-31,0.0103194543961973
FFIV.OQ,2014-08-29,0.103028688154232
FFIV.OQ,2014-09-30,-0.0438843707133282
FFIV.OQ,2014-10-31,0.0357082701587534
FFIV.OQ,2014-11-28,0.0504960156130356
FFIV.OQ,2014-12-31,0.0098691849014749
FFIV.OQ,2015-01-30,-0.144444870271011
FFIV.OQ,2015-02-27,0.0581884966748534
FFIV.OQ,2015-03-31,-0.0268805825021433
FFIV.OQ,2015-04-30,0.0615973551260689
FFIV.OQ,2015-05-29,0.0300770365558369
FFIV.OQ,2015-06-30,-0.0424854801455845
FFIV.OQ,2015-07-31,0.114582467796726
FFIV.OQ,2015-08-31,-0.0949008498538546
FFIV.OQ,2015-09-30,-0.0462070669539394
FFIV.OQ,2015-10-30,-0.0483592400747371
FFIV.OQ,2015-11-30,-0.0653357531836072
FFIV.OQ,2015-12-31,-0.0586407767120028
FFIV.OQ,2016-01-29,-0.0327970297221108
FFIV.OQ,2016-02-29,0.025485178076837
FFIV.OQ,2016-03-31,0.100655089923958
FFIV.OQ,2016-04-29,-0.0103920642403074
FFIV.OQ,2016-05-31,0.0520286395919682
FFIV.OQ,2016-06-30,0.0330308530057159
FFIV.OQ,2016-07-29,0.084153197468443
FFIV.OQ,2016-08-31,-0.0055906660232689
FFIV.OQ,2016-09-30,0.0155626171531227
FFIV.OQ,2016-10-31,0.108873555838287
FFIV.OQ,2016-11-30,0.0183778308594766
FFIV.OQ,2016-12-30,0.0282060390856607
FFIV.OQ,2017-01-31,-0.073866777224204
FFIV.OQ,2017-02-28,0.0689397896002055
FFIV.OQ,2017-03-31,-0.0048858798262562
FFIV.OQ,2017-04-28,-0.0942694816484272
FFIV.OQ,2017-05-31,-0.0077441337992771
FFIV.OQ,2017-06-30,-0.00835089363874
FFIV.OQ,2017-07-31,-0.0496615771984934
FFIV.OQ,2017-08-31,-0.0113457557032176
FFIV.OQ,2017-09-29,0.009884402735276
FFIV.OQ,2017-10-31,0.0058891837949381
FFIV.OQ,2017-11-30,0.106621588183816
FFIV.OQ,2017-12-29,-0.0222056631915563
FFIV.OQ,2018-01-31,0.101508916322529
FFIV.OQ,2018-02-28,0.0275356302572118
FFIV.OQ,2018-03-29,-0.0263264206826596
FFIV.OQ,2018-04-30,0.127791992277909
FFIV.OQ,2018-05-31,0.0614384695453052
FFIV.OQ,2018-06-29,-0.0038126047185045
FFIV.OQ,2018-07-31,-0.0062046969864313
FFIV.OQ,2018-08-31,0.1035126619163959
FFIV.OQ,2018-09-28,0.0544627749510107
FFIV.OQ,2018-10-31,-0.12105104804349
FFIV.OQ,2018-11-30,-0.0188840711760819
FFIV.OQ,2018-12-31,-0.0578007792089739
FFIV.OQ,2019-01-31,-0.006665432303493
FFIV.OQ,2019-02-28,0.0446722584664259
FFIV.OQ,2019-03-29,-0.0666706316021758
FFIV.OQ,2019-04-30,-0.0001911680383237
FFIV.OQ,2019-05-31,-0.158189929875535
FFIV.OQ,2019-06-28,0.102589339776661
FFIV.OQ,2019-07-31,0.0074847215691999
FFIV.OQ,2019-08-30,-0.12261450382698
FFIV.OQ,2019-09-30,0.0908102229447318
FFIV.OQ,2019-10-31,0.0260646631267227
FFIV.OQ,2019-11-29,0.0113131593431783
FFIV.OQ,2019-12-31,-0.0415894584992291
FFIV.OQ,2020-01-31,-0.125528105984869
FFIV.OQ,2020-02-28,-0.0177694071723985
FFIV.OQ,2020-03-31,-0.111046269274147
FFIV.OQ,2020-04-30,0.306011441440077
FFIV.OQ,2020-05-29,0.0406434008307778
FFIV.OQ,2020-06-30,-0.0375379520024081
FFIV.OQ,2020-07-31,-0.0256667622404876
FFIV.OQ,2020-08-31,-0.0262693156522276
FFIV.OQ,2020-09-30,-0.0722436333218728
FFIV.OQ,2020-10-30,0.0828378268254076
FFIV.OQ,2020-11-30,0.224687829111438
FFIV.OQ,2020-12-31,0.0806461519582469
FFIV.OQ,2021-01-29,0.113731954093605
FFIV.OQ,2021-02-26,-0.0304669558491929
FFIV.OQ,2021-03-31,0.0981155910917863
FFIV.OQ,2021-04-30,-0.104783817472864
FFIV.OQ,2021-05-28,-0.0071214392772849
FFIV.OQ,2021-06-30,0.0066332308804706
FFIV.OQ,2021-07-30,0.10634308369682
FFIV.OQ,2021-08-31,-0.0142365987231713
FFIV.OQ,2021-09-30,-0.0235299896977866
FFIV.OQ,2021-10-29,0.0622296005500749
FFIV.OQ,2021-11-30,0.0778119820085865
FFIV.OQ,2021-12-31,0.0752702346404666
FFIV.OQ,2022-01-31,-0.151567161125192
FFIV.OQ,2022-02-28,-0.0326076485899706
FFIV.OQ,2022-03-31,0.0403286034444159
FFIV.OQ,2022-04-29,-0.198803541511509
FFIV.OQ,2022-05-31,-0.0261035780574587
FFIV.OQ,2022-06-30,-0.0613346418143684
FFIV.OQ,2022-07-29,0.0935703084051857
FFIV.OQ,2022-08-31,-0.0615439770579971
FFIV.OQ,2022-09-30,-0.0785050299269127
FFIV.OQ,2022-10-31,-0.0125751399099269
FFIV.OQ,2022-11-30,0.0818697082050683
FFIV.OQ,2022-12-30,-0.0717935450437219
FFIV.OQ,2023-01-31,0.0289178454533872
FFIV.OQ,2023-02-28,-0.0316944331500401
FFIV.OQ,2023-03-31,0.0189536998252962
FFIV.OQ,2023-04-28,-0.0777678632562638
FFIV.OQ,2023-05-31,0.0983923786532614
FFIV.OQ,2023-06-30,-0.0089443014116582
FFIV.OQ,2023-07-31,0.0819089292799882
FFIV.OQ,2023-08-31,0.0342517694471454
FFIV.OQ,2023-09-29,-0.0153977758620393
FFIV.OQ,2023-10-31,-0.0592652351947774
FFIV.OQ,2023-11-30,0.129296127712299
FFIV.OQ,2023-12-29,0.0455049944679127
FFIV.OQ,2024-01-31,0.0263716616354615
VRTX.OQ,2000-01-31,0.171428571399122
VRTX.OQ,2000-02-29,0.771341463440343
VRTX.OQ,2000-03-31,-0.355421686753221
VRTX.OQ,2000-04-28,0.116154873146115
VRTX.OQ,2000-05-31,0.413875598076848
VRTX.OQ,2000-06-30,0.4263959391032469
VRTX.OQ,2000-07-31,-0.070581257432737
VRTX.OQ,2000-08-31,0.7358008934374951
VRTX.OQ,2000-09-29,-0.0058823529583521
VRTX.OQ,2000-10-31,0.101886094682672
VRTX.OQ,2000-11-30,-0.399899311987292
VRTX.OQ,2000-12-29,0.279642058163791
VRTX.OQ,2001-01-31,-0.0585664335446833
VRTX.OQ,2001-02-28,-0.260909935008057
VRTX.OQ,2001-03-30,-0.2638190954651589
VRTX.OQ,2001-04-30,0.0528327644913233
VRTX.OQ,2001-05-31,0.139522821562972
VRTX.OQ,2001-06-29,0.12653618571155
VRTX.OQ,2001-07-31,-0.192929292949972
VRTX.OQ,2001-08-31,-0.0765957446678909
VRTX.OQ,2001-09-28,-0.510978584983028
VRTX.OQ,2001-10-31,0.358093126394792
VRTX.OQ,2001-11-30,0.0326530612510911
VRTX.OQ,2001-12-31,-0.028063241112987
VRTX.OQ,2002-01-31,-0.197234648232379
VRTX.OQ,2002-02-28,0.104863221904639
VRTX.OQ,2002-03-28,0.277395690048289
VRTX.OQ,2002-04-30,-0.236539842097674
VRTX.OQ,2002-05-31,-0.072402444766741
VRTX.OQ,2002-06-28,-0.174860618373329
VRTX.OQ,2002-07-31,0.212530712569886
VRTX.OQ,2002-08-30,0.0081053698135009
VRTX.OQ,2002-09-30,-0.0708542713438617
VRTX.OQ,2002-10-31,0.0605732828654084
VRTX.OQ,2002-11-29,-0.0525242223246424
VRTX.OQ,2002-12-31,-0.146932185137154
VRTX.OQ,2003-01-31,-0.126813880109749
VRTX.OQ,2003-02-28,-0.201589595361799
VRTX.OQ,2003-03-31,0.0063348416164867
VRTX.OQ,2003-04-30,0.0854316546767797
VRTX.OQ,2003-05-30,0.203811101883702
VRTX.OQ,2003-06-30,0.0048176187394444
VRTX.OQ,2003-07-31,-0.0075342465400939
VRTX.OQ,2003-08-29,-0.130434782618903
VRTX.OQ,2003-09-30,-0.0238095237923347
VRTX.OQ,2003-10-31,0.0666666666685685
VRTX.OQ,2003-11-28,-0.3338414633983489
VRTX.OQ,2003-12-31,0.1704805491755719
VRTX.OQ,2004-01-30,-0.031280547419849
VRTX.OQ,2004-02-27,0.138244197800793
VRTX.OQ,2004-03-31,-0.164893617023235
VRTX.OQ,2004-04-30,-0.0828025477538007
VRTX.OQ,2004-05-28,0.0185185184938494
VRTX.OQ,2004-06-30,0.231818181847864
VRTX.OQ,2004-07-30,-0.148523985212398
VRTX.OQ,2004-08-31,0.0541711809159919
VRTX.OQ,2004-09-30,0.0791366906362263
VRTX.OQ,2004-10-29,0.0361904762009528
VRTX.OQ,2004-11-30,-0.0238970588048234
VRTX.OQ,2004-12-31,-0.0047080979000367
VRTX.OQ,2005-01-31,-0.0378429517355306
VRTX.OQ,2005-02-28,0.134709931178933
VRTX.OQ,2005-03-31,-0.188908145572758
VRTX.OQ,2005-04-29,0.0192307692188398
VRTX.OQ,2005-05-31,0.459119496830275
VRTX.OQ,2005-06-30,0.209770114945212
VRTX.OQ,2005-07-29,-0.0528503563150147
VRTX.OQ,2005-08-31,0.153605015655196
VRTX.OQ,2005-09-30,0.214673913028819
VRTX.OQ,2005-10-31,0.0178970917228369
VRTX.OQ,2005-11-30,0.12087912086432
VRTX.OQ,2005-12-30,0.0850980392271642
VRTX.OQ,2006-01-31,0.290928803739611
VRTX.OQ,2006-02-28,0.21052631578022
VRTX.OQ,2006-03-31,-0.153792784456362
VRTX.OQ,2006-04-28,-0.006012571751266
VRTX.OQ,2006-05-31,-0.0514160022105032
VRTX.OQ,2006-06-30,0.0640579709894558
VRTX.OQ,2006-07-31,-0.0868973032004634
VRTX.OQ,2006-08-31,0.0277446300585144
VRTX.OQ,2006-09-29,-0.0232220609588847
VRTX.OQ,2006-10-31,0.206537890069374
VRTX.OQ,2006-11-30,0.0911330049469733
VRTX.OQ,2006-12-29,-0.15530474042504
VRTX.OQ,2007-01-31,-0.0553180117574865
VRTX.OQ,2007-02-28,-0.131824611017558
VRTX.OQ,2007-03-30,-0.0863473444031224
VRTX.OQ,2007-04-30,0.096291012836399
VRTX.OQ,2007-05-31,-0.02862719583107
VRTX.OQ,2007-06-29,-0.0435365036902289
VRTX.OQ,2007-07-31,0.130952380951616
VRTX.OQ,2007-08-31,0.20619195047036
VRTX.OQ,2007-09-28,-0.0141170431319402
VRTX.OQ,2007-10-31,-0.158031762558431
VRTX.OQ,2007-11-30,-0.214904143468327
VRTX.OQ,2007-12-31,-0.0850728633431572
VRTX.OQ,2008-01-31,-0.1235471373177039
VRTX.OQ,2008-02-29,-0.1404715127723189
VRTX.OQ,2008-03-31,0.3651428571059499
VRTX.OQ,2008-04-30,0.0682293846583613
VRTX.OQ,2008-05-30,0.121865203752628
VRTX.OQ,2008-06-30,0.169053440467738
VRTX.OQ,2008-07-31,0.0307738273004135
VRTX.OQ,2008-08-29,-0.221449275345216
VRTX.OQ,2008-09-30,0.237527922565627
VRTX.OQ,2008-10-31,-0.211492178085338
VRTX.OQ,2008-11-28,-0.0618084700539056
VRTX.OQ,2008-12-31,0.235461569749338
VRTX.OQ,2009-01-30,0.0878867676264026
VRTX.OQ,2009-02-27,-0.0853252647387984
VRTX.OQ,2009-03-31,-0.0496195832066745
VRTX.OQ,2009-04-30,0.0727462582649896
VRTX.OQ,2009-05-29,-0.0327709279823665
VRTX.OQ,2009-06-30,0.1955719557091919
VRTX.OQ,2009-07-31,0.0103815937221214
VRTX.OQ,2009-08-31,0.0388780893908456
VRTX.OQ,2009-09-30,0.0130981021379477
VRTX.OQ,2009-10-30,-0.114511873353879
VRTX.OQ,2009-11-30,0.156734207379128
VRTX.OQ,2009-12-31,0.103812467790517
VRTX.OQ,2010-01-29,-0.103850641758299
VRTX.OQ,2010-02-26,0.057552083337733
VRTX.OQ,2010-03-31,0.006402363959979
VRTX.OQ,2010-04-30,-0.0513824321082246
VRTX.OQ,2010-05-28,-0.107815321138425
VRTX.OQ,2010-06-30,-0.048858051462237
VRTX.OQ,2010-07-30,0.0231003039253441
VRTX.OQ,2010-08-31,-0.0095068330469877
VRTX.OQ,2010-09-30,0.0368926214654737
VRTX.OQ,2010-10-29,0.108764824995839
VRTX.OQ,2010-11-30,-0.135663970790388
VRTX.OQ,2010-12-31,0.0573498340145059
VRTX.OQ,2011-01-31,0.1101912646337559
VRTX.OQ,2011-02-28,0.20005142707983
VRTX.OQ,2011-03-31,0.026998071575955
VRTX.OQ,2011-04-29,0.147924055931423
VRTX.OQ,2011-05-31,-0.0187204652773044
VRTX.OQ,2011-06-30,-0.037043897027304
VRTX.OQ,2011-07-29,-0.0025004808747919
VRTX.OQ,2011-08-31,-0.127072888552897
VRTX.OQ,2011-09-30,-0.0161254693934236
VRTX.OQ,2011-10-31,-0.111136057493776
VRTX.OQ,2011-11-30,-0.267744379875795
VRTX.OQ,2011-12-30,0.145567437054759
VRTX.OQ,2012-01-31,0.1126166816964349
VRTX.OQ,2012-02-29,0.0533152909388073
VRTX.OQ,2012-03-30,0.0536998972132738
VRTX.OQ,2012-04-30,-0.0616922701635098
VRTX.OQ,2012-05-31,0.560291060308278
VRTX.OQ,2012-06-29,-0.0686209193896009
VRTX.OQ,2012-07-31,-0.132510729612251
VRTX.OQ,2012-08-31,0.0993609565160005
VRTX.OQ,2012-09-28,0.0491280705080861
VRTX.OQ,2012-10-31,-0.137801608587075
VRTX.OQ,2012-11-30,-0.175165837471883
VRTX.OQ,2012-12-31,0.0540336767851151
VRTX.OQ,2013-01-31,0.0677157844510548
VRTX.OQ,2013-02-28,0.0455560517895871
VRTX.OQ,2013-03-28,0.174284493813674
VRTX.OQ,2013-04-30,0.397235358345362
VRTX.OQ,2013-05-31,0.0454308773691634
VRTX.OQ,2013-06-28,-0.0054787697685222
VRTX.OQ,2013-07-31,-0.0008764242172324
VRTX.OQ,2013-08-30,-0.0582706767026181
VRTX.OQ,2013-09-30,0.008915502324605
VRTX.OQ,2013-10-31,-0.0590873120388566
VRTX.OQ,2013-11-29,-0.0269133725787262
VRTX.OQ,2013-12-31,0.0702967444280607
VRTX.OQ,2014-01-31,0.0637954239581946
VRTX.OQ,2014-02-28,0.0230263157849779
VRTX.OQ,2014-03-31,-0.125401929256598
VRTX.OQ,2014-04-30,-0.0427036198908524
VRTX.OQ,2014-05-30,0.067355982272596
VRTX.OQ,2014-06-30,0.310268474933217
VRTX.OQ,2014-07-31,-0.0609421208136531
VRTX.OQ,2014-08-29,0.0524125520095433
VRTX.OQ,2014-09-30,0.200277866827847
VRTX.OQ,2014-10-31,0.0029382958008301
VRTX.OQ,2014-11-28,0.0465198863542513
VRTX.OQ,2014-12-31,0.0078045469811445
VRTX.OQ,2015-01-30,-0.072895622897216
VRTX.OQ,2015-02-27,0.0843471944962431
VRTX.OQ,2015-03-31,-0.0122247341589723
VRTX.OQ,2015-04-30,0.0450114435907394
VRTX.OQ,2015-05-29,0.0406391953402536
VRTX.OQ,2015-06-30,-0.0374931795105599
VRTX.OQ,2015-07-31,0.0932944606456936
VRTX.OQ,2015-08-31,-0.0554074074197301
VRTX.OQ,2015-09-30,-0.1833437892201899
VRTX.OQ,2015-10-30,0.197810639494806
VRTX.OQ,2015-11-30,0.0370370370293902
VRTX.OQ,2015-12-31,-0.0272881880130533
VRTX.OQ,2016-01-29,-0.278788842092896
VRTX.OQ,2016-02-29,-0.0579614325203785
VRTX.OQ,2016-03-31,-0.0701836472280028
VRTX.OQ,2016-04-29,0.0610139640038686
VRTX.OQ,2016-05-31,0.104458145599549
VRTX.OQ,2016-06-30,-0.0765432098665589
VRTX.OQ,2016-07-29,0.1276447337711199
VRTX.OQ,2016-08-31,-0.0256701031060854
VRTX.OQ,2016-09-30,-0.0772405036452704
VRTX.OQ,2016-10-31,-0.130145625492542
VRTX.OQ,2016-11-30,0.0757975217595249
VRTX.OQ,2016-12-30,-0.0972919985331757
VRTX.OQ,2017-01-31,0.16560336638398
VRTX.OQ,2017-02-28,0.0553161756078924
VRTX.OQ,2017-03-31,0.20668726548012
VRTX.OQ,2017-04-28,0.081847279384925
VRTX.OQ,2017-05-31,0.0448013524725421
VRTX.OQ,2017-06-30,0.0426375404566293
VRTX.OQ,2017-07-31,0.178086443715495
VRTX.OQ,2017-08-31,0.0574364378752481
VRTX.OQ,2017-09-29,-0.0529463062064383
VRTX.OQ,2017-10-31,-0.038213627993136
VRTX.OQ,2017-11-30,-0.0132667715133091
VRTX.OQ,2017-12-29,0.0386028137943046
VRTX.OQ,2018-01-31,0.113505938890845
VRTX.OQ,2018-02-28,-0.0050338587031456
VRTX.OQ,2018-03-29,-0.0183701740792483
VRTX.OQ,2018-04-30,-0.0602527917418094
VRTX.OQ,2018-05-31,0.0054844607028208
VRTX.OQ,2018-06-29,0.103636363639261
VRTX.OQ,2018-07-31,0.0299482231000587
VRTX.OQ,2018-08-31,0.0534133104876771
VRTX.OQ,2018-09-28,0.0452277657204663
VRTX.OQ,2018-10-31,-0.120784476480042
VRTX.OQ,2018-11-30,0.0668594358629613
VRTX.OQ,2018-12-31,-0.0834116931134296
VRTX.OQ,2019-01-31,0.152072898431033
VRTX.OQ,2019-02-28,-0.0113142318171502
VRTX.OQ,2019-03-29,-0.0254304635718522
VRTX.OQ,2019-04-30,-0.0813808100250327
VRTX.OQ,2019-05-31,-0.0165700082592297
VRTX.OQ,2019-06-28,0.103502226503733
VRTX.OQ,2019-07-31,-0.0913949176471109
VRTX.OQ,2019-08-30,0.0804225183150782
VRTX.OQ,2019-09-30,-0.0588823464038308
VRTX.OQ,2019-10-31,0.153818911575228
VRTX.OQ,2019-11-29,0.1343871496037779
VRTX.OQ,2019-12-31,-0.0126268320095332
VRTX.OQ,2020-01-31,0.0369947476529049
VRTX.OQ,2020-02-28,-0.0133010349971565
VRTX.OQ,2020-03-31,0.0621345355841201
VRTX.OQ,2020-04-30,0.0556839672094849
VRTX.OQ,2020-05-29,0.146337579626415
VRTX.OQ,2020-06-30,0.0081608556585568
VRTX.OQ,2020-07-31,-0.0630705108155928
VRTX.OQ,2020-08-31,0.0261764706026135
VRTX.OQ,2020-09-30,-0.0250788191495991
VRTX.OQ,2020-10-30,-0.234308393366289
VRTX.OQ,2020-11-30,0.0930600883093551
VRTX.OQ,2020-12-31,0.0377167947309646
VRTX.OQ,2021-01-29,-0.0307184564512745
VRTX.OQ,2021-02-26,-0.0721581980258835
VRTX.OQ,2021-03-31,0.0110091743184368
VRTX.OQ,2021-04-30,0.0154032295497599
VRTX.OQ,2021-05-28,-0.043858845079837
VRTX.OQ,2021-06-30,-0.0335522216383072
VRTX.OQ,2021-07-30,-0.0002479789693447
VRTX.OQ,2021-08-31,-0.0063994443883478
VRTX.OQ,2021-09-30,-0.094363173408548
VRTX.OQ,2021-10-29,0.0195159600899708
VRTX.OQ,2021-11-30,0.0108689774439432
VRTX.OQ,2021-12-31,0.174708462599047
VRTX.OQ,2022-01-31,0.106785063742671
VRTX.OQ,2022-02-28,-0.0536103682242454
VRTX.OQ,2022-03-31,0.1345535170867139
VRTX.OQ,2022-04-29,0.0469402613469592
VRTX.OQ,2022-05-31,-0.0167264475481916
VRTX.OQ,2022-06-30,0.0489112227789058
VRTX.OQ,2022-07-29,-0.004897263897114
VRTX.OQ,2022-08-31,0.0048143789434065
VRTX.OQ,2022-09-30,0.0276121521792172
VRTX.OQ,2022-10-31,0.0775713200398678
VRTX.OQ,2022-11-30,0.0141025640931502
VRTX.OQ,2022-12-30,-0.0872945638425823
VRTX.OQ,2023-01-31,0.118844795341403
VRTX.OQ,2023-02-28,-0.101547508500218
VRTX.OQ,2023-03-31,0.0853629129485542
VRTX.OQ,2023-04-28,0.0814422191990058
VRTX.OQ,2023-05-31,-0.0503624570754486
VRTX.OQ,2023-06-30,0.0875853756597809
VRTX.OQ,2023-07-31,0.0012219033157234
VRTX.OQ,2023-08-31,-0.0113526707138374
VRTX.OQ,2023-09-29,-0.0017224550758517
VRTX.OQ,2023-10-31,0.0413239776850187
VRTX.OQ,2023-11-30,-0.0201596200231186
VRTX.OQ,2023-12-29,0.146782785165958
VRTX.OQ,2024-01-31,0.0651035906511299
CVS.N,2000-01-31,-0.123688464539499
CVS.N,2000-02-29,0.0017889087594615
CVS.N,2000-03-31,0.0732142857106097
CVS.N,2000-04-28,0.159589746968591
CVS.N,2000-05-31,1.3989029999999999e-11
CVS.N,2000-06-30,-0.0804597701265399
CVS.N,2000-07-31,-0.0127573741020116
CVS.N,2000-08-31,-0.0586370839694891
CVS.N,2000-09-29,0.247474747502125
CVS.N,2000-10-31,0.144478744927073
CVS.N,2000-11-30,0.074380165283257
CVS.N,2000-12-29,0.0538461538559646
CVS.N,2001-01-31,-0.0112612233632466
CVS.N,2001-02-28,0.0304054054042451
CVS.N,2001-03-30,-0.0411475409721315
CVS.N,2001-04-30,0.0088821903924309
CVS.N,2001-05-31,-0.0687022900680546
CVS.N,2001-06-29,-0.296903460831764
CVS.N,2001-07-31,-0.065773301332309
CVS.N,2001-08-31,0.002777006381512
CVS.N,2001-09-28,-0.0805870949813617
CVS.N,2001-10-31,-0.278832983551522
CVS.N,2001-11-30,0.127615062790983
CVS.N,2001-12-31,0.0983302412099258
CVS.N,2002-01-31,-0.0791879303007907
CVS.N,2002-02-28,0.0044117647143462
CVS.N,2002-03-28,0.256588579824245
CVS.N,2002-04-30,-0.023129559875847
CVS.N,2002-05-31,-0.043309438469982
CVS.N,2002-06-28,-0.0446456446994207
CVS.N,2002-07-31,-0.0632980337106275
CVS.N,2002-08-30,0.0276223776412723
CVS.N,2002-09-30,-0.137461721685581
CVS.N,2002-10-31,0.0961319737890889
CVS.N,2002-11-29,-0.0306527226553179
CVS.N,2002-12-31,-0.0710565476087505
CVS.N,2003-01-31,-0.0920057952972401
CVS.N,2003-02-28,0.100795755969946
CVS.N,2003-03-31,-0.0421686747064116
CVS.N,2003-04-30,0.0176112833367996
CVS.N,2003-05-30,0.078066914505212
CVS.N,2003-06-30,0.0739463601610622
CVS.N,2003-07-31,0.072157326024876
CVS.N,2003-08-29,0.0870290096630476
CVS.N,2003-09-30,-0.0472392638047199
CVS.N,2003-10-31,0.1345710525103129
CVS.N,2003-11-28,0.0648095508612094
CVS.N,2003-12-31,-0.0357714895814152
CVS.N,2004-01-30,-0.0092369471343015
CVS.N,2004-02-27,0.0498320268769294
CVS.N,2004-03-31,-0.058666666659498
CVS.N,2004-04-30,0.0962081376771022
CVS.N,2004-05-28,0.0789541806750813
CVS.N,2004-06-30,0.0081573896374653
CVS.N,2004-07-30,-0.0020479789086788
CVS.N,2004-08-31,-0.0446620491798878
CVS.N,2004-09-30,0.0532499999857745
CVS.N,2004-10-29,0.0331498332509688
CVS.N,2004-11-30,0.043948458362993
CVS.N,2004-12-31,-0.0066122988869682
CVS.N,2005-01-31,0.0299978454189476
CVS.N,2005-02-28,0.0750809061392859
CVS.N,2005-03-31,0.0559903672489166
CVS.N,2005-04-29,-0.0183755053739441
CVS.N,2005-05-31,0.063396665387353
CVS.N,2005-06-30,0.059981768461681
CVS.N,2005-07-29,0.0686752917468578
CVS.N,2005-08-31,-0.0534966161822742
CVS.N,2005-09-30,-0.01225740552504
CVS.N,2005-10-31,-0.157393309602844
CVS.N,2005-11-30,0.106923392022528
CVS.N,2005-12-30,-0.0222057734906305
CVS.N,2006-01-31,0.0522034892545511
CVS.N,2006-02-28,0.0205331412046472
CVS.N,2006-03-31,0.0543593363668019
CVS.N,2006-04-28,-0.0037235991188886
CVS.N,2006-05-31,-0.0612382234114961
CVS.N,2006-06-30,0.100358422979921
CVS.N,2006-07-31,0.0670858433346493
CVS.N,2006-08-31,0.0253667481875721
CVS.N,2006-09-29,-0.0426229508181914
CVS.N,2006-10-31,-0.0218325761287095
CVS.N,2006-11-30,-0.0831739961751193
CVS.N,2006-12-29,0.0743830378839598
CVS.N,2007-01-31,0.0902719099800067
CVS.N,2007-02-28,-0.0665676077249191
CVS.N,2007-03-30,0.322381848620946
CVS.N,2007-04-30,0.063332718520515
CVS.N,2007-05-31,0.0634657836558317
CVS.N,2007-06-29,-0.0542293720764898
CVS.N,2007-07-31,-0.0329448716549668
CVS.N,2007-08-31,0.0747371412377038
CVS.N,2007-09-28,0.0478582760377326
CVS.N,2007-10-31,0.0555749803897228
CVS.N,2007-11-30,-0.0402202537827251
CVS.N,2007-12-31,-0.00848091792588
CVS.N,2008-01-31,-0.0155117441792907
CVS.N,2008-02-29,0.0335295623323666
CVS.N,2008-03-31,0.0032194155633733
CVS.N,2008-04-30,-0.001976653210768
CVS.N,2008-05-30,0.0599455040781594
CVS.N,2008-06-30,-0.0752512269221668
CVS.N,2008-07-31,-0.075935150002492
CVS.N,2008-08-29,0.0027397260313795
CVS.N,2008-09-30,-0.0803278688684293
CVS.N,2008-10-31,-0.0870888370773129
CVS.N,2008-11-28,-0.0561174551386567
CVS.N,2008-12-31,-0.0065675769261028
CVS.N,2009-01-30,-0.0620117020900529
CVS.N,2009-02-27,-0.0424107142911278
CVS.N,2009-03-31,0.0679875679668138
CVS.N,2009-04-30,0.159082814771176
CVS.N,2009-05-29,-0.0623033354398508
CVS.N,2009-06-30,0.0694630872654924
CVS.N,2009-07-31,0.0529561446318905
CVS.N,2009-08-31,0.120669056145329
CVS.N,2009-09-30,-0.0474413646047929
CVS.N,2009-10-30,-0.0103193011364485
CVS.N,2009-11-30,-0.1215297450473689
CVS.N,2009-12-31,0.0386971944404344
CVS.N,2010-01-29,0.0075651753644085
CVS.N,2010-02-26,0.0426320667360425
CVS.N,2010-03-31,0.083259259261911
CVS.N,2010-04-30,0.0125156219491701
CVS.N,2010-05-28,-0.0622799891671157
CVS.N,2010-06-30,-0.153335258441938
CVS.N,2010-07-30,0.0497296711920536
CVS.N,2010-08-31,-0.12023460411711
CVS.N,2010-09-30,0.165555555567577
CVS.N,2010-10-29,-0.0401991123398169
CVS.N,2010-11-30,0.0292164674379545
CVS.N,2010-12-31,0.121612903220726
CVS.N,2011-01-31,-0.0128296507420726
CVS.N,2011-02-28,-0.0333333333468916
CVS.N,2011-03-31,0.0381125226968382
CVS.N,2011-04-29,0.0596310114124808
CVS.N,2011-05-31,0.067604856489468
CVS.N,2011-06-30,-0.0286895838580793
CVS.N,2011-07-29,-0.029457950250365
CVS.N,2011-08-31,-0.0121045391922547
CVS.N,2011-09-30,-0.0648844332750583
CVS.N,2011-10-31,0.0848924468206075
CVS.N,2011-11-30,0.0699724517886193
CVS.N,2011-12-30,0.049948506695858
CVS.N,2012-01-31,0.0276659563764504
CVS.N,2012-02-29,0.0802395209521343
CVS.N,2012-03-30,-0.0066518846872298
CVS.N,2012-04-30,-0.0002826367877685
CVS.N,2012-05-31,0.0071716718963095
CVS.N,2012-06-29,0.0398308856220708
CVS.N,2012-07-31,-0.0282076577809043
CVS.N,2012-08-31,0.0066298342612896
CVS.N,2012-09-28,0.0630076838498441
CVS.N,2012-10-31,-0.0383759334076377
CVS.N,2012-11-30,0.002370689651197
CVS.N,2012-12-31,0.0395613846445959
CVS.N,2013-01-31,0.0635174935113141
CVS.N,2013-02-28,-0.0015625000245887
CVS.N,2013-03-28,0.0757042253566849
CVS.N,2013-04-30,0.062114898649122
CVS.N,2013-05-31,-0.0103128222819818
CVS.N,2013-06-28,-0.0069468565427435
CVS.N,2013-07-31,0.0793295938722701
CVS.N,2013-08-30,-0.0559440559513827
CVS.N,2013-09-30,-0.0223944875115939
CVS.N,2013-10-31,0.10120660793588
CVS.N,2013-11-29,0.0754898811458202
CVS.N,2013-12-31,0.0688470728760973
CVS.N,2014-01-31,-0.0499848414957894
CVS.N,2014-02-28,0.08003544003583
CVS.N,2014-03-31,0.0235165435935796
CVS.N,2014-04-30,-0.024963984843874
CVS.N,2014-05-30,0.0770077007761221
CVS.N,2014-06-30,-0.0376659857127275
CVS.N,2014-07-31,0.0167958511131334
CVS.N,2014-08-29,0.0404662126473669
CVS.N,2014-09-30,0.0017621145618202
CVS.N,2014-10-31,0.0817261532842604
CVS.N,2014-11-28,0.0646777764829336
CVS.N,2014-12-31,0.0541812609154164
CVS.N,2015-01-30,0.0228351450565609
CVS.N,2015-02-27,0.0581703341740942
CVS.N,2015-03-31,-0.006354096457174
CVS.N,2015-04-30,-0.0346546603734584
CVS.N,2015-05-29,0.0311209587882832
CVS.N,2015-06-30,0.0244188317798122
CVS.N,2015-07-31,0.0757786422785183
CVS.N,2015-08-31,-0.0895349871102904
CVS.N,2015-09-30,-0.0578125000146875
CVS.N,2015-10-30,0.0272980536454399
CVS.N,2015-11-30,-0.0474792468239262
CVS.N,2015-12-31,0.0391114889984807
CVS.N,2016-01-29,-0.0076081281052724
CVS.N,2016-02-29,0.0060047624053287
CVS.N,2016-03-31,0.0675105485159491
CVS.N,2016-04-29,-0.0271216941368421
CVS.N,2016-05-31,-0.0402985074575102
CVS.N,2016-06-30,-0.0073613271026046
CVS.N,2016-07-29,-0.0272961492949061
CVS.N,2016-08-31,0.0073339085384347
CVS.N,2016-09-30,-0.047216274061874
CVS.N,2016-10-31,-0.0503492354808498
CVS.N,2016-11-30,-0.0857312722952438
CVS.N,2016-12-30,0.0262712966548297
CVS.N,2017-01-31,0.0048554206603332
CVS.N,2017-02-28,0.0224590787786003
CVS.N,2017-03-31,-0.0258128567849677
CVS.N,2017-04-28,0.0569377812581897
CVS.N,2017-05-31,-0.0680494905279003
CVS.N,2017-06-30,0.0472471690669085
CVS.N,2017-07-31,-0.000149767381302
CVS.N,2017-08-31,-0.0324033529678028
CVS.N,2017-09-29,0.0514610809526158
CVS.N,2017-10-31,-0.151729097347847
CVS.N,2017-11-30,0.117758645868818
CVS.N,2017-12-29,-0.0535248041871355
CVS.N,2018-01-31,0.0921258251978334
CVS.N,2018-02-28,-0.139280721809641
CVS.N,2018-03-29,-0.0815000738048909
CVS.N,2018-04-30,0.131106960379471
CVS.N,2018-05-31,-0.0922239725141423
CVS.N,2018-06-29,0.0151443445338391
CVS.N,2018-07-31,0.0156101091074476
CVS.N,2018-08-31,0.1600370027760639
CVS.N,2018-09-28,0.046251993623361
CVS.N,2018-10-31,-0.0740652194955876
CVS.N,2018-11-30,0.107887829816206
CVS.N,2018-12-31,-0.183042394004139
CVS.N,2019-01-31,0.0081560739319996
CVS.N,2019-02-28,-0.1177726925873989
CVS.N,2019-03-29,-0.0674390454774658
CVS.N,2019-04-30,0.0179602489048911
CVS.N,2019-05-31,-0.0369621184181533
CVS.N,2019-06-28,0.0404811914997147
CVS.N,2019-07-31,0.034482077069809
CVS.N,2019-08-30,0.0903884016285915
CVS.N,2019-09-30,0.0352921864688769
CVS.N,2019-10-31,0.0606630940517394
CVS.N,2019-11-29,0.133755083596083
CVS.N,2019-12-31,-0.0130197954116669
CVS.N,2020-01-31,-0.0809236596139494
CVS.N,2020-02-28,-0.127396048342429
CVS.N,2020-03-31,0.0025346400763452
CVS.N,2020-04-30,0.0460128435040792
CVS.N,2020-05-29,0.0653127538559219
CVS.N,2020-06-30,-0.0091505261768053
CVS.N,2020-07-31,-0.0236506870160615
CVS.N,2020-08-31,-0.0130282809027308
CVS.N,2020-09-30,-0.0598840953063514
CVS.N,2020-10-30,-0.0314470348758008
CVS.N,2020-11-30,0.20859333211441
CVS.N,2020-12-31,0.0075232334977906
CVS.N,2021-01-29,0.0561288259363069
CVS.N,2021-02-26,-0.0491277041372161
CVS.N,2021-03-31,0.104212534846338
CVS.N,2021-04-30,0.0222177847824772
CVS.N,2021-05-28,0.131413612561858
CVS.N,2021-06-30,-0.0347061545779726
CVS.N,2021-07-30,-0.0069706830192802
CVS.N,2021-08-31,0.0489315201563267
CVS.N,2021-09-30,-0.0177103831480822
CVS.N,2021-10-29,0.0581420040293967
CVS.N,2021-11-30,-0.0024641577190408
CVS.N,2021-12-31,0.15832023352979
CVS.N,2022-01-31,0.0380198823847711
CVS.N,2022-02-28,-0.0268519387803603
CVS.N,2022-03-31,-0.0235407621762773
CVS.N,2022-04-29,-0.0452260017455011
CVS.N,2022-05-31,0.0064495994835049
CVS.N,2022-06-30,-0.0422739018027416
CVS.N,2022-07-29,0.0386865506732688
CVS.N,2022-08-31,0.0258152173937607
CVS.N,2022-09-30,-0.0283239938753471
CVS.N,2022-10-31,-0.0010231147910226
CVS.N,2022-11-30,0.0758183738106977
CVS.N,2022-12-30,-0.085296427162402
CVS.N,2023-01-31,-0.0467848724008826
CVS.N,2023-02-28,-0.0530491952015526
CVS.N,2023-03-31,-0.110485994724499
CVS.N,2023-04-28,-0.0053089010486961
CVS.N,2023-05-31,-0.0720229163937748
CVS.N,2023-06-30,0.0161693370724958
CVS.N,2023-07-31,0.0891587657828861
CVS.N,2023-08-31,-0.127460168684732
CVS.N,2023-09-29,0.0713518490328542
CVS.N,2023-10-31,-0.0031324707380791
CVS.N,2023-11-30,-0.0153600927457074
CVS.N,2023-12-29,0.162030905066136
CVS.N,2024-01-31,-0.0495764368054199
HUM.N,2000-01-31,-0.0229007633464263
HUM.N,2000-02-29,-0.148437499994689
HUM.N,2000-03-31,0.0733944954101557
HUM.N,2000-04-28,0.0512820512672816
HUM.N,2000-05-31,-0.268292682928876
HUM.N,2000-06-30,-0.13333333330867
HUM.N,2000-07-31,0.500000000007423
HUM.N,2000-08-31,0.170940170918473
HUM.N,2000-09-29,0.255474452545732
HUM.N,2000-10-31,0.12790697675928
HUM.N,2000-11-30,-0.0103092783432003
HUM.N,2000-12-29,0.270833333356731
HUM.N,2001-01-31,-0.216393442622627
HUM.N,2001-02-28,0.129707112958441
HUM.N,2001-03-30,-0.223703703710107
HUM.N,2001-04-30,-0.0572519083809597
HUM.N,2001-05-31,-0.0334008097082631
HUM.N,2001-06-29,0.0314136125465967
HUM.N,2001-07-31,0.131979695437983
HUM.N,2001-08-31,0.076233183862821
HUM.N,2001-09-28,0.0050000000248307
HUM.N,2001-10-31,-0.0422885571927486
HUM.N,2001-11-30,0.0891774891672719
HUM.N,2001-12-31,-0.0627980922174309
HUM.N,2002-01-31,0.0559796437745683
HUM.N,2002-02-28,0.0522088353407579
HUM.N,2002-03-28,0.0328244274989196
HUM.N,2002-04-30,0.208425720604367
HUM.N,2002-05-31,-0.0691131498437481
HUM.N,2002-06-28,0.0269382391582469
HUM.N,2002-07-31,-0.212412028142174
HUM.N,2002-08-30,0.0804224207807848
HUM.N,2002-09-30,-0.0676691729334424
HUM.N,2002-10-31,-0.0177419354928439
HUM.N,2002-11-29,-0.145320197049596
HUM.N,2002-12-31,-0.0393852065196697
HUM.N,2003-01-31,-0.0060000000145157
HUM.N,2003-02-28,-0.0140845070660276
HUM.N,2003-03-31,-0.0204081632675117
HUM.N,2003-04-30,0.151041666686599
HUM.N,2003-05-30,0.175565610863421
HUM.N,2003-06-30,0.162432640507776
HUM.N,2003-07-31,0.160264900643711
HUM.N,2003-08-29,0.0039954337545153
HUM.N,2003-09-30,0.0261512222647081
HUM.N,2003-10-31,0.124099722974285
HUM.N,2003-11-28,0.100542138982407
HUM.N,2003-12-31,0.0232870577668276
HUM.N,2004-01-30,0.0210065645368678
HUM.N,2004-02-27,-0.0604372053337399
HUM.N,2004-03-31,-0.132299270058947
HUM.N,2004-04-30,-0.143533123023812
HUM.N,2004-05-28,0.0478821362775232
HUM.N,2004-06-30,-0.0099589923664047
HUM.N,2004-07-30,0.0715976331280102
HUM.N,2004-08-31,0.0491441192591846
HUM.N,2004-09-30,0.0515789473663612
HUM.N,2004-10-29,-0.0415415415514716
HUM.N,2004-11-30,0.296083550939835
HUM.N,2004-12-31,0.196212731629166
HUM.N,2005-01-31,0.154260693829164
HUM.N,2005-02-28,-0.0291800408588441
HUM.N,2005-03-31,-0.0399759543124781
HUM.N,2005-04-29,0.0848465873769547
HUM.N,2005-05-31,0.0493506493506996
HUM.N,2005-06-30,0.0929592959078145
HUM.N,2005-07-29,0.0027679919752077
HUM.N,2005-08-31,0.208531994985591
HUM.N,2005-09-30,-0.0058139534762182
HUM.N,2005-10-31,-0.0728905597208107
HUM.N,2005-11-30,0.0324397386760664
HUM.N,2005-12-30,0.185468034064399
HUM.N,2006-01-31,0.0265046935100588
HUM.N,2006-02-28,-0.0735162273469292
HUM.N,2006-03-31,0.0189665182831238
HUM.N,2006-04-28,-0.141880341889748
HUM.N,2006-05-31,0.120628596707447
HUM.N,2006-06-30,0.0606359865769947
HUM.N,2006-07-31,0.0415270018694536
HUM.N,2006-08-31,0.0893974611105584
HUM.N,2006-09-29,0.0846873461368083
HUM.N,2006-10-31,-0.0921470721936704
HUM.N,2006-11-30,-0.0983333333362904
HUM.N,2006-12-29,0.0223659888997452
HUM.N,2007-01-31,0.0034351835219832
HUM.N,2007-02-28,0.0781981981836353
HUM.N,2007-03-30,-0.0304144384995169
HUM.N,2007-04-30,0.0899689762006282
HUM.N,2007-05-31,-0.0188172042932584
HUM.N,2007-06-29,-0.0183722804198385
HUM.N,2007-07-31,0.0522081760240311
HUM.N,2007-08-31,6.88538e-12
HUM.N,2007-09-28,0.0903417069522348
HUM.N,2007-10-31,0.0725529478809033
HUM.N,2007-11-30,0.0277518345655681
HUM.N,2007-12-31,-0.0223289627461312
HUM.N,2008-01-31,0.0662594608717277
HUM.N,2008-02-29,-0.149066002491814
HUM.N,2008-03-31,-0.343480169755699
HUM.N,2008-04-30,0.0653143111988119
HUM.N,2008-05-30,0.0682151077685922
HUM.N,2008-06-30,-0.220959843280445
HUM.N,2008-07-31,0.104098566760518
HUM.N,2008-08-29,0.056706900469361
HUM.N,2008-09-30,-0.112068965512985
HUM.N,2008-10-31,-0.281796116499929
HUM.N,2008-11-28,0.0216289286988796
HUM.N,2008-12-31,0.233212041002858
HUM.N,2009-01-30,0.0174356223070498
HUM.N,2009-02-27,-0.375955707882712
HUM.N,2009-03-31,0.10181664555662
HUM.N,2009-04-30,0.103527607355263
HUM.N,2009-05-29,0.0886031966756071
HUM.N,2009-06-30,0.0296840089579831
HUM.N,2009-07-31,0.0182889026869655
HUM.N,2009-08-31,0.086757990862157
HUM.N,2009-09-30,0.0448179271687163
HUM.N,2009-10-30,0.0075067024064174
HUM.N,2009-11-30,0.104576902599554
HUM.N,2009-12-31,0.0573355817953258
HUM.N,2010-01-29,0.107769423561977
HUM.N,2010-02-26,-0.0265322912357577
HUM.N,2010-03-31,-0.0118318191351083
HUM.N,2010-04-30,-0.0224502886176943
HUM.N,2010-05-28,0.0072178477904902
HUM.N,2010-06-30,-0.0082519001177129
HUM.N,2010-07-30,0.0295598861322361
HUM.N,2010-08-31,0.0163760102034733
HUM.N,2010-09-30,0.0512659552255881
HUM.N,2010-10-29,0.160230891729223
HUM.N,2010-11-30,-0.0386001029364104
HUM.N,2010-12-31,-0.0231977159234299
HUM.N,2011-01-31,0.0590062111765916
HUM.N,2011-02-28,0.1214421252365069
HUM.N,2011-03-31,0.075834486962025
HUM.N,2011-04-29,0.0883614526662515
HUM.N,2011-05-31,0.0579348397184964
HUM.N,2011-06-30,0.003153020987644
HUM.N,2011-07-29,-0.0740004966441655
HUM.N,2011-08-31,0.0410297666933628
HUM.N,2011-09-30,-0.0601724743520478
HUM.N,2011-10-31,0.167193730212688
HUM.N,2011-11-30,0.0446460124760648
HUM.N,2011-12-30,-0.0092473732306022
HUM.N,2012-01-31,0.0160940531939457
HUM.N,2012-02-29,-0.0215681869306909
HUM.N,2012-03-30,0.0647626903199523
HUM.N,2012-04-30,-0.127595155722131
HUM.N,2012-05-31,-0.0531730292564839
HUM.N,2012-06-29,0.017058980618903
HUM.N,2012-07-31,-0.204545454537968
HUM.N,2012-08-31,0.137662337666867
HUM.N,2012-09-28,0.0047344649291505
HUM.N,2012-10-31,0.0587312900994431
HUM.N,2012-11-30,-0.119294466149572
HUM.N,2012-12-31,0.0532397007088863
HUM.N,2013-01-31,0.0834911846310142
HUM.N,2013-02-28,-0.082033351261797
HUM.N,2013-03-28,0.0163989789635348
HUM.N,2013-04-30,0.0723484300302896
HUM.N,2013-05-31,0.0900013493526376
HUM.N,2013-06-28,0.0479166352802713
HUM.N,2013-07-31,0.0815359089837878
HUM.N,2013-08-30,0.0089853166744398
HUM.N,2013-09-30,0.0164933146695152
HUM.N,2013-10-31,-0.0126433086927712
HUM.N,2013-11-29,0.128486163837501
HUM.N,2013-12-31,-0.0048038713850551
HUM.N,2014-01-31,-0.0573532261155454
HUM.N,2014-02-28,0.155806783149463
HUM.N,2014-03-31,0.0047269270717642
HUM.N,2014-04-30,-0.0263484741000478
HUM.N,2014-05-30,0.1340318906561829
HUM.N,2014-06-30,0.0284414649435001
HUM.N,2014-07-31,-0.0788443470214819
HUM.N,2014-08-29,0.0942626434213003
HUM.N,2014-09-30,0.0141909211850633
HUM.N,2014-10-31,0.0656995932332101
HUM.N,2014-11-28,-0.0063377745834716
HUM.N,2014-12-31,0.0430408980881296
HUM.N,2015-01-30,0.0195641578915668
HUM.N,2015-02-27,0.1225075115863569
HUM.N,2015-03-31,0.0846866324281245
HUM.N,2015-04-30,-0.0697674418549266
HUM.N,2015-05-29,0.296195652169588
HUM.N,2015-06-30,-0.107553039109247
HUM.N,2015-07-31,-0.0480447511535482
HUM.N,2015-08-31,0.0038442528566713
HUM.N,2015-09-30,-0.0191035655508887
HUM.N,2015-10-30,-0.0020670390906585
HUM.N,2015-11-30,-0.0558136931366005
HUM.N,2015-12-31,0.0601272371792534
HUM.N,2016-01-29,-0.0880622934262241
HUM.N,2016-02-29,0.087106087616154
HUM.N,2016-03-31,0.035404945222318
HUM.N,2016-04-29,-0.0321399289866034
HUM.N,2016-05-31,-0.0257525272308823
HUM.N,2016-06-30,0.0443750138763548
HUM.N,2016-07-29,-0.0407493884928028
HUM.N,2016-08-31,0.0356997971801729
HUM.N,2016-09-30,-0.0101840971546968
HUM.N,2016-10-31,-0.028717288488284
HUM.N,2016-11-30,0.239666530655069
HUM.N,2016-12-30,-0.0404909706710591
HUM.N,2017-01-31,-0.0256998270160632
HUM.N,2017-02-28,0.0642317380084767
HUM.N,2017-03-31,-0.0222948470395182
HUM.N,2017-04-28,0.076840981884946
HUM.N,2017-05-31,0.0463104784461175
HUM.N,2017-06-30,0.0377225297817152
HUM.N,2017-07-31,-0.0391488654275458
HUM.N,2017-08-31,0.11427335640443
HUM.N,2017-09-29,-0.0527464868761436
HUM.N,2017-10-31,0.0481057341090939
HUM.N,2017-11-30,0.0215782259712502
HUM.N,2017-12-29,-0.0475025300190179
HUM.N,2018-01-31,0.136090619584967
HUM.N,2018-02-28,-0.0355178653851174
HUM.N,2018-03-29,-0.0091516736209273
HUM.N,2018-04-30,0.09429751142242
HUM.N,2018-05-31,-0.0108776939220863
HUM.N,2018-06-29,0.0245758384455446
HUM.N,2018-07-31,0.0556059536638425
HUM.N,2018-08-31,0.0607295181090606
HUM.N,2018-09-28,0.0172992051459366
HUM.N,2018-10-31,-0.0534975776883019
HUM.N,2018-11-30,0.0282762710257923
HUM.N,2018-12-31,-0.1289421209067
HUM.N,2019-01-31,0.0785744205300826
HUM.N,2019-02-28,-0.0775105990606688
HUM.N,2019-03-29,-0.0648431803425138
HUM.N,2019-04-30,-0.0398120300623785
HUM.N,2019-05-31,-0.041306135238373
HUM.N,2019-06-28,0.0857283959250075
HUM.N,2019-07-31,0.118545043356667
HUM.N,2019-08-30,-0.0456276326862999
HUM.N,2019-09-30,-0.0953147824282129
HUM.N,2019-10-31,0.150702076924358
HUM.N,2019-11-29,0.159857239947642
HUM.N,2019-12-31,0.0757205715287221
HUM.N,2020-01-31,-0.0826148641307484
HUM.N,2020-02-28,-0.0492505353449509
HUM.N,2020-03-31,-0.0157325989514543
HUM.N,2020-04-30,0.215909814674593
HUM.N,2020-05-29,0.0755067833037057
HUM.N,2020-06-30,-0.054209612507794
HUM.N,2020-07-31,0.0121212120943988
HUM.N,2020-08-31,0.0578927252027917
HUM.N,2020-09-30,-0.0015312111791929
HUM.N,2020-10-30,-0.0352992340871123
HUM.N,2020-11-30,0.0031055900787744
HUM.N,2020-12-31,0.0259198097687959
HUM.N,2021-01-29,-0.0662003071289838
HUM.N,2021-02-26,-0.0090313486967038
HUM.N,2021-03-31,0.106122422619275
HUM.N,2021-04-30,0.0619916517405852
HUM.N,2021-05-28,-0.0169346869163317
HUM.N,2021-06-30,0.0130698664875626
HUM.N,2021-07-30,-0.0380827611047232
HUM.N,2021-08-31,-0.0479969943353413
HUM.N,2021-09-30,-0.0384316945758691
HUM.N,2021-10-29,0.190183733789011
HUM.N,2021-11-30,-0.0938120735783125
HUM.N,2021-12-31,0.106850842234191
HUM.N,2022-01-31,-0.1538395205425499
HUM.N,2022-02-28,0.106547770699483
HUM.N,2022-03-31,0.0037528473696839
HUM.N,2022-04-29,0.021577774219435
HUM.N,2022-05-31,0.0217518445216227
HUM.N,2022-06-30,0.0322018862881086
HUM.N,2022-07-29,0.0297605059352373
HUM.N,2022-08-31,-0.0004564315238876
HUM.N,2022-09-30,0.0086929437338796
HUM.N,2022-10-31,0.150229806885177
HUM.N,2022-11-30,-0.0146573967919649
HUM.N,2022-12-30,-0.0671468445947014
HUM.N,2023-01-31,-0.0009566762344783
HUM.N,2023-02-28,-0.0325972249415752
HUM.N,2023-03-31,-0.01753516086323
HUM.N,2023-04-28,0.0927573847721195
HUM.N,2023-05-31,-0.0539501215946736
HUM.N,2023-06-30,-0.10729567427414
HUM.N,2023-07-31,0.0216939145190473
HUM.N,2023-08-31,0.0105071908632939
HUM.N,2023-09-29,0.0558011176091269
HUM.N,2023-10-31,0.0763997369074432
HUM.N,2023-11-30,-0.0741469189630469
HUM.N,2023-12-29,-0.0539552171926605
HUM.N,2024-01-31,-0.174198903487657
HSY.N,2000-01-31,-0.1052631578730179
HSY.N,2000-02-29,0.0396510441800644
HSY.N,2000-03-31,0.109530583213089
HSY.N,2000-04-28,-0.0692307692402775
HSY.N,2000-05-31,0.148973820911366
HSY.N,2000-06-30,-0.0650602409724492
HSY.N,2000-07-31,-0.046391752603932
HSY.N,2000-08-31,-0.0712680870446369
HSY.N,2000-09-29,0.267935578325732
HSY.N,2000-10-31,0.0034642032076965
HSY.N,2000-11-30,0.17007782466551
HSY.N,2000-12-29,0.0177865612462282
HSY.N,2001-01-31,-0.0757281553328716
HSY.N,2001-02-28,0.0818590416502112
HSY.N,2001-03-30,0.0816039943974019
HSY.N,2001-04-30,-0.12853433351568
HSY.N,2001-05-31,0.0085287352586289
HSY.N,2001-06-29,0.0176451187207878
HSY.N,2001-07-31,-0.0218765191968743
HSY.N,2001-08-31,0.0733581149121356
HSY.N,2001-09-28,0.0138027295217566
HSY.N,2001-10-31,-0.0250879608463085
HSY.N,2001-11-30,0.0318556635231872
HSY.N,2001-12-31,0.0342193705882912
HSY.N,2002-01-31,0.0394387001602521
HSY.N,2002-02-28,0.0082703861063087
HSY.N,2002-03-28,-0.0298655343294363
HSY.N,2002-04-30,-0.007878611036582
HSY.N,2002-05-31,-0.0143148724794183
HSY.N,2002-06-28,-0.0633897797096318
HSY.N,2002-07-31,0.255360000010991
HSY.N,2002-08-30,-0.0303059857982673
HSY.N,2002-09-30,-0.180858085817839
HSY.N,2002-10-31,0.0486704270545486
HSY.N,2002-11-29,-0.0055138405574061
HSY.N,2002-12-31,0.0473676036604067
HSY.N,2003-01-31,-0.0435943060446516
HSY.N,2003-02-28,0.0067633746789486
HSY.N,2003-03-31,-0.030181086517941
HSY.N,2003-04-30,0.0413341844863454
HSY.N,2003-05-30,0.0949381045616937
HSY.N,2003-06-30,-0.0202531645583749
HSY.N,2003-07-31,0.0452196382490875
HSY.N,2003-08-29,-0.0346147013022725
HSY.N,2003-09-30,0.0397711015758668
HSY.N,2003-10-31,0.060814529428072
HSY.N,2003-11-28,0.0129405037748456
HSY.N,2003-12-31,-0.0091377091449634
HSY.N,2004-01-30,-0.0192232757313121
HSY.N,2004-02-27,0.103048928788367
HSY.N,2004-03-31,-0.0006031363073879
HSY.N,2004-04-30,0.0729028364646489
HSY.N,2004-05-28,0.0026608100384075
HSY.N,2004-06-30,0.0429392539352251
HSY.N,2004-07-30,0.0468986384190409
HSY.N,2004-08-31,0.001296762769247
HSY.N,2004-09-30,-0.032518641258718
HSY.N,2004-10-29,0.0852065938742645
HSY.N,2004-11-30,0.0261988914876068
HSY.N,2004-12-31,0.072200772195729
HSY.N,2005-01-31,0.0531148721734621
HSY.N,2005-02-28,0.0809677971125491
HSY.N,2005-03-31,-0.0403174603191393
HSY.N,2005-04-29,0.0568971220460075
HSY.N,2005-05-31,0.0082597065980933
HSY.N,2005-06-30,-0.0328609250595326
HSY.N,2005-07-29,0.0285024154412493
HSY.N,2005-08-31,-0.0710617791494084
HSY.N,2005-09-30,-0.0470468776497147
HSY.N,2005-10-31,0.0092345941913445
HSY.N,2005-11-30,-0.0416562971300843
HSY.N,2005-12-30,0.0189966801591705
HSY.N,2006-01-31,-0.0733031674110654
HSY.N,2006-02-28,0.0036372120856405
HSY.N,2006-03-31,0.0211143694845579
HSY.N,2006-04-28,0.0212521539421149
HSY.N,2006-05-31,0.071596948810536
HSY.N,2006-06-30,-0.0323317518918478
HSY.N,2006-07-31,-0.0018158707097477
HSY.N,2006-08-31,-0.0134224326648798
HSY.N,2006-09-29,-0.0094514455271353
HSY.N,2006-10-31,-0.0101028998955984
HSY.N,2006-11-30,0.006320228658271
HSY.N,2006-12-29,-0.0598451954037839
HSY.N,2007-01-31,0.0248995983812264
HSY.N,2007-02-28,0.0412680926236551
HSY.N,2007-03-30,0.0336611194926475
HSY.N,2007-04-30,0.0054884742032985
HSY.N,2007-05-31,-0.0359610386623608
HSY.N,2007-06-29,-0.0396509201459516
HSY.N,2007-07-31,-0.0892927696355977
HSY.N,2007-08-31,0.0151246053395186
HSY.N,2007-09-28,-0.0019354838636455
HSY.N,2007-10-31,-0.0711053651870615
HSY.N,2007-11-30,-0.0671449477848069
HSY.N,2007-12-31,-0.0127787521853659
HSY.N,2008-01-31,-0.0812182741251009
HSY.N,2008-02-29,0.032630857169438
HSY.N,2008-03-31,0.0159115426014824
HSY.N,2008-04-30,-0.0076984337762805
HSY.N,2008-05-30,0.0569975144049715
HSY.N,2008-06-30,-0.163562133193733
HSY.N,2008-07-31,0.121720561300859
HSY.N,2008-08-29,-0.0106649661224702
HSY.N,2008-09-30,0.0955943474597614
HSY.N,2008-10-31,-0.058168942853062
HSY.N,2008-11-28,-0.0250071292893238
HSY.N,2008-12-31,-0.0350000000025978
HSY.N,2009-01-30,0.0731145653450833
HSY.N,2009-02-27,-0.0883252328076535
HSY.N,2009-03-31,0.0314633422607349
HSY.N,2009-04-30,0.0399999999982832
HSY.N,2009-05-29,-0.0171988912512668
HSY.N,2009-06-30,0.0221465076459475
HSY.N,2009-07-31,0.109722222227395
HSY.N,2009-08-31,-0.0106564591283753
HSY.N,2009-09-30,-0.0094315574865936
HSY.N,2009-10-30,-0.0275347400780824
HSY.N,2009-11-30,-0.0563863146319138
HSY.N,2009-12-31,0.0118744698838815
HSY.N,2010-01-29,0.0178820899890846
HSY.N,2010-02-26,0.100304018507527
HSY.N,2010-03-31,0.0767102615645321
HSY.N,2010-04-30,0.0981079187269014
HSY.N,2010-05-28,0.0023750156234405
HSY.N,2010-06-30,0.0241452991617995
HSY.N,2010-07-30,-0.0194032964433036
HSY.N,2010-08-31,-0.0046171242803156
HSY.N,2010-09-30,0.0241015708993206
HSY.N,2010-10-29,0.0399243538566045
HSY.N,2010-11-30,-0.0478634972530695
HSY.N,2010-12-31,0.0074786324654263
HSY.N,2011-01-31,-0.0097560975375858
HSY.N,2011-02-28,0.1282410639906309
HSY.N,2011-03-31,0.038799694203647
HSY.N,2011-04-29,0.0618215271295317
HSY.N,2011-05-31,-0.0282673451241221
HSY.N,2011-06-30,0.0200968957376047
HSY.N,2011-07-29,-0.0072119612845194
HSY.N,2011-08-31,0.0453850670254015
HSY.N,2011-09-30,0.0100596760414167
HSY.N,2011-10-31,-0.0339297771762695
HSY.N,2011-11-30,0.0140325039183493
HSY.N,2011-12-30,0.0710818308077044
HSY.N,2012-01-31,-0.0113305276747304
HSY.N,2012-02-29,4.7506993742230006e-05
HSY.N,2012-03-30,0.0103789126785061
HSY.N,2012-04-30,0.0926137290195267
HSY.N,2012-05-31,0.0034019533073432
HSY.N,2012-06-29,0.0773257552991793
HSY.N,2012-07-31,-0.0040261002494764
HSY.N,2012-08-31,0.0063601917875237
HSY.N,2012-09-28,-0.0129490392670263
HSY.N,2012-10-31,-0.0287769784190774
HSY.N,2012-11-30,0.0703744651219853
HSY.N,2012-12-31,-0.0143305582128949
HSY.N,2013-01-31,0.100110772642526
HSY.N,2013-02-28,0.0544480852615976
HSY.N,2013-03-28,0.0502759779073143
HSY.N,2013-04-30,0.0186221866843408
HSY.N,2013-05-31,0.004146673335809
HSY.N,2013-06-28,0.0019077544544538
HSY.N,2013-07-31,0.0626120071591442
HSY.N,2013-08-30,-0.025761110504545
HSY.N,2013-09-30,0.0059815116946131
HSY.N,2013-10-31,0.0728648648449621
HSY.N,2013-11-29,-0.0187351555634173
HSY.N,2013-12-31,0.0035091340763671
HSY.N,2014-01-31,0.0223182145637815
HSY.N,2014-02-28,0.0693816286673965
HSY.N,2014-03-31,-0.013419013424504
HSY.N,2014-04-30,-0.0781609195678101
HSY.N,2014-05-30,0.0164832608832002
HSY.N,2014-06-30,0.0003081980436214
HSY.N,2014-07-31,-0.0946903563841474
HSY.N,2014-08-29,0.0431333597106955
HSY.N,2014-09-30,0.0438634871791363
HSY.N,2014-10-31,0.0050298648317754
HSY.N,2014-11-28,0.0513728387768386
HSY.N,2014-12-31,0.0363980854014365
HSY.N,2015-01-30,-0.0165496007131507
HSY.N,2015-02-27,0.0204866800549437
HSY.N,2015-03-31,-0.0276546540874316
HSY.N,2015-04-30,-0.0890892874840535
HSY.N,2015-05-29,0.0159723081834412
HSY.N,2015-06-30,-0.0433986646432043
HSY.N,2015-07-31,0.0457052797552007
HSY.N,2015-08-31,-0.0300032296112597
HSY.N,2015-09-30,0.0263628239523034
HSY.N,2015-10-30,-0.0347191989432811
HSY.N,2015-11-30,-0.020210931706582
HSY.N,2015-12-31,0.0342949832234123
HSY.N,2016-01-29,-0.0129942870181866
HSY.N,2016-02-29,0.0382403197796799
HSY.N,2016-03-31,0.0132027726042084
HSY.N,2016-04-29,0.0110761212015282
HSY.N,2016-05-31,0.0036230975628941
HSY.N,2016-06-30,0.222294022603307
HSY.N,2016-07-29,-0.0240549828117231
HSY.N,2016-08-31,-0.0932104447030966
HSY.N,2016-09-30,-0.0429472419636011
HSY.N,2016-10-31,0.0717573221701129
HSY.N,2016-11-30,-0.0508419638393733
HSY.N,2016-12-30,0.0702607615850153
HSY.N,2017-01-31,0.0197234844718641
HSY.N,2017-02-28,0.0331875410152265
HSY.N,2017-03-31,0.0083064144021229
HSY.N,2017-04-28,-0.0096109839874913
HSY.N,2017-05-31,0.07116113319088
HSY.N,2017-06-30,-0.0685347445216105
HSY.N,2017-07-31,-0.0191859923507532
HSY.N,2017-08-31,0.0023797697442737
HSY.N,2017-09-29,0.0405070529904055
HSY.N,2017-10-31,-0.0273884766989342
HSY.N,2017-11-30,0.051051329575212
HSY.N,2017-12-29,0.0232579103860509
HSY.N,2018-01-31,-0.0280151528788074
HSY.N,2018-02-28,-0.103380385828878
HSY.N,2018-03-29,0.0071239568288092
HSY.N,2018-04-30,-0.0709377526303517
HSY.N,2018-05-31,-0.0136574336539881
HSY.N,2018-06-29,0.0335406485802616
HSY.N,2018-07-31,0.0553406404708836
HSY.N,2018-08-31,0.0309862469070545
HSY.N,2018-09-28,0.0147234381165762
HSY.N,2018-10-31,0.0504901960675463
HSY.N,2018-11-30,0.017586007671941
HSY.N,2018-12-31,-0.0103416435819268
HSY.N,2019-01-31,-0.0100765068049559
HSY.N,2019-02-28,0.0499399033011042
HSY.N,2019-03-29,0.0374954824584257
HSY.N,2019-04-30,0.0872594269625127
HSY.N,2019-05-31,0.0628085492006059
HSY.N,2019-06-28,0.015686571680152
HSY.N,2019-07-31,0.132134596718922
HSY.N,2019-08-30,0.0495155401759599
HSY.N,2019-09-30,-0.0220217062155256
HSY.N,2019-10-31,-0.0523904768014901
HSY.N,2019-11-29,0.0141042567378062
HSY.N,2019-12-31,-0.0079643628537985
HSY.N,2020-01-31,0.0557218669213164
HSY.N,2020-02-28,-0.0675699313201135
HSY.N,2020-03-31,-0.0797972081454781
HSY.N,2020-04-30,-0.0005283018857382
HSY.N,2020-05-29,0.030727086046809
HSY.N,2020-06-30,-0.0446639150783196
HSY.N,2020-07-31,0.121817620726012
HSY.N,2020-08-31,0.0277759287222237
HSY.N,2020-09-30,-0.0356566200147732
HSY.N,2020-10-30,-0.0410213478644872
HSY.N,2020-11-30,0.0816664767851323
HSY.N,2020-12-31,0.0300223138869034
HSY.N,2021-01-29,-0.0452307490075762
HSY.N,2021-02-26,0.0067067278462351
HSY.N,2021-03-31,0.0858908341845004
HSY.N,2021-04-30,0.0388214466393704
HSY.N,2021-05-28,0.0581485952517173
HSY.N,2021-06-30,0.0065299046425655
HSY.N,2021-07-30,0.0269835801973481
HSY.N,2021-08-31,-0.0016309618891658
HSY.N,2021-09-30,-0.0475520540143084
HSY.N,2021-10-29,0.0360413589208068
HSY.N,2021-11-30,0.0172677128949248
HSY.N,2021-12-31,0.0900332412981435
HSY.N,2022-01-31,0.0186075360526918
HSY.N,2022-02-28,0.0309130042122682
HSY.N,2022-03-31,0.0710471670030472
HSY.N,2022-04-29,0.0421917555020859
HSY.N,2022-05-31,-0.0581567661311693
HSY.N,2022-06-30,0.0162958764439478
HSY.N,2022-07-29,0.0594906116334601
HSY.N,2022-08-31,-0.0100055276974518
HSY.N,2022-09-30,-0.0186940846713295
HSY.N,2022-10-31,0.0830044904044473
HSY.N,2022-11-30,-0.0104730839027427
HSY.N,2022-12-30,-0.0153080750264062
HSY.N,2023-01-31,-0.0300988902045785
HSY.N,2023-02-28,0.0657598112447468
HSY.N,2023-03-31,0.0675142665321069
HSY.N,2023-04-28,0.0733068668710259
HSY.N,2023-05-31,-0.0452344571866485
HSY.N,2023-06-30,-0.0385059684199572
HSY.N,2023-07-31,-0.07364837804331
HSY.N,2023-08-31,-0.0660264436541861
HSY.N,2023-09-29,-0.0687889788808899
HSY.N,2023-10-31,-0.0636245501900015
HSY.N,2023-11-30,0.0091475533496359
HSY.N,2023-12-29,-0.007875691794644
HSY.N,2024-01-31,0.0380819566565691
REGN.OQ,2000-01-31,-0.0343137255043443
REGN.OQ,2000-02-29,3.5888324872639403
REGN.OQ,2000-03-31,-0.476769911514055
REGN.OQ,2000-04-28,-0.0338266384609202
REGN.OQ,2000-05-31,-0.286652078770142
REGN.OQ,2000-06-30,0.463190184069532
REGN.OQ,2000-07-31,-0.0587002096605564
REGN.OQ,2000-08-31,0.262806236128007
REGN.OQ,2000-09-29,-0.0793650793517905
REGN.OQ,2000-10-31,-0.18007662835319
REGN.OQ,2000-11-30,-0.0887850467457022
REGN.OQ,2000-12-29,0.446794871797687
REGN.OQ,2001-01-31,-0.0713336287114822
REGN.OQ,2001-02-28,-0.0419847328207402
REGN.OQ,2001-03-30,-0.292828685265251
REGN.OQ,2001-04-30,0.397633802815836
REGN.OQ,2001-05-31,0.0290228958441821
REGN.OQ,2001-06-29,0.0858664995397209
REGN.OQ,2001-07-31,-0.224531024539794
REGN.OQ,2001-08-31,0.12095273538135
REGN.OQ,2001-09-28,-0.26162018590853
REGN.OQ,2001-10-31,-0.0062949640455412
REGN.OQ,2001-11-30,0.25203619909666
REGN.OQ,2001-12-31,0.0177087098094224
REGN.OQ,2002-01-31,-0.119318181831564
REGN.OQ,2002-02-28,-0.0842741935323696
REGN.OQ,2002-03-28,0.100396301191134
REGN.OQ,2002-04-30,-0.173669467799662
REGN.OQ,2002-05-31,-0.199951573844315
REGN.OQ,2002-06-28,-0.121723866606239
REGN.OQ,2002-07-31,0.1853893866249449
REGN.OQ,2002-08-30,-0.1017441860324269
REGN.OQ,2002-09-30,-0.126213592248788
REGN.OQ,2002-10-31,0.120740740750166
REGN.OQ,2002-11-29,0.430931923304273
REGN.OQ,2002-12-31,-0.145034642006534
REGN.OQ,2003-01-31,0.0118854673239999
REGN.OQ,2003-02-28,-0.020822210352292
REGN.OQ,2003-03-31,-0.589967284625965
REGN.OQ,2003-04-30,-0.158244680848641
REGN.OQ,2003-05-30,1.17377567138103
REGN.OQ,2003-06-30,0.144622093041419
REGN.OQ,2003-07-31,-0.0222222222207797
REGN.OQ,2003-08-29,-0.0123376623477743
REGN.OQ,2003-09-30,0.161735700215422
REGN.OQ,2003-10-31,-0.2167515563098309
REGN.OQ,2003-11-28,-0.0693641618371277
REGN.OQ,2003-12-31,0.142080745354401
REGN.OQ,2004-01-30,0.0088375254977697
REGN.OQ,2004-02-27,-0.0417789757400232
REGN.OQ,2004-03-31,-0.0450070323779924
REGN.OQ,2004-04-30,-0.0773195876126121
REGN.OQ,2004-05-28,-0.103750997614895
REGN.OQ,2004-06-30,-0.0623330365247108
REGN.OQ,2004-07-30,-0.187084520401331
REGN.OQ,2004-08-31,0.0408878504614227
REGN.OQ,2004-09-30,-0.0258136924525803
REGN.OQ,2004-10-29,-0.1624423963181299
REGN.OQ,2004-11-30,0.268225584606034
REGN.OQ,2004-12-31,-0.0010845986920073
REGN.OQ,2005-01-31,-0.218241042353523
REGN.OQ,2005-02-28,-0.151388888879129
REGN.OQ,2005-03-31,-0.163666121109181
REGN.OQ,2005-04-29,0.0880626223065872
REGN.OQ,2005-05-31,0.1205035971001989
REGN.OQ,2005-06-30,0.346709470297627
REGN.OQ,2005-07-29,0.148986889163392
REGN.OQ,2005-08-31,-0.2251037344396459
REGN.OQ,2005-09-30,0.270414993323353
REGN.OQ,2005-10-31,0.318229715516431
REGN.OQ,2005-11-30,-0.107114308548592
REGN.OQ,2005-12-30,0.427931960583214
REGN.OQ,2006-01-31,-0.0451410658239667
REGN.OQ,2006-02-28,0.07485226527201
REGN.OQ,2006-03-31,0.0158827122935884
REGN.OQ,2006-04-28,-0.12687913410117
REGN.OQ,2006-05-31,-0.108815426999778
REGN.OQ,2006-06-30,-0.0092735703311442
REGN.OQ,2006-07-31,0.065522620886761
REGN.OQ,2006-08-31,0.16251830159808
REGN.OQ,2006-09-29,-0.011964735503271
REGN.OQ,2006-10-31,0.277884002561792
REGN.OQ,2006-11-30,0.0728179551179295
REGN.OQ,2006-12-29,-0.0669456066908679
REGN.OQ,2007-01-31,-0.0089686098444352
REGN.OQ,2007-02-28,-0.0025138260340338
REGN.OQ,2007-03-30,0.0897177419596458
REGN.OQ,2007-04-30,0.258094357077704
REGN.OQ,2007-05-31,-0.174999999978515
REGN.OQ,2007-06-29,-0.201426024944241
REGN.OQ,2007-07-31,-0.1690848214249249
REGN.OQ,2007-08-31,0.306917394203573
REGN.OQ,2007-09-28,-0.0853031860337024
REGN.OQ,2007-10-31,0.2359550561867159
REGN.OQ,2007-11-30,-0.0100000000053814
REGN.OQ,2007-12-31,0.10881542699676
REGN.OQ,2008-01-31,-0.160248447212847
REGN.OQ,2008-02-29,-0.0251479290155644
REGN.OQ,2008-03-31,-0.0293373798616338
REGN.OQ,2008-04-30,0.0224075039123337
REGN.OQ,2008-05-30,0.0142711518910594
REGN.OQ,2008-06-30,-0.27437185929096
REGN.OQ,2008-07-31,0.515927977836602
REGN.OQ,2008-08-29,-0.0077661032518667
REGN.OQ,2008-09-30,0.0050644567399706
REGN.OQ,2008-10-31,-0.115895556574499
REGN.OQ,2008-11-28,-0.1989637305858559
REGN.OQ,2008-12-31,0.187580853811895
REGN.OQ,2009-01-30,-0.0479302832274071
REGN.OQ,2009-02-27,-0.1847826087090719
REGN.OQ,2009-03-31,-0.0273684210451797
REGN.OQ,2009-04-30,-0.0432900433158055
REGN.OQ,2009-05-29,0.154600301637478
REGN.OQ,2009-06-30,0.170476812538934
REGN.OQ,2009-07-31,0.196428571428018
REGN.OQ,2009-08-31,0.0601679104369667
REGN.OQ,2009-09-30,-0.150901891759645
REGN.OQ,2009-10-30,-0.186528497405449
REGN.OQ,2009-11-30,0.16878980892516
REGN.OQ,2009-12-31,0.317711171653471
REGN.OQ,2010-01-29,0.102564102562218
REGN.OQ,2010-02-26,-0.0825206301474526
REGN.OQ,2010-03-31,0.0829926410818982
REGN.OQ,2010-04-30,-0.0362400906084062
REGN.OQ,2010-05-28,0.119075597341695
REGN.OQ,2010-06-30,-0.218760938061555
REGN.OQ,2010-07-30,0.0837813619926866
REGN.OQ,2010-08-31,-0.0913600661408648
REGN.OQ,2010-09-30,0.246587807070722
REGN.OQ,2010-10-29,-0.0481751824770431
REGN.OQ,2010-11-30,0.105061349692147
REGN.OQ,2010-12-31,0.139139486479954
REGN.OQ,2011-01-31,0.0258909533927323
REGN.OQ,2011-02-28,0.0769002375026706
REGN.OQ,2011-03-31,0.239040529339889
REGN.OQ,2011-04-29,0.137294170020947
REGN.OQ,2011-05-31,0.174329876743732
REGN.OQ,2011-06-30,-0.0551482838926786
REGN.OQ,2011-07-29,-0.064362546270182
REGN.OQ,2011-08-31,0.11251413492977
REGN.OQ,2011-09-30,-0.0140606471218505
REGN.OQ,2011-10-31,-0.0498281786952308
REGN.OQ,2011-11-30,0.0745027124804545
REGN.OQ,2011-12-30,-0.0671491080468752
REGN.OQ,2012-01-31,0.639184557099974
REGN.OQ,2012-02-29,0.153312788903183
REGN.OQ,2012-03-30,0.112892451576117
REGN.OQ,2012-04-30,0.159835362696465
REGN.OQ,2012-05-31,0.0028833358364814
REGN.OQ,2012-06-29,-0.1579800958206459
REGN.OQ,2012-07-31,0.178865347590726
REGN.OQ,2012-08-31,0.0995172669886368
REGN.OQ,2012-09-28,0.0311381290111326
REGN.OQ,2012-10-31,-0.067863225473881
REGN.OQ,2012-11-30,0.240688685869153
REGN.OQ,2012-12-31,-0.0310393656239982
REGN.OQ,2013-01-31,0.0167767580716465
REGN.OQ,2013-02-28,-0.0398988156805083
REGN.OQ,2013-03-28,0.0562874251466456
REGN.OQ,2013-04-30,0.219614512456653
REGN.OQ,2013-05-31,0.124244677876543
REGN.OQ,2013-06-28,-0.0702443461402271
REGN.OQ,2013-07-31,0.200907150452177
REGN.OQ,2013-08-30,-0.102754943389908
REGN.OQ,2013-09-30,0.291197226708336
REGN.OQ,2013-10-31,-0.0807683702602101
REGN.OQ,2013-11-29,0.0217663421506478
REGN.OQ,2013-12-31,-0.0633635064253245
REGN.OQ,2014-01-31,0.048503124556232
REGN.OQ,2014-02-28,0.152153574283387
REGN.OQ,2014-03-31,-0.0969022556496327
REGN.OQ,2014-04-30,-0.0112894631592602
REGN.OQ,2014-05-30,0.0339182862298559
REGN.OQ,2014-06-30,-0.0797823820713605
REGN.OQ,2014-07-31,0.119481714881115
REGN.OQ,2014-08-29,0.108468787581729
REGN.OQ,2014-09-30,0.0285290425673608
REGN.OQ,2014-10-31,0.0920892044646069
REGN.OQ,2014-11-28,0.056867824835644
REGN.OQ,2014-12-31,-0.0140828146363604
REGN.OQ,2015-01-30,0.0156246191366385
REGN.OQ,2015-02-27,-0.006768108294355
REGN.OQ,2015-03-31,0.0909530253363132
REGN.OQ,2015-04-30,0.013245326489008
REGN.OQ,2015-05-29,0.120447689425201
REGN.OQ,2015-06-30,-0.004740908371236
REGN.OQ,2015-07-31,0.0853311900958529
REGN.OQ,2015-08-31,-0.0725354911031957
REGN.OQ,2015-09-30,-0.0941772152095393
REGN.OQ,2015-10-30,0.198327385325564
REGN.OQ,2015-11-30,-0.0231256391566769
REGN.OQ,2015-12-31,-0.0029935720679378
REGN.OQ,2016-01-29,-0.226168327594479
REGN.OQ,2016-02-29,-0.085862553252953
REGN.OQ,2016-03-31,-0.0614030519298369
REGN.OQ,2016-04-29,0.045139274216093
REGN.OQ,2016-05-31,0.0589843646412791
REGN.OQ,2016-06-30,-0.1245832602181629
REGN.OQ,2016-07-29,0.217306646030074
REGN.OQ,2016-08-31,-0.0766136620309502
REGN.OQ,2016-09-30,0.0241243153721474
REGN.OQ,2016-10-31,-0.141783990842246
REGN.OQ,2016-11-30,0.09918265606363
REGN.OQ,2016-12-30,-0.032037759740674
REGN.OQ,2017-01-31,-0.0212481952620129
REGN.OQ,2017-02-28,0.0395502240684558
REGN.OQ,2017-03-31,0.0375100401507511
REGN.OQ,2017-04-28,0.0025289669940988
REGN.OQ,2017-05-31,0.181652037371629
REGN.OQ,2017-06-30,0.0698819326469662
REGN.OQ,2017-07-31,0.0009773180753092
REGN.OQ,2017-08-31,0.0107400024439781
REGN.OQ,2017-09-29,-0.100181122973085
REGN.OQ,2017-10-31,-0.0995258543629051
REGN.OQ,2017-11-30,-0.1012368983211
REGN.OQ,2017-12-29,0.0389653457258965
REGN.OQ,2018-01-31,-0.0247632726773368
REGN.OQ,2018-02-28,-0.12603300150086
REGN.OQ,2018-03-29,0.074647359868439
REGN.OQ,2018-04-30,-0.118132187256857
REGN.OQ,2018-05-31,-0.0110642781828163
REGN.OQ,2018-06-29,0.14874134259706
REGN.OQ,2018-07-31,0.0667265717934917
REGN.OQ,2018-08-31,0.105268878556071
REGN.OQ,2018-09-28,-0.006662569137085
REGN.OQ,2018-10-31,-0.160380160357528
REGN.OQ,2018-11-30,0.0778504893165537
REGN.OQ,2018-12-31,0.0214686175230747
REGN.OQ,2019-01-31,0.149317269071085
REGN.OQ,2019-02-28,0.0034244182205505
REGN.OQ,2019-03-29,-0.0467103124718436
REGN.OQ,2019-04-30,-0.1643368564564989
REGN.OQ,2019-05-31,-0.120708748640121
REGN.OQ,2019-06-28,0.0373856555834654
REGN.OQ,2019-07-31,-0.0263258785726685
REGN.OQ,2019-08-30,-0.0482674891904494
REGN.OQ,2019-09-30,-0.0436131701296456
REGN.OQ,2019-10-31,0.1041095890717729
REGN.OQ,2019-11-29,0.20477993991686
REGN.OQ,2019-12-31,0.017560975635913
REGN.OQ,2020-01-31,-0.0999786939433875
REGN.OQ,2020-02-28,0.315529383917962
REGN.OQ,2020-03-31,0.0983422183075029
REGN.OQ,2020-04-30,0.0769829404811293
REGN.OQ,2020-05-29,0.1653038716111829
REGN.OQ,2020-06-30,0.0176890063904164
REGN.OQ,2020-07-31,0.013501162510125
REGN.OQ,2020-08-31,-0.0192067334128352
REGN.OQ,2020-09-30,-0.0970270836969658
REGN.OQ,2020-10-30,-0.0289756690100412
REGN.OQ,2020-11-30,-0.0506475826301542
REGN.OQ,2020-12-31,-0.0637947406538996
REGN.OQ,2021-01-29,0.0429094823320462
REGN.OQ,2021-02-26,-0.105728008919362
REGN.OQ,2021-03-31,0.0500921055497507
REGN.OQ,2021-04-30,0.0172464809661772
REGN.OQ,2021-05-28,0.0439019322568659
REGN.OQ,2021-06-30,0.111677248570488
REGN.OQ,2021-07-30,0.0287714398116472
REGN.OQ,2021-08-31,0.1719253058391739
REGN.OQ,2021-09-30,-0.101306801299549
REGN.OQ,2021-10-29,0.0574374566228888
REGN.OQ,2021-11-30,-0.0053286245437296
REGN.OQ,2021-12-31,-0.0078707994723715
REGN.OQ,2022-01-31,-0.0363092221885895
REGN.OQ,2022-02-28,0.0160535007176945
REGN.OQ,2022-03-31,0.129471505268378
REGN.OQ,2022-04-29,-0.0562841842870654
REGN.OQ,2022-05-31,0.0085418215110335
REGN.OQ,2022-06-30,-0.1107350242411349
REGN.OQ,2022-07-29,-0.0159694144817405
REGN.OQ,2022-08-31,-0.001083051126138
REGN.OQ,2022-09-30,0.185540219605775
REGN.OQ,2022-10-31,0.0869249640558694
REGN.OQ,2022-11-30,0.0039398998159929
REGN.OQ,2022-12-30,-0.0401889051584361
REGN.OQ,2023-01-31,0.0512550416607889
REGN.OQ,2023-02-28,0.0025709652455634
REGN.OQ,2023-03-31,0.0805475921130014
REGN.OQ,2023-04-28,-0.0241946280202581
REGN.OQ,2023-05-31,-0.0826026765279164
REGN.OQ,2023-06-30,-0.0231388330034745
REGN.OQ,2023-07-31,0.0325242853473489
REGN.OQ,2023-08-31,0.114003046176152
REGN.OQ,2023-09-29,-0.0042710740578428
REGN.OQ,2023-10-31,-0.052335471948332
REGN.OQ,2023-11-30,0.0563156342854376
REGN.OQ,2023-12-29,0.0661317536900123
REGN.OQ,2024-01-31,0.0734267724935859
CLX.N,2000-01-31,-0.048096944875922
CLX.N,2000-02-29,-0.153141361265386
CLX.N,2000-03-31,-0.196290571883017
CLX.N,2000-04-28,0.137265571047921
CLX.N,2000-05-31,0.0782312925308088
CLX.N,2000-06-30,0.130914826482279
CLX.N,2000-07-31,-0.0733450308178882
CLX.N,2000-08-31,-0.1240544629393519
CLX.N,2000-09-29,0.0932642487057174
CLX.N,2000-10-31,0.133502951661172
CLX.N,2000-11-30,0.0014005602250419
CLX.N,2000-12-29,-0.205594405602599
CLX.N,2001-01-31,-0.0432108039932373
CLX.N,2001-02-28,0.0654814814853037
CLX.N,2001-03-30,-0.125417130155171
CLX.N,2001-04-30,0.0188298887222218
CLX.N,2001-05-31,0.0882814954479363
CLX.N,2001-06-29,-0.0228060046170951
CLX.N,2001-07-31,0.1107866763889589
CLX.N,2001-08-31,-0.0034777955889082
CLX.N,2001-09-28,-0.0067114093960772
CLX.N,2001-10-31,-0.029475313299376
CLX.N,2001-11-30,0.107002801139799
CLX.N,2001-12-31,0.0007591092951118
CLX.N,2002-01-31,0.0365131479292993
CLX.N,2002-02-28,0.0738106915324428
CLX.N,2002-03-28,-0.0036538022333844
CLX.N,2002-04-30,0.0189634560168255
CLX.N,2002-05-31,0.0350282485742366
CLX.N,2002-06-28,-0.0971615720279853
CLX.N,2002-07-31,-0.063547528135567
CLX.N,2002-08-30,0.118441558449423
CLX.N,2002-09-30,-0.0668834184950077
CLX.N,2002-10-31,0.124340666082681
CLX.N,2002-11-29,-0.0242599599424907
CLX.N,2002-12-31,-0.059078467153969
CLX.N,2003-01-31,-0.0681654951134135
CLX.N,2003-02-28,0.107012035565666
CLX.N,2003-03-31,0.0912313873591926
CLX.N,2003-04-30,-0.0158888736814021
CLX.N,2003-05-30,-0.0123839009294258
CLX.N,2003-06-30,-0.0450067174020988
CLX.N,2003-07-31,0.02364197608311
CLX.N,2003-08-29,-0.0124452638932746
CLX.N,2003-09-30,0.070478413075035
CLX.N,2003-10-31,-0.0065648075302985
CLX.N,2003-11-28,0.0357615893869708
CLX.N,2003-12-31,0.0349531116866371
CLX.N,2004-01-30,0.0120504899092266
CLX.N,2004-02-27,0.0036824877326415
CLX.N,2004-03-31,-0.0030574806279498
CLX.N,2004-04-30,0.0642209551836526
CLX.N,2004-05-28,0.0112012359947398
CLX.N,2004-06-30,0.0271199388733875
CLX.N,2004-07-30,-0.0695213077776683
CLX.N,2004-08-31,0.0616837452394695
CLX.N,2004-09-30,0.0087055261116713
CLX.N,2004-10-29,0.0294309832230182
CLX.N,2004-11-30,0.0095238095144614
CLX.N,2004-12-31,0.0691219158227014
CLX.N,2005-01-31,0.0132250053361937
CLX.N,2005-02-28,0.0104341972415978
CLX.N,2005-03-31,0.0491339107172244
CLX.N,2005-04-29,0.0093076670376084
CLX.N,2005-05-31,-0.0772511848635116
CLX.N,2005-06-30,-0.0460537579184048
CLX.N,2005-07-29,0.0074517018606288
CLX.N,2005-08-31,0.0307967770831058
CLX.N,2005-09-30,-0.0352614208927932
CLX.N,2005-10-31,-0.0204501071472417
CLX.N,2005-11-30,0.0029563931874723
CLX.N,2005-12-30,0.0480840088510789
CLX.N,2006-01-31,0.0572714082634425
CLX.N,2006-02-28,0.0183792815407897
CLX.N,2006-03-31,-0.0180475799942852
CLX.N,2006-04-28,0.0771495859335237
CLX.N,2006-05-31,-0.0154253661215564
CLX.N,2006-06-30,-0.0351321411605895
CLX.N,2006-07-31,-0.0121434564046308
CLX.N,2006-08-31,-0.002168835522175
CLX.N,2006-09-29,0.0533355625950096
CLX.N,2006-10-31,0.0293851305171005
CLX.N,2006-11-30,-0.0086741016144945
CLX.N,2006-12-29,0.0023437500201681
CLX.N,2007-01-31,0.0246692435727531
CLX.N,2007-02-28,-0.0314888413364394
CLX.N,2007-03-30,0.0052083333231669
CLX.N,2007-04-30,0.0581319182999351
CLX.N,2007-05-31,0.0008944543727964
CLX.N,2007-06-29,-0.0750670241227829
CLX.N,2007-07-31,-0.0203796572541882
CLX.N,2007-08-31,-0.0109163082995835
CLX.N,2007-09-28,0.0198996655389132
CLX.N,2007-10-31,0.0325969404340924
CLX.N,2007-11-30,0.0369186510954129
CLX.N,2007-12-31,0.0044697903965031
CLX.N,2008-01-31,-0.0528076162691666
CLX.N,2008-02-29,-0.0510437051322681
CLX.N,2008-03-31,-0.0266368791906594
CLX.N,2008-04-30,-0.0574934400060768
CLX.N,2008-05-30,0.0779245282946657
CLX.N,2008-06-30,-0.0862944162320458
CLX.N,2008-07-31,0.0529518654002048
CLX.N,2008-08-29,0.0844036697374179
CLX.N,2008-09-30,0.0607445008694702
CLX.N,2008-10-31,-0.029988833936658
CLX.N,2008-11-28,-0.0271336950962702
CLX.N,2008-12-31,-0.0608519269850182
CLX.N,2009-01-30,-0.0888129691826148
CLX.N,2009-02-27,-0.0309072781548122
CLX.N,2009-03-31,0.0592592592693895
CLX.N,2009-04-30,0.0977672251825891
CLX.N,2009-05-29,-0.0644067796711092
CLX.N,2009-06-30,0.0646453089268026
CLX.N,2009-07-31,0.1019232150934369
CLX.N,2009-08-31,-0.031470250784792
CLX.N,2009-09-30,-0.004569301058937
CLX.N,2009-10-30,0.015613941149635
CLX.N,2009-11-30,0.0175586695892767
CLX.N,2009-12-31,0.0121121619189068
CLX.N,2010-01-29,-0.0218157272890984
CLX.N,2010-02-26,0.03616697651091
CLX.N,2010-03-31,0.0461588647911575
CLX.N,2010-04-30,0.0165541592788876
CLX.N,2010-05-28,-0.0290571870075093
CLX.N,2010-06-30,-0.0105062082145043
CLX.N,2010-07-30,0.0524890996357528
CLX.N,2010-08-31,-0.0009247842058726
CLX.N,2010-09-30,0.0299290342682579
CLX.N,2010-10-29,0.0049745152435511
CLX.N,2010-11-30,-0.0712246431276488
CLX.N,2010-12-31,0.0237825594504875
CLX.N,2011-01-31,0.0024626104723153
CLX.N,2011-02-28,0.0774367943906329
CLX.N,2011-03-31,0.0340909090850761
CLX.N,2011-04-29,0.002126265913839
CLX.N,2011-05-31,0.0117714613574966
CLX.N,2011-06-30,-0.0431328036339179
CLX.N,2011-07-29,0.0702983443961065
CLX.N,2011-08-31,-0.0264003352459923
CLX.N,2011-09-30,-0.0483500717182166
CLX.N,2011-10-31,0.0181273839738376
CLX.N,2011-11-30,-0.029578727209969
CLX.N,2011-12-30,0.0246305418744863
CLX.N,2012-01-31,0.0405688442955453
CLX.N,2012-02-29,-0.015292746853651
CLX.N,2012-03-30,0.016861411052854
CLX.N,2012-04-30,0.0285001975692996
CLX.N,2012-05-31,-0.0185449358065145
CLX.N,2012-06-29,0.0531976744322039
CLX.N,2012-07-31,0.0122899332290094
CLX.N,2012-08-31,0.0005501306597286
CLX.N,2012-09-28,-0.0096219931221449
CLX.N,2012-10-31,0.0121696322118886
CLX.N,2012-11-30,0.0560165975139055
CLX.N,2012-12-31,-0.0409954158615547
CLX.N,2013-01-31,0.0798016460402886
CLX.N,2013-02-28,0.0714194618026316
CLX.N,2013-03-28,0.0538031186608852
CLX.N,2013-04-30,-0.0187677917927138
CLX.N,2013-05-31,-0.0367536231793377
CLX.N,2013-06-28,0.000722195469613
CLX.N,2013-07-31,0.0421724790404552
CLX.N,2013-08-30,-0.037700721438792
CLX.N,2013-09-30,-0.0118500604759096
CLX.N,2013-10-31,0.112425324153505
CLX.N,2013-11-29,0.0330413571066146
CLX.N,2013-12-31,-0.0044005581288416
CLX.N,2014-01-31,-0.0406785519468827
CLX.N,2014-02-28,-0.0112155885644543
CLX.N,2014-03-31,0.008363886349465
CLX.N,2014-04-30,0.0386929127797282
CLX.N,2014-05-30,-0.0119073869972557
CLX.N,2014-06-30,0.0198616380231669
CLX.N,2014-07-31,-0.0418258782357289
CLX.N,2014-08-29,0.0199148152466974
CLX.N,2014-09-30,0.0839729119750617
CLX.N,2014-10-31,0.0438202890386639
CLX.N,2014-11-28,0.0213065326617809
CLX.N,2014-12-31,0.0254871088316369
CLX.N,2015-01-30,0.0309965168352563
CLX.N,2015-02-27,0.0180864024022446
CLX.N,2015-03-31,0.0161082474265675
CLX.N,2015-04-30,-0.0323051773429726
CLX.N,2015-05-29,0.0147031102722501
CLX.N,2015-06-30,-0.0338101430503365
CLX.N,2015-07-31,0.0836306350359093
CLX.N,2015-08-31,-0.0068786850154352
CLX.N,2015-09-30,0.0392192137892713
CLX.N,2015-10-30,0.0621428984718813
CLX.N,2015-11-30,0.0193537805414734
CLX.N,2015-12-31,0.0203539823135985
CLX.N,2016-01-29,0.0237695631873542
CLX.N,2016-02-29,-0.0203796978102275
CLX.N,2016-03-31,-0.002847650693439
CLX.N,2016-04-29,-0.0005372872747356
CLX.N,2016-05-31,0.0264313662763109
CLX.N,2016-06-30,0.0766298428454857
CLX.N,2016-07-29,-0.0472598131746833
CLX.N,2016-08-31,-0.0002288853107778
CLX.N,2016-09-30,-0.0447191697234953
CLX.N,2016-10-31,-0.0347565980723585
CLX.N,2016-11-30,-0.0371604732400367
CLX.N,2016-12-30,0.0385946694172032
CLX.N,2017-01-31,0.0064438296016127
CLX.N,2017-02-28,0.140083333318384
CLX.N,2017-03-31,-0.0144726262513575
CLX.N,2017-04-28,-0.0025818802122519
CLX.N,2017-05-31,0.0152591816856852
CLX.N,2017-06-30,-0.0183452442304897
CLX.N,2017-07-31,0.0082775920721132
CLX.N,2017-08-31,0.0377556371334551
CLX.N,2017-09-29,-0.0477874828534434
CLX.N,2017-10-31,-0.0344514457902109
CLX.N,2017-11-30,0.1008456492274929
CLX.N,2017-12-29,0.0678440663410824
CLX.N,2018-01-31,-0.0418227154562335
CLX.N,2018-02-28,-0.0889971063524965
CLX.N,2018-03-29,0.0312209482690335
CLX.N,2018-04-30,-0.1121725968141199
CLX.N,2018-05-31,0.0309726962581479
CLX.N,2018-06-29,0.11934122320235
CLX.N,2018-07-31,0.0065064694876799
CLX.N,2018-08-31,0.0725752756025042
CLX.N,2018-09-28,0.0374534418601504
CLX.N,2018-10-31,-0.0068310079458513
CLX.N,2018-11-30,0.1156618390047749
CLX.N,2018-12-31,-0.0693153000750931
CLX.N,2019-01-31,-0.0312558721287103
CLX.N,2019-02-28,0.0650357190926893
CLX.N,2019-03-29,0.015376827175371
CLX.N,2019-04-30,0.0016749823356192
CLX.N,2019-05-31,-0.0683653665655221
CLX.N,2019-06-28,0.0288959075371482
CLX.N,2019-07-31,0.0687969870852625
CLX.N,2019-08-30,-0.0273062730683713
CLX.N,2019-09-30,-0.0397698533129538
CLX.N,2019-10-31,-0.0206265437158434
CLX.N,2019-11-29,0.0036563071134982
CLX.N,2019-12-31,0.0358227079710547
CLX.N,2020-01-31,0.0315124518625023
CLX.N,2020-02-28,0.0134130061856812
CLX.N,2020-03-31,0.0867519758927746
CLX.N,2020-04-30,0.0821122115963453
CLX.N,2020-05-29,0.1062540227660199
CLX.N,2020-06-30,0.0636121212135088
CLX.N,2020-07-31,0.0833690084270491
CLX.N,2020-08-31,-0.0550082448795105
CLX.N,2020-09-30,-0.0596420581436656
CLX.N,2020-10-30,-0.013893514772798
CLX.N,2020-11-30,-0.0155782086817087
CLX.N,2020-12-31,-0.0051241624059771
CLX.N,2021-01-29,0.0427476394495089
CLX.N,2021-02-26,-0.135634488673692
CLX.N,2021-03-31,0.0653410660291667
CLX.N,2021-04-30,-0.0484151940036802
CLX.N,2021-05-28,-0.0316164383573809
CLX.N,2021-06-30,0.0179935494736427
CLX.N,2021-07-30,0.0118264204003522
CLX.N,2021-08-31,-0.0709823649948339
CLX.N,2021-09-30,-0.0145194882231985
CLX.N,2021-10-29,-0.0086169189650837
CLX.N,2021-11-30,-0.0009815348732957
CLX.N,2021-12-31,0.0706785385113387
CLX.N,2022-01-31,-0.0308805438991596
CLX.N,2022-02-28,-0.131478613141566
CLX.N,2022-03-31,-0.0463680636602486
CLX.N,2022-04-29,0.0401193590480582
CLX.N,2022-05-31,0.0131734857512196
CLX.N,2022-06-30,-0.0301320858758692
CLX.N,2022-07-29,0.0142742002905725
CLX.N,2022-08-31,0.0176254934921096
CLX.N,2022-09-30,-0.1105029790709919
CLX.N,2022-10-31,0.147027629896542
CLX.N,2022-11-30,0.0178718159202611
CLX.N,2022-12-30,-0.0559704002746388
CLX.N,2023-01-31,0.0396996553147288
CLX.N,2023-02-28,0.0742967724030692
CLX.N,2023-03-31,0.0180133813881533
CLX.N,2023-04-28,0.0541276049777071
CLX.N,2023-05-31,-0.0449221108544201
CLX.N,2023-06-30,0.005436844089117
CLX.N,2023-07-31,-0.0475352112711613
CLX.N,2023-08-31,0.0404558055148014
CLX.N,2023-09-29,-0.162288271005992
CLX.N,2023-10-31,-0.0930770475112539
CLX.N,2023-11-30,0.217926932871765
CLX.N,2023-12-29,-0.0053017091152156
CLX.N,2024-01-31,0.0271738466801168
WMT.N,2000-01-31,-0.207956600361664
WMT.N,2000-02-29,-0.110730593607306
WMT.N,2000-03-31,0.141254276417268
WMT.N,2000-04-28,-0.0022522522522522
WMT.N,2000-05-31,0.0406320541760722
WMT.N,2000-06-30,0.001088436462586
WMT.N,2000-07-31,-0.0466377440347072
WMT.N,2000-08-31,-0.136518771331058
WMT.N,2000-09-29,0.0156225842698152
WMT.N,2000-10-31,-0.0571428571428573
WMT.N,2000-11-30,0.150137741046833
WMT.N,2000-12-29,0.0192121516599002
WMT.N,2001-01-31,0.0691764705882352
WMT.N,2001-02-28,-0.1181338028169009
WMT.N,2001-03-30,0.0096461015111728
WMT.N,2001-04-30,0.0245544554455445
WMT.N,2001-05-31,0.0001932740626209
WMT.N,2001-06-29,-0.0556793362683591
WMT.N,2001-07-31,0.145491803278689
WMT.N,2001-08-31,-0.140429338103757
WMT.N,2001-09-28,0.0317635294711565
WMT.N,2001-10-31,0.0383838383838386
WMT.N,2001-11-30,0.0729571984435797
WMT.N,2001-12-31,0.0448155860618864
WMT.N,2002-01-31,0.0422241529105127
WMT.N,2002-02-28,0.0338446148716238
WMT.N,2002-03-28,-0.0104377280597825
WMT.N,2002-04-30,-0.0885952031326485
WMT.N,2002-05-31,-0.0315073397780166
WMT.N,2002-06-28,0.0181490707872431
WMT.N,2002-07-31,-0.105980730776223
WMT.N,2002-08-30,0.0874339162261082
WMT.N,2002-09-30,-0.0780121341697639
WMT.N,2002-10-31,0.0875304630381801
WMT.N,2002-11-29,0.011391223155929
WMT.N,2002-12-31,-0.0660045494022925
WMT.N,2003-01-31,-0.0536527420312811
WMT.N,2003-02-28,0.0054393305439328
WMT.N,2003-03-31,0.0844417321117628
WMT.N,2003-04-30,0.0824524312896402
WMT.N,2003-05-30,-0.065873579545454
WMT.N,2003-06-30,0.0218103432504319
WMT.N,2003-07-31,0.0417365381032233
WMT.N,2003-08-29,0.0583079949919509
WMT.N,2003-09-30,-0.056109514956904
WMT.N,2003-10-31,0.0571706565002041
WMT.N,2003-11-28,-0.0561492790500424
WMT.N,2003-12-31,-0.0448958606821087
WMT.N,2004-01-30,0.0150801131008482
WMT.N,2004-02-27,0.106035283194058
WMT.N,2004-03-31,0.0044154711790211
WMT.N,2004-04-30,-0.0450661752387342
WMT.N,2004-05-28,-0.0199604473165704
WMT.N,2004-06-30,-0.0532926610443212
WMT.N,2004-07-30,0.0047384382107662
WMT.N,2004-08-31,-0.0040421209545611
WMT.N,2004-09-30,0.0100626542623887
WMT.N,2004-10-29,0.0135338345864659
WMT.N,2004-11-30,-0.0344955489614245
WMT.N,2004-12-31,0.0170857707825489
WMT.N,2005-01-31,-0.007951533510034
WMT.N,2005-02-28,-0.0150763358778619
WMT.N,2005-03-31,-0.0262268031971373
WMT.N,2005-04-29,-0.0592696068648972
WMT.N,2005-05-31,0.0050678075161505
WMT.N,2005-06-30,0.0205377937751425
WMT.N,2005-07-29,0.0238589211618258
WMT.N,2005-08-31,-0.0860556397867702
WMT.N,2005-09-30,-0.0253558718861208
WMT.N,2005-10-31,0.0796439981743495
WMT.N,2005-11-30,0.026421475375185
WMT.N,2005-12-30,-0.0333239416046647
WMT.N,2006-01-31,-0.0147435897435894
WMT.N,2006-02-28,-0.0162654521795712
WMT.N,2006-03-31,0.0452953323440441
WMT.N,2006-04-28,-0.0467823878069433
WMT.N,2006-05-31,0.0797969672511603
WMT.N,2006-06-30,-0.00577915376677
WMT.N,2006-07-31,-0.0761884990658085
WMT.N,2006-08-31,0.0087324350732769
WMT.N,2006-09-29,0.102862254025044
WMT.N,2006-10-31,-0.0008110300081105
WMT.N,2006-11-30,-0.0645292207792213
WMT.N,2006-12-29,0.005390929596621
WMT.N,2007-01-31,0.0326981377219575
WMT.N,2007-02-28,0.0127909414971689
WMT.N,2007-03-30,-0.0232739263839981
WMT.N,2007-04-30,0.0206602768903086
WMT.N,2007-05-31,-0.0020459395233372
WMT.N,2007-06-29,0.0107142857142859
WMT.N,2007-07-31,-0.044897110787778
WMT.N,2007-08-31,-0.0456631287546309
WMT.N,2007-09-28,0.0004584001833596
WMT.N,2007-10-31,0.0357388316151206
WMT.N,2007-11-30,0.0595001105950006
WMT.N,2007-12-31,-0.003198181944118
WMT.N,2008-01-31,0.0704818009678099
WMT.N,2008-02-29,-0.0253537735849053
WMT.N,2008-03-31,0.0673278296930437
WMT.N,2008-04-30,0.100607441154138
WMT.N,2008-05-30,-2.244038856936e-05
WMT.N,2008-06-30,-0.0266712850710079
WMT.N,2008-07-31,0.0430604982206406
WMT.N,2008-08-29,0.0118113781260414
WMT.N,2008-09-30,0.0138818351108854
WMT.N,2008-10-31,-0.0681248956420097
WMT.N,2008-11-28,0.0012542555097649
WMT.N,2008-12-31,0.0075698845524494
WMT.N,2009-01-30,-0.15947199429183
WMT.N,2009-02-27,0.044991511035654
WMT.N,2009-03-31,0.0641580268531929
WMT.N,2009-04-30,-0.0326295585412665
WMT.N,2009-05-29,-0.0077198349013829
WMT.N,2009-06-30,-0.0261359067149179
WMT.N,2009-07-31,0.0297274979355912
WMT.N,2009-08-31,0.0253496804582303
WMT.N,2009-09-30,-0.0349911539217611
WMT.N,2009-10-30,0.0120187410877981
WMT.N,2009-11-30,0.0980273752012879
WMT.N,2009-12-31,-0.0152268520488625
WMT.N,2010-01-29,-0.0003741814780169
WMT.N,2010-02-26,0.0119782893505522
WMT.N,2010-03-31,0.0340967575988057
WMT.N,2010-04-30,-0.0350719424460431
WMT.N,2010-05-28,-0.0521634141119055
WMT.N,2010-06-30,-0.0492484177215191
WMT.N,2010-07-30,0.0649053463698783
WMT.N,2010-08-31,-0.0147043887001157
WMT.N,2010-09-30,0.0674112485041882
WMT.N,2010-10-29,0.0121449925261579
WMT.N,2010-11-30,-0.0014768321949415
WMT.N,2010-12-31,0.0025770211905003
WMT.N,2011-01-31,0.0396810680511768
WMT.N,2011-02-28,-0.0729445336186919
WMT.N,2011-03-31,0.0082859427295185
WMT.N,2011-04-29,0.056292026897214
WMT.N,2011-05-31,0.0110100156529618
WMT.N,2011-06-30,-0.0376675117710973
WMT.N,2011-07-29,-0.0080918328942418
WMT.N,2011-08-31,0.0170971489521765
WMT.N,2011-09-30,-0.0246194324375122
WMT.N,2011-10-31,0.0928709055876679
WMT.N,2011-11-30,0.0384344146685474
WMT.N,2011-12-30,0.0209303510094316
WMT.N,2012-01-31,0.0267737617135205
WMT.N,2012-02-29,-0.0371577574967409
WMT.N,2012-03-30,0.0427726862833726
WMT.N,2012-04-30,-0.0374183006535949
WMT.N,2012-05-31,0.12482130446791
WMT.N,2012-06-29,0.0592525068368277
WMT.N,2012-07-31,0.0675559380378656
WMT.N,2012-08-31,-0.0193691664457698
WMT.N,2012-09-28,0.0165289256198349
WMT.N,2012-10-31,0.0165311653116536
WMT.N,2012-11-30,-0.0399893361770196
WMT.N,2012-12-31,-0.0473684169586075
WMT.N,2013-01-31,0.0252088524109628
WMT.N,2013-02-28,0.0118656182987849
WMT.N,2013-03-28,0.0640235129936884
WMT.N,2013-04-30,0.0386208739810234
WMT.N,2013-05-31,-0.0312722827821671
WMT.N,2013-06-28,-0.0046766435061462
WMT.N,2013-07-31,0.0463149416028998
WMT.N,2013-08-30,-0.0579505772062501
WMT.N,2013-09-30,0.0134283365305563
WMT.N,2013-10-31,0.0377230935640886
WMT.N,2013-11-29,0.0555048859934848
WMT.N,2013-12-31,-0.0229473414165701
WMT.N,2014-01-31,-0.0509594611767693
WMT.N,2014-02-28,0.0002678093197643
WMT.N,2014-03-31,0.0297443983188297
WMT.N,2014-04-30,0.042915085699333
WMT.N,2014-05-30,-0.0309537944102672
WMT.N,2014-06-30,-0.0221440666927191
WMT.N,2014-07-31,-0.0198481417343814
WMT.N,2014-08-29,0.0327318507937137
WMT.N,2014-09-30,0.012847682119205
WMT.N,2014-10-31,-0.0026154047338824
WMT.N,2014-11-28,0.147764520781434
WMT.N,2014-12-31,-0.0134188729312037
WMT.N,2015-01-30,-0.010479739170936
WMT.N,2015-02-27,-0.0123558484349256
WMT.N,2015-03-31,-0.0140656096200491
WMT.N,2015-04-30,-0.051063829787234
WMT.N,2015-05-29,-0.0424257393271514
WMT.N,2015-06-30,-0.0449710515686009
WMT.N,2015-07-31,0.0148033272240238
WMT.N,2015-08-31,-0.0947280535071872
WMT.N,2015-09-30,0.0016993665997218
WMT.N,2015-10-30,-0.117211597779149
WMT.N,2015-11-30,0.0279524807826694
WMT.N,2015-12-31,0.050556985325841
WMT.N,2016-01-29,0.0825448613376838
WMT.N,2016-02-29,-0.0003013863773347
WMT.N,2016-03-31,0.0400528783844039
WMT.N,2016-04-29,-0.0236530880420496
WMT.N,2016-05-31,0.0664408803863459
WMT.N,2016-06-30,0.0316473580107375
WMT.N,2016-07-29,-0.000684743905779
WMT.N,2016-08-31,-0.0143479639071065
WMT.N,2016-09-30,0.0095184770436727
WMT.N,2016-10-31,-0.0291181364392684
WMT.N,2016-11-30,0.0058554698657526
WMT.N,2016-12-30,-0.0116496036689231
WMT.N,2017-01-31,-0.0344328703703706
WMT.N,2017-02-28,0.0627809409649389
WMT.N,2017-03-31,0.0236382198343157
WMT.N,2017-04-28,0.0430077691453941
WMT.N,2017-05-31,0.0524425850667649
WMT.N,2017-06-30,-0.0371501272264629
WMT.N,2017-07-31,0.0569503171247353
WMT.N,2017-08-31,-0.017903767658849
WMT.N,2017-09-29,0.0008966312283844
WMT.N,2017-10-31,0.117353468134118
WMT.N,2017-11-30,0.1136181422517469
WMT.N,2017-12-29,0.0209850990979249
WMT.N,2018-01-31,0.0794936708860764
WMT.N,2018-02-28,-0.1556285178236399
WMT.N,2018-03-29,-0.0057081400675923
WMT.N,2018-04-30,-0.0057322693042599
WMT.N,2018-05-31,-0.0610552019257926
WMT.N,2018-06-29,0.0376787012357644
WMT.N,2018-07-31,0.0417980151780493
WMT.N,2018-08-31,0.0805784837469849
WMT.N,2018-09-28,-0.0203421656582512
WMT.N,2018-10-31,0.0678309019273775
WMT.N,2018-11-30,-0.0262265656162745
WMT.N,2018-12-31,-0.0408488353398881
WMT.N,2019-01-31,0.0287707997852926
WMT.N,2019-02-28,0.0329750600020877
WMT.N,2019-03-29,-0.0094325007020192
WMT.N,2019-04-30,0.0544447862196244
WMT.N,2019-05-31,-0.0083613713862453
WMT.N,2019-06-28,0.0892152996845428
WMT.N,2019-07-31,-0.0009955652095209
WMT.N,2019-08-30,0.0402068633247967
WMT.N,2019-09-30,0.0386837038333629
WMT.N,2019-10-31,-0.0119649477586796
WMT.N,2019-11-29,0.0156063448746377
WMT.N,2019-12-31,0.0023579142480236
WMT.N,2020-01-31,-0.0366038370918882
WMT.N,2020-02-28,-0.059481177395405
WMT.N,2020-03-31,0.059933545185026
WMT.N,2020-04-30,0.0697940503432493
WMT.N,2020-05-29,0.0251716456186917
WMT.N,2020-06-30,-0.0344994357568918
WMT.N,2020-07-31,0.0803139088328602
WMT.N,2020-08-31,0.0774240253384391
WMT.N,2020-09-30,0.007634137558516
WMT.N,2020-10-30,-0.0082910442427279
WMT.N,2020-11-30,0.101189189189189
WMT.N,2020-12-31,-0.0530834053101706
WMT.N,2021-01-29,-0.0253902185223727
WMT.N,2021-02-26,-0.0752366716492281
WMT.N,2021-03-31,0.0499124179472061
WMT.N,2021-04-30,0.0300375469336664
WMT.N,2021-05-28,0.0191110105853236
WMT.N,2021-06-30,-0.007111173695698
WMT.N,2021-07-30,0.0108495248900867
WMT.N,2021-08-31,0.0427671550421704
WMT.N,2021-09-30,-0.0588791357191085
WMT.N,2021-10-29,0.0720332902855497
WMT.N,2021-11-30,-0.05882746620265
WMT.N,2021-12-31,0.0329558514125079
WMT.N,2022-01-31,-0.0337272790102979
WMT.N,2022-02-28,-0.0332594235033262
WMT.N,2022-03-31,0.106060222772403
WMT.N,2022-04-29,0.0273301101262426
WMT.N,2022-05-31,-0.156143512101926
WMT.N,2022-06-30,-0.0548083650781311
WMT.N,2022-07-29,0.0861161375226189
WMT.N,2022-08-31,0.0081164435207561
WMT.N,2022-09-30,-0.0215013202565069
WMT.N,2022-10-31,0.0973785659213566
WMT.N,2022-11-30,0.0708915899669778
WMT.N,2022-12-30,-0.066240059905002
WMT.N,2023-01-31,0.0146695817758662
WMT.N,2023-02-28,-0.0120942517550569
WMT.N,2023-03-31,0.0417068835611583
WMT.N,2023-04-28,0.0238724991522554
WMT.N,2023-05-31,-0.0234724600859108
WMT.N,2023-06-30,0.0701981344045766
WMT.N,2023-07-31,0.0170505153327394
WMT.N,2023-08-31,0.0208204570394992
WMT.N,2023-09-29,-0.0164811512207117
WMT.N,2023-10-31,0.0217595197899085
WMT.N,2023-11-30,-0.0472431307753507
WMT.N,2023-12-29,0.0163748715204501
WMT.N,2024-01-31,0.0482080558198541
FE.N,2000-01-31,0.0027548209382843
FE.N,2000-02-29,-0.165105386416909
FE.N,2000-03-31,0.103678929770693
FE.N,2000-04-28,0.233333333322838
FE.N,2000-05-31,0.002833074244984
FE.N,2000-06-30,-0.0696517412881577
FE.N,2000-07-31,0.0909090909110389
FE.N,2000-08-31,-0.0159000955294717
FE.N,2000-09-29,0.0883838383793139
FE.N,2000-10-31,-0.0394431554643934
FE.N,2000-11-30,0.15711298578983
FE.N,2000-12-29,0.0699152542221158
FE.N,2001-01-31,-0.117623762379891
FE.N,2001-02-28,0.0251343269852968
FE.N,2001-03-30,-0.0088746893879174
FE.N,2001-04-30,0.085243553010232
FE.N,2001-05-31,0.0244273154364787
FE.N,2001-06-29,0.0492659054125322
FE.N,2001-07-31,-0.056592039795029
FE.N,2001-08-31,0.0975038605983654
FE.N,2001-09-28,0.0930373973815552
FE.N,2001-10-31,-0.0414464534112727
FE.N,2001-11-30,-0.0090708286727803
FE.N,2001-12-31,0.0355239786978008
FE.N,2002-01-31,0.0634648370639574
FE.N,2002-02-28,-0.0064706130835191
FE.N,2002-03-28,-0.0551912568546689
FE.N,2002-04-30,-0.0370156159769313
FE.N,2002-05-31,0.0480102962651209
FE.N,2002-06-28,-0.0327441321019755
FE.N,2002-07-31,-0.0787896944501471
FE.N,2002-08-30,0.0862794947118111
FE.N,2002-09-30,-0.0942424242544204
FE.N,2002-10-31,0.0856473737182968
FE.N,2002-11-29,-0.0126011024799283
FE.N,2002-12-31,0.0407196969820711
FE.N,2003-01-31,-0.053685168333743
FE.N,2003-02-28,-0.042827616590435
FE.N,2003-03-31,0.0677966101486163
FE.N,2003-04-30,0.0707936507769049
FE.N,2003-05-30,0.1035918741755689
FE.N,2003-06-30,0.0445531105836137
FE.N,2003-07-31,-0.102990897274235
FE.N,2003-08-29,-0.141483808997223
FE.N,2003-09-30,0.0902255638746256
FE.N,2003-10-31,0.0780564263428012
FE.N,2003-11-28,0.0185120800910001
FE.N,2003-12-31,0.0158730158573606
FE.N,2004-01-30,0.0659090909252922
FE.N,2004-02-27,0.0400474760222089
FE.N,2004-03-31,0.0116489774947529
FE.N,2004-04-30,0.0005117707226278
FE.N,2004-05-28,0.0071351455921777
FE.N,2004-06-30,-0.0407692307794023
FE.N,2004-07-30,0.0451750868376618
FE.N,2004-08-31,0.0388406652754096
FE.N,2004-09-30,0.0208747514933245
FE.N,2004-10-29,0.0060856864833776
FE.N,2004-11-30,0.0310873951416022
FE.N,2004-12-31,-0.0644091877825143
FE.N,2005-01-31,0.0063275120384889
FE.N,2005-02-28,0.0479653593140001
FE.N,2005-03-31,0.0172162948541692
FE.N,2005-04-29,0.0374255065866764
FE.N,2005-05-31,0.0277265100323916
FE.N,2005-06-30,0.0860045146682074
FE.N,2005-07-29,0.0347121180756857
FE.N,2005-08-31,0.0336255501011196
FE.N,2005-09-30,0.0213599843092407
FE.N,2005-10-31,-0.0886415963197256
FE.N,2005-11-30,-0.002152908822229
FE.N,2005-12-30,0.0432282793907894
FE.N,2006-01-31,0.022657685232143
FE.N,2006-02-28,0.0290422255561127
FE.N,2006-03-31,-0.0426781519132574
FE.N,2006-04-28,0.0370143149108166
FE.N,2006-05-31,0.0428404405048878
FE.N,2006-06-30,0.034147272040151
FE.N,2006-07-31,0.0330197380357792
FE.N,2006-08-31,0.0270916096634615
FE.N,2006-09-29,-0.0210304942083769
FE.N,2006-10-31,0.0535266738295101
FE.N,2006-11-30,0.024727925647227
FE.N,2006-12-29,0.0076871657809782
FE.N,2007-01-31,-0.0160862354834618
FE.N,2007-02-28,0.0631643991756212
FE.N,2007-03-30,0.058654307172022
FE.N,2007-04-30,0.0332125603810198
FE.N,2007-05-31,0.0188056149645413
FE.N,2007-06-29,-0.0650007222144965
FE.N,2007-07-31,-0.0614861733302138
FE.N,2007-08-31,0.0198014879016037
FE.N,2007-09-28,0.0309244791528232
FE.N,2007-10-31,0.100410483104206
FE.N,2007-11-30,-0.0092434159078256
FE.N,2007-12-31,0.055134189020934
FE.N,2008-01-31,-0.0154824440005615
FE.N,2008-02-29,-0.0435089584048463
FE.N,2008-03-31,0.0152389406655062
FE.N,2008-04-30,0.1023025357138899
FE.N,2008-05-30,0.0480014597772698
FE.N,2008-06-30,0.045991614790859
FE.N,2008-07-31,-0.106643993664344
FE.N,2008-08-29,-0.0044345683419393
FE.N,2008-09-30,-0.0777808369985759
FE.N,2008-10-31,-0.221376324824207
FE.N,2008-11-28,0.123082822079064
FE.N,2008-12-31,-0.170706725852484
FE.N,2009-01-30,0.0290242898361052
FE.N,2009-02-27,-0.139442877787727
FE.N,2009-03-31,-0.0930451127857836
FE.N,2009-04-30,0.0595854922529684
FE.N,2009-05-29,-0.0639425122492447
FE.N,2009-06-30,0.0254035459279145
FE.N,2009-07-31,0.0632258064447345
FE.N,2009-08-31,0.109951162965056
FE.N,2009-09-30,0.013073343676737
FE.N,2009-10-30,-0.0533683289616122
FE.N,2009-11-30,0.0084136519571229
FE.N,2009-12-31,0.0782265552405298
FE.N,2010-01-29,-0.0609257265812554
FE.N,2010-02-26,-0.1025681965045959
FE.N,2010-03-31,0.0113842173493175
FE.N,2010-04-30,-0.0312100281180304
FE.N,2010-05-28,-0.055924286831514
FE.N,2010-06-30,0.0005680204401139
FE.N,2010-07-30,0.0701107010959066
FE.N,2010-08-31,-0.016954402577685
FE.N,2010-09-30,0.0550232685469795
FE.N,2010-10-29,-0.0576024908992789
FE.N,2010-11-30,-0.0184926539894104
FE.N,2010-12-31,0.0544004557350624
FE.N,2011-01-31,0.0567260940282868
FE.N,2011-02-28,-0.0075281185836615
FE.N,2011-03-31,-0.0309611753499285
FE.N,2011-04-29,0.0773793475195237
FE.N,2011-05-31,0.131291386968687
FE.N,2011-06-30,-0.010533393107809
FE.N,2011-07-29,0.01132502831997
FE.N,2011-08-31,0.0035804899096807
FE.N,2011-09-30,0.014915254235107
FE.N,2011-10-31,0.0011133378034353
FE.N,2011-11-30,0.0009896617478253
FE.N,2011-12-30,-0.0038228018844935
FE.N,2012-01-31,-0.0469525959367172
FE.N,2012-02-29,0.0622833390201116
FE.N,2012-03-30,0.0293519981810084
FE.N,2012-04-30,0.0269796008073582
FE.N,2012-05-31,0.0111038547376678
FE.N,2012-06-29,0.0512930113011967
FE.N,2012-07-31,0.0209392152874164
FE.N,2012-08-31,-0.120162136906411
FE.N,2012-09-28,0.0091533180880594
FE.N,2012-10-31,0.0367346938766628
FE.N,2012-11-30,-0.0592992855897803
FE.N,2012-12-31,-0.0164861045736986
FE.N,2013-01-31,-0.030411877399804
FE.N,2013-02-28,-0.0113917250799823
FE.N,2013-03-28,0.0688956433741923
FE.N,2013-04-30,0.104265402879451
FE.N,2013-05-31,-0.152641741066544
FE.N,2013-06-28,-0.0428095360139042
FE.N,2013-07-31,0.0195500803535694
FE.N,2013-08-30,-0.00114565299085
FE.N,2013-09-30,-0.0272217774176822
FE.N,2013-10-31,0.0389574760192943
FE.N,2013-11-29,-0.125608339840764
FE.N,2013-12-31,0.010726325438611
FE.N,2014-01-31,-0.0451788962888944
FE.N,2014-02-28,-0.0109027920272388
FE.N,2014-03-31,0.105588044184154
FE.N,2014-04-30,-0.0082280340851308
FE.N,2014-05-30,0.0128684087860575
FE.N,2014-06-30,0.0266114725204392
FE.N,2014-07-31,-0.101094470034912
FE.N,2014-08-29,0.109453523640751
FE.N,2014-09-30,-0.0195677570097935
FE.N,2014-10-31,0.1123026511882629
FE.N,2014-11-28,-0.0027352643304159
FE.N,2014-12-31,0.0572125813254777
FE.N,2015-01-30,0.0343677866019114
FE.N,2015-02-27,-0.124880591703634
FE.N,2015-03-31,0.0022870211696917
FE.N,2015-04-30,0.0242441528772346
FE.N,2015-05-29,0.0037252103288001
FE.N,2015-06-30,-0.0877242152604593
FE.N,2015-07-31,0.0433179723377823
FE.N,2015-08-31,-0.0487975055866376
FE.N,2015-09-30,-0.020337922417606
FE.N,2015-10-30,-0.0035132545784571
FE.N,2015-11-30,0.0177771365560297
FE.N,2015-12-31,0.0108314750020744
FE.N,2016-01-29,0.0419161676654502
FE.N,2016-02-29,0.0232747431119338
FE.N,2016-03-31,0.0746937556012959
FE.N,2016-04-29,-0.0939671948818929
FE.N,2016-05-31,0.0175211222277565
FE.N,2016-06-30,0.0640048765808986
FE.N,2016-07-29,0.0002864508625561
FE.N,2016-08-31,-0.0525084039611113
FE.N,2016-09-30,0.0106935533302532
FE.N,2016-10-31,0.0365779927450431
FE.N,2016-11-30,-0.0776211174440614
FE.N,2016-12-30,-0.0102269095342811
FE.N,2017-01-31,-0.0209880529707369
FE.N,2017-02-28,0.0824733565976348
FE.N,2017-03-31,-0.0188097440499236
FE.N,2017-04-28,-0.0590823381509643
FE.N,2017-05-31,-0.0112355972781986
FE.N,2017-06-30,-0.0027359781220375
FE.N,2017-07-31,0.0943072702295031
FE.N,2017-08-31,0.0324612676988387
FE.N,2017-09-29,-0.0537139349401439
FE.N,2017-10-31,0.0687641907346923
FE.N,2017-11-30,0.0474977344628933
FE.N,2017-12-29,-0.103104862347678
FE.N,2018-01-31,0.074461136514534
FE.N,2018-02-28,-0.0058728835895502
FE.N,2018-03-29,0.0519641199891261
FE.N,2018-04-30,0.0114672155368705
FE.N,2018-05-31,0.0111416211471227
FE.N,2018-06-29,0.0432887855883914
FE.N,2018-07-31,-0.0133667502257663
FE.N,2018-08-31,0.065518614287825
FE.N,2018-09-28,-0.0056179775306513
FE.N,2018-10-31,0.0029593758069064
FE.N,2018-11-30,0.024505251912281
FE.N,2018-12-31,-0.0074015331777892
FE.N,2019-01-31,0.0439414114585927
FE.N,2019-02-28,0.0497587549989761
FE.N,2019-03-29,0.0211042944816116
FE.N,2019-04-30,0.0100937274712278
FE.N,2019-05-31,-0.0098973514024678
FE.N,2019-06-28,0.0380698351034978
FE.N,2019-07-31,0.0270964727535599
FE.N,2019-08-30,0.0553236173831804
FE.N,2019-09-30,0.0484782608415852
FE.N,2019-10-31,0.0018660584576231
FE.N,2019-11-29,-0.0050770196191479
FE.N,2019-12-31,0.019081568462745
FE.N,2020-01-31,0.0450617283789125
FE.N,2020-02-28,-0.116580774979978
FE.N,2020-03-31,-0.100157197391555
FE.N,2020-04-30,0.0299475917112643
FE.N,2020-05-29,0.0339722558266329
FE.N,2020-06-30,-0.0823473733858794
FE.N,2020-07-31,-0.252191851488049
FE.N,2020-08-31,-0.0009615702653511
FE.N,2020-09-30,0.0041972717755365
FE.N,2020-10-30,0.0351793799939266
FE.N,2020-11-30,-0.0944668098900124
FE.N,2020-12-31,0.152484939748003
FE.N,2021-01-29,0.0049003593670375
FE.N,2021-02-26,0.090409996085594
FE.N,2021-03-31,0.0467712734147283
FE.N,2021-04-30,0.0931104064690006
FE.N,2021-05-28,0.0101557725259822
FE.N,2021-06-30,-0.0184647850147707
FE.N,2021-07-30,0.0298306906680712
FE.N,2021-08-31,0.024771506795736
FE.N,2021-09-30,-0.0836120401472007
FE.N,2021-10-29,0.0816956765790689
FE.N,2021-11-30,-0.012782997986364
FE.N,2021-12-31,0.104354753071478
FE.N,2022-01-31,0.0088963693383925
FE.N,2022-02-28,0.0067831364848329
FE.N,2022-03-31,0.0958183990657155
FE.N,2022-04-29,-0.0556040122056837
FE.N,2022-05-31,0.0010253239202213
FE.N,2022-06-30,-0.106378026060309
FE.N,2022-07-29,0.0705912998341185
FE.N,2022-08-31,-0.0280279412672781
FE.N,2022-09-30,-0.064475347632002
FE.N,2022-10-31,0.0191891891902658
FE.N,2022-11-30,0.104862619794348
FE.N,2022-12-30,0.0169738118064
FE.N,2023-01-31,-0.0236051502019584
FE.N,2023-02-28,-0.0249491967026231
FE.N,2023-03-31,0.0131512392638828
FE.N,2023-04-28,-0.006490264616768
FE.N,2023-05-31,-0.0511365617296021
FE.N,2023-06-30,0.0398502272994472
FE.N,2023-07-31,0.0131172839400717
FE.N,2023-08-31,-0.0744470950496852
FE.N,2023-09-29,-0.0523981147798421
FE.N,2023-10-31,0.0415447629891561
FE.N,2023-11-30,0.0494678774012669
FE.N,2023-12-29,-0.0075798592352717
FE.N,2024-01-31,0.0005455537466045
NEM.N,2000-01-31,-0.168367346922851
NEM.N,2000-02-29,0.0858895705582066
NEM.N,2000-03-31,0.0155352493197726
NEM.N,2000-04-28,0.044568245118485
NEM.N,2000-05-31,-0.0159999999879534
NEM.N,2000-06-30,-0.0612328640457993
NEM.N,2000-07-31,-0.179190751451097
NEM.N,2000-08-31,0.045774647861965
NEM.N,2000-09-29,-0.0826949631145472
NEM.N,2000-10-31,-0.20220588234906
NEM.N,2000-11-30,0.152073732744427
NEM.N,2000-12-29,0.0941221052578223
NEM.N,2001-01-31,-0.0945054944937917
NEM.N,2001-02-28,0.090614886749605
NEM.N,2001-03-30,-0.0415945085950623
NEM.N,2001-04-30,0.130893300220733
NEM.N,2001-05-31,0.123971475583332
NEM.N,2001-06-29,-0.0904502377173905
NEM.N,2001-07-31,0.0048361096421127
NEM.N,2001-08-31,0.109090909113069
NEM.N,2001-09-28,0.1395802332024329
NEM.N,2001-10-31,-0.016949152526791
NEM.N,2001-11-30,-0.152155172411135
NEM.N,2001-12-31,-0.0270325759637928
NEM.N,2002-01-31,0.142857142858213
NEM.N,2002-02-28,0.104395604398223
NEM.N,2002-03-28,0.149415676700176
NEM.N,2002-04-30,0.0296135788965968
NEM.N,2002-05-31,0.0947036127557331
NEM.N,2002-06-28,-0.155562247033226
NEM.N,2002-07-31,-0.0733004177857429
NEM.N,2002-08-30,0.168852459019723
NEM.N,2002-09-30,-0.0343980343800806
NEM.N,2002-10-31,-0.1014176663224309
NEM.N,2002-11-29,-0.0529935274973755
NEM.N,2002-12-31,0.241671883492597
NEM.N,2003-01-31,-0.0027557699037761
NEM.N,2003-02-28,-0.0559585492290223
NEM.N,2003-03-31,-0.0417494983758454
NEM.N,2003-04-30,0.0332695984687694
NEM.N,2003-05-30,0.0977054033630005
NEM.N,2003-06-30,0.0958456132684553
NEM.N,2003-07-31,0.1121380160259579
NEM.N,2003-08-29,0.0886426592710468
NEM.N,2003-09-30,-0.0043301069733885
NEM.N,2003-10-31,0.119979534360808
NEM.N,2003-11-28,0.0995888533578873
NEM.N,2003-12-31,0.0107893727777892
NEM.N,2004-01-30,-0.142974696578415
NEM.N,2004-02-27,0.0429668746998163
NEM.N,2004-03-31,0.0744140719985095
NEM.N,2004-04-30,-0.1979412395244159
NEM.N,2004-05-28,0.0637700548455693
NEM.N,2004-06-30,-0.0239234449927349
NEM.N,2004-07-30,0.0441176470559137
NEM.N,2004-08-31,0.0968618729993282
NEM.N,2004-09-30,0.0273989449818839
NEM.N,2004-10-29,0.0437074456541038
NEM.N,2004-11-30,-0.0015526035549555
NEM.N,2004-12-31,-0.0620908130946992
NEM.N,2005-01-31,-0.0634992118754451
NEM.N,2005-02-28,0.0824717480213721
NEM.N,2005-03-31,-0.0593977402370651
NEM.N,2005-04-29,-0.10130177513276
NEM.N,2005-05-31,-0.0166165683008114
NEM.N,2005-06-30,0.048066595064163
NEM.N,2005-07-29,-0.0379195490554387
NEM.N,2005-08-31,0.0540612516619603
NEM.N,2005-09-30,0.194690963524778
NEM.N,2005-10-31,-0.0968836124739636
NEM.N,2005-11-30,0.0849169970555468
NEM.N,2005-12-30,0.157849089356592
NEM.N,2006-01-31,0.15730337077171
NEM.N,2006-02-28,-0.143689320394268
NEM.N,2006-03-31,-0.0175342898113786
NEM.N,2006-04-28,0.124686837549115
NEM.N,2006-05-31,-0.106408498969045
NEM.N,2006-06-30,0.0169322480926688
NEM.N,2006-07-31,-0.0321178915569112
NEM.N,2006-08-31,0.0003903962449167
NEM.N,2006-09-29,-0.164247677902613
NEM.N,2006-10-31,0.0589473684395119
NEM.N,2006-11-30,0.0362270819349573
NEM.N,2006-12-29,-0.0354777677597652
NEM.N,2007-01-31,-0.0011074197245759
NEM.N,2007-02-28,-0.0006651884806272
NEM.N,2007-03-30,-0.0661449630118259
NEM.N,2007-04-30,-0.00690640629267
NEM.N,2007-05-31,-0.0244604316468138
NEM.N,2007-06-29,-0.037483396317874
NEM.N,2007-07-31,0.0688684075794508
NEM.N,2007-08-31,0.0122155688586294
NEM.N,2007-09-28,0.0609282477030033
NEM.N,2007-10-31,0.137044489137636
NEM.N,2007-11-30,-0.0230043256138074
NEM.N,2007-12-31,-0.0153188538768326
NEM.N,2008-01-31,0.112840466907305
NEM.N,2008-02-29,-0.0583364004451696
NEM.N,2008-03-31,-0.112990961808876
NEM.N,2008-04-30,-0.0240618101342366
NEM.N,2008-05-30,0.0750961321046659
NEM.N,2008-06-30,0.0997540560997743
NEM.N,2008-07-31,-0.0805214723754399
NEM.N,2008-08-29,-0.0596330275190096
NEM.N,2008-09-30,-0.138500092945155
NEM.N,2008-10-31,-0.320433436532536
NEM.N,2008-11-28,0.277524677315641
NEM.N,2008-12-31,0.213632049749002
NEM.N,2009-01-30,-0.0226044226141804
NEM.N,2009-02-27,0.046505781809731
NEM.N,2009-03-31,0.0779579765448726
NEM.N,2009-04-30,-0.10098302057491
NEM.N,2009-05-29,0.214463220672008
NEM.N,2009-06-30,-0.161898016246982
NEM.N,2009-07-31,0.0117445558950127
NEM.N,2009-08-31,-0.0280532043478021
NEM.N,2009-09-30,0.0976903840235233
NEM.N,2009-10-30,-0.012721490209028
NEM.N,2009-11-30,0.234238380130776
NEM.N,2009-12-31,-0.11631444124583
NEM.N,2010-01-29,-0.0940604523508143
NEM.N,2010-02-26,0.1497900140282509
NEM.N,2010-03-31,0.0355380054774626
NEM.N,2010-04-30,0.101119183200406
NEM.N,2010-05-28,-0.0402995720574956
NEM.N,2010-06-30,0.149196581208229
NEM.N,2010-07-30,-0.0945902170439585
NEM.N,2010-08-31,0.0969588551004913
NEM.N,2010-09-30,0.0268229073706114
NEM.N,2010-10-29,-0.0308868014664618
NEM.N,2010-11-30,-0.0335140463361141
NEM.N,2010-12-31,0.0466636849585214
NEM.N,2011-01-31,-0.103532476002484
NEM.N,2011-02-28,0.0036317414290225
NEM.N,2011-03-31,-0.009642123829381
NEM.N,2011-04-29,0.0738365701917687
NEM.N,2011-05-31,-0.034806347030363
NEM.N,2011-06-30,-0.0423131203937414
NEM.N,2011-07-29,0.030387252197598
NEM.N,2011-08-31,0.126056464676731
NEM.N,2011-09-30,0.0091404794102443
NEM.N,2011-10-31,0.06248012718353
NEM.N,2011-11-30,0.0306748466309623
NEM.N,2011-12-30,-0.124233670013227
NEM.N,2012-01-31,0.0244959173595365
NEM.N,2012-02-29,-0.0338321405155704
NEM.N,2012-03-30,-0.131362016058576
NEM.N,2012-04-30,-0.0706065925508118
NEM.N,2012-05-31,-0.0102833158220472
NEM.N,2012-06-29,0.0357862382583591
NEM.N,2012-07-31,-0.0832817975937683
NEM.N,2012-08-31,0.139644704288715
NEM.N,2012-09-28,0.112988762163865
NEM.N,2012-10-31,-0.0260667737915539
NEM.N,2012-11-30,-0.136755270397704
NEM.N,2012-12-31,-0.0061465490221955
NEM.N,2013-01-31,-0.0749354004952606
NEM.N,2013-02-28,-0.0621508379895357
NEM.N,2013-03-28,0.0510743319335507
NEM.N,2013-04-30,-0.2265457149733709
NEM.N,2013-05-31,0.0580246913480985
NEM.N,2013-06-28,-0.117292348622884
NEM.N,2013-07-31,0.0016694490851942
NEM.N,2013-08-30,0.058999999989469
NEM.N,2013-09-30,-0.1084913921372269
NEM.N,2013-10-31,-0.0298932384165416
NEM.N,2013-11-29,-0.0891415993965305
NEM.N,2013-12-31,-0.0645587600468789
NEM.N,2014-01-31,-0.0620929222534818
NEM.N,2014-02-28,0.0768518518414443
NEM.N,2014-03-31,0.0139464423905844
NEM.N,2014-04-30,0.059300341287301
NEM.N,2014-05-30,-0.0781312928001985
NEM.N,2014-06-30,0.112622074469965
NEM.N,2014-07-31,-0.020833333344241
NEM.N,2014-08-29,0.0875150541988401
NEM.N,2014-09-30,-0.148299642209661
NEM.N,2014-10-31,-0.186117136664083
NEM.N,2014-11-28,-0.0191897654546156
NEM.N,2014-12-31,0.0284820842044439
NEM.N,2015-01-30,0.330687830699265
NEM.N,2015-02-27,0.0469184890735517
NEM.N,2015-03-31,-0.174518376403388
NEM.N,2015-04-30,0.2201750345396489
NEM.N,2015-05-29,0.0283125707694374
NEM.N,2015-06-30,-0.141559299892728
NEM.N,2015-07-31,-0.264982876723808
NEM.N,2015-08-31,-0.0058241118182823
NEM.N,2015-09-30,-0.0571076533587171
NEM.N,2015-10-30,0.210952084637
NEM.N,2015-11-30,-0.0539568345295403
NEM.N,2015-12-31,-0.0215672745511966
NEM.N,2016-01-29,0.109505280699772
NEM.N,2016-02-29,0.294088176360514
NEM.N,2016-03-31,0.0300296683299073
NEM.N,2016-04-29,0.315650865350633
NEM.N,2016-05-31,-0.0732056048029421
NEM.N,2016-06-30,0.20789826873185
NEM.N,2016-07-29,0.124744376281447
NEM.N,2016-08-31,-0.130909090909027
NEM.N,2016-09-30,0.0281164497629207
NEM.N,2016-10-31,-0.0572664800381614
NEM.N,2016-11-30,-0.124190064811726
NEM.N,2016-12-30,0.051836928033673
NEM.N,2017-01-31,0.0648664514159383
NEM.N,2017-02-28,-0.0562293274464899
NEM.N,2017-03-31,-0.0359237827239328
NEM.N,2017-04-28,0.0257888349453301
NEM.N,2017-05-31,0.0100561964296777
NEM.N,2017-06-30,-0.0501976987651838
NEM.N,2017-07-31,0.147576412465273
NEM.N,2017-08-31,0.03147699758613
NEM.N,2017-09-29,-0.0197113335016115
NEM.N,2017-10-31,-0.0359904025915379
NEM.N,2017-11-30,0.0229535398331833
NEM.N,2017-12-29,0.0164460884100992
NEM.N,2018-01-31,0.0796908315589541
NEM.N,2018-02-28,-0.0570229573088661
NEM.N,2018-03-29,0.0265729720644233
NEM.N,2018-04-30,0.0056309188894387
NEM.N,2018-05-31,-0.0091626368121409
NEM.N,2018-06-29,-0.0278304713201538
NEM.N,2018-07-31,-0.0273137098940599
NEM.N,2018-08-31,-0.154034896399799
NEM.N,2018-09-28,-0.0222305615045369
NEM.N,2018-10-31,0.0238410596025915
NEM.N,2018-11-30,0.045924967642744
NEM.N,2018-12-31,0.0760213454523513
NEM.N,2019-01-31,-0.015584415569003
NEM.N,2019-02-28,0.000293169157582
NEM.N,2019-03-29,0.0527875275500125
NEM.N,2019-04-30,-0.11002140851986
NEM.N,2019-05-31,0.0653573728194332
NEM.N,2019-06-28,0.167305995988186
NEM.N,2019-07-31,-0.0506888484633429
NEM.N,2019-08-30,0.0922782037249326
NEM.N,2019-09-30,-0.0459486729008462
NEM.N,2019-10-31,0.047732067512706
NEM.N,2019-11-29,-0.0334759627600004
NEM.N,2019-12-31,0.135558754483833
NEM.N,2020-01-31,0.0370540851422176
NEM.N,2020-02-28,-0.009542831770972
NEM.N,2020-03-31,0.0173492726752218
NEM.N,2020-04-30,0.313604240301422
NEM.N,2020-05-29,-0.016980497643579
NEM.N,2020-06-30,0.0606383888916628
NEM.N,2020-07-31,0.120829284082584
NEM.N,2020-08-31,-0.0277456647339102
NEM.N,2020-09-30,-0.053467741780082
NEM.N,2020-10-30,-0.0096138692010389
NEM.N,2020-11-30,-0.0639719923348642
NEM.N,2020-12-31,0.0250730859944224
NEM.N,2021-01-29,-0.0048422107327558
NEM.N,2021-02-26,-0.0875838926075942
NEM.N,2021-03-31,0.119328896046117
NEM.N,2021-04-30,0.0355068856925282
NEM.N,2021-05-28,0.17737542060058
NEM.N,2021-06-30,-0.130926904476859
NEM.N,2021-07-30,-0.0088355948109748
NEM.N,2021-08-31,-0.0768863419354601
NEM.N,2021-09-30,-0.0546844301403794
NEM.N,2021-10-29,-0.0055248618609822
NEM.N,2021-11-30,0.0170370370316104
NEM.N,2021-12-31,0.140299239059248
NEM.N,2022-01-31,-0.0137052563466975
NEM.N,2022-02-28,0.0822298512155878
NEM.N,2022-03-31,0.208839790891816
NEM.N,2022-04-29,-0.0830711139075504
NEM.N,2022-05-31,-0.068634179823153
NEM.N,2022-06-30,-0.113369751712373
NEM.N,2022-07-29,-0.2411597117621489
NEM.N,2022-08-31,-0.0865724381633867
NEM.N,2022-09-30,0.0293966188882497
NEM.N,2022-10-31,0.0068998334711609
NEM.N,2022-11-30,0.1216918714489879
NEM.N,2022-12-30,0.0059009174320179
NEM.N,2023-01-31,0.121398305077511
NEM.N,2023-02-28,-0.176081617222225
NEM.N,2023-03-31,0.134718766108929
NEM.N,2023-04-28,-0.0330477356212401
NEM.N,2023-05-31,-0.136075949350212
NEM.N,2023-06-30,0.0520345252693395
NEM.N,2023-07-31,0.0060947022942654
NEM.N,2023-08-31,-0.0815470643447996
NEM.N,2023-09-29,-0.0529199364854778
NEM.N,2023-10-31,0.0140730717056461
NEM.N,2023-11-30,0.0832163832222732
NEM.N,2023-12-29,0.0298581736724102
NEM.N,2024-01-31,-0.166223725552823
ROL.N,2000-01-31,0.0333333333622743
ROL.N,2000-02-29,0.0476496707254376
ROL.N,2000-03-31,-0.0810810810746444
ROL.N,2000-04-28,-0.0336134453837598
ROL.N,2000-05-31,-0.170959328245937
ROL.N,2000-06-30,0.2526315789599669
ROL.N,2000-07-31,0.0168067226958222
ROL.N,2000-08-31,-0.0048254541763876
ROL.N,2000-09-29,-0.0124999999834581
ROL.N,2000-10-31,0.219409282703225
ROL.N,2000-11-30,0.1623307381512
ROL.N,2000-12-29,-0.0417910447968772
ROL.N,2001-01-31,-0.120249221186737
ROL.N,2001-02-28,0.147569769629056
ROL.N,2001-03-30,-0.0445544554706192
ROL.N,2001-04-30,-0.0331606217491923
ROL.N,2001-05-31,0.0128984189014676
ROL.N,2001-06-29,0.0562334217264121
ROL.N,2001-07-31,-0.0080361627525061
ROL.N,2001-08-31,0.0295514077794039
ROL.N,2001-09-28,-0.233234714004121
ROL.N,2001-10-31,0.0450160771627071
ROL.N,2001-11-30,0.19118462121243
ROL.N,2001-12-31,0.0362694300642177
ROL.N,2002-01-31,0.003000000008825
ROL.N,2002-02-28,0.001127578289743
ROL.N,2002-03-28,0.0534198702159299
ROL.N,2002-04-30,-0.0426540284488458
ROL.N,2002-05-31,0.0371715480674555
ROL.N,2002-06-28,-0.0267942583817866
ROL.N,2002-07-31,0.0029498525199933
ROL.N,2002-08-30,-0.0234842225682537
ROL.N,2002-09-30,-0.0236537493747913
ROL.N,2002-10-31,0.219072164953343
ROL.N,2002-11-29,-0.0115426459948763
ROL.N,2002-12-31,0.0908701243200383
ROL.N,2003-01-31,0.150884086443796
ROL.N,2003-02-28,0.0809086536422523
ROL.N,2003-03-31,0.0938896309195514
ROL.N,2003-04-30,0.0516717325289967
ROL.N,2003-05-30,-0.1472742533461589
ROL.N,2003-06-30,-0.0853954391224258
ROL.N,2003-07-31,-0.0063660477607373
ROL.N,2003-08-29,-0.0399532611744789
ROL.N,2003-09-30,-0.0050195203529089
ROL.N,2003-10-31,0.1390134529151269
ROL.N,2003-11-28,0.0989517780498639
ROL.N,2003-12-31,0.0121184919224716
ROL.N,2004-01-30,0.1219512195204639
ROL.N,2004-02-27,-0.0795160187291765
ROL.N,2004-03-31,0.109341368907383
ROL.N,2004-04-30,-0.0783857198350551
ROL.N,2004-05-28,0.0295771882842977
ROL.N,2004-06-30,-0.0565805658127662
ROL.N,2004-07-30,0.0060843111762856
ROL.N,2004-08-31,0.0118270374388143
ROL.N,2004-09-30,0.0398116438325384
ROL.N,2004-10-29,0.084808563182748
ROL.N,2004-11-30,-0.0662017169576563
ROL.N,2004-12-31,0.0720977596973624
ROL.N,2005-01-31,-0.0577507598888275
ROL.N,2005-02-28,0.0320815830232952
ROL.N,2005-03-31,0.0932601334220922
ROL.N,2005-04-29,0.0612903225776984
ROL.N,2005-05-31,0.03600541674902
ROL.N,2005-06-30,-0.0176470588376428
ROL.N,2005-07-29,0.0424151696694857
ROL.N,2005-08-31,-0.0564753186006356
ROL.N,2005-09-30,-0.007121057984995
ROL.N,2005-10-31,-0.0256147540875645
ROL.N,2005-11-30,0.0726614143839648
ROL.N,2005-12-30,-0.0314496314474111
ROL.N,2006-01-31,0.0903094875781827
ROL.N,2006-02-28,-0.0959653804191128
ROL.N,2006-03-31,0.0449148167301729
ROL.N,2006-04-28,0.0004940711387249
ROL.N,2006-05-31,-0.0241264274774108
ROL.N,2006-06-30,-0.0030456852811934
ROL.N,2006-07-31,0.0758655804386414
ROL.N,2006-08-31,0.008186209699823
ROL.N,2006-09-29,-0.0061205272932882
ROL.N,2006-10-31,0.0251065845570004
ROL.N,2006-11-30,0.0153467374995676
ROL.N,2006-12-29,0.0091282519325515
ROL.N,2007-01-31,-0.0131162369885327
ROL.N,2007-02-28,0.0576049876127687
ROL.N,2007-03-30,0.0004347826036974
ROL.N,2007-04-30,0.0026075619212926
ROL.N,2007-05-31,0.0041053047584853
ROL.N,2007-06-29,-0.0138588133403489
ROL.N,2007-07-31,0.0452349582654172
ROL.N,2007-08-31,0.118985799562727
ROL.N,2007-09-28,0.0048945783255018
ROL.N,2007-10-31,0.137879355594741
ROL.N,2007-11-30,-0.0289864991077666
ROL.N,2007-12-31,-0.0217396195567435
ROL.N,2008-01-31,-0.0734374999847286
ROL.N,2008-02-29,-0.0044569090683597
ROL.N,2008-03-31,0.0022662889373894
ROL.N,2008-04-30,-0.0994912379976285
ROL.N,2008-05-30,0.0026000840532245
ROL.N,2008-06-30,-0.0685103708425061
ROL.N,2008-07-31,0.152496626175855
ROL.N,2008-08-29,0.0442895179183211
ROL.N,2008-09-30,0.0680922903676222
ROL.N,2008-10-31,-0.0742887249864177
ROL.N,2008-11-28,-0.0103660433531003
ROL.N,2008-12-31,0.0438799076230067
ROL.N,2009-01-30,-0.13716814159636
ROL.N,2009-02-27,0.0168214884089388
ROL.N,2009-03-31,0.0854430379803743
ROL.N,2009-04-30,0.0495626822334585
ROL.N,2009-05-29,-0.0678642560645756
ROL.N,2009-06-30,0.0359066427420254
ROL.N,2009-07-31,0.05892547661004
ROL.N,2009-08-31,-0.0224758120123923
ROL.N,2009-09-30,0.0560224089509769
ROL.N,2009-10-30,-0.0408488063624877
ROL.N,2009-11-30,-0.0134510856655736
ROL.N,2009-12-31,0.0849746764348864
ROL.N,2010-01-29,0.0207468879386676
ROL.N,2010-02-26,0.0848643931021397
ROL.N,2010-03-31,0.0202352941189138
ROL.N,2010-04-30,0.0032287822912886
ROL.N,2010-05-28,-0.0183946784850857
ROL.N,2010-06-30,-0.0268109125116649
ROL.N,2010-07-30,0.0555824069498427
ROL.N,2010-08-31,-0.0583602229014913
ROL.N,2010-09-30,0.14160156251061
ROL.N,2010-10-29,0.114200171092997
ROL.N,2010-11-30,0.0407102783245319
ROL.N,2010-12-31,0.0964095184281675
ROL.N,2011-01-31,-0.0384810126428091
ROL.N,2011-02-28,0.0368860962325415
ROL.N,2011-03-31,0.0346585116833853
ROL.N,2011-04-29,0.0330049261244745
ROL.N,2011-05-31,-0.0371876751946323
ROL.N,2011-06-30,0.0129224652266076
ROL.N,2011-07-29,-0.0632973503636561
ROL.N,2011-08-31,0.0999236219327369
ROL.N,2011-09-30,-0.105212816835537
ROL.N,2011-10-31,0.164083377892695
ROL.N,2011-11-30,0.0224832947168949
ROL.N,2011-12-30,0.0009009008984262
ROL.N,2012-01-31,-0.0373537353743253
ROL.N,2012-02-29,-0.0492809557673306
ROL.N,2012-03-30,0.0503455083901347
ROL.N,2012-04-30,-0.0014097744279556
ROL.N,2012-05-31,0.0032729777989726
ROL.N,2012-06-29,0.0532015065968527
ROL.N,2012-07-31,0.0540902994899972
ROL.N,2012-08-31,-0.0093844213249439
ROL.N,2012-09-28,0.0047250859119951
ROL.N,2012-10-31,-0.0307823856312333
ROL.N,2012-11-30,0.0131947736417584
ROL.N,2012-12-31,-0.0320597277334611
ROL.N,2013-01-31,0.121597096195883
ROL.N,2013-02-28,-0.0049257270102619
ROL.N,2013-03-28,0.001631986938791
ROL.N,2013-04-30,-0.0093686354362411
ROL.N,2013-05-31,0.0424683288352059
ROL.N,2013-06-28,0.025336500387082
ROL.N,2013-07-31,-0.015444015449305
ROL.N,2013-08-30,-0.0259412454451332
ROL.N,2013-09-30,0.0711111111240417
ROL.N,2013-10-31,0.0426254243847499
ROL.N,2013-11-29,0.0244753596849994
ROL.N,2013-12-31,0.0767863490811038
ROL.N,2014-01-31,-0.0485308682740457
ROL.N,2014-02-28,0.0399922998823232
ROL.N,2014-03-31,0.0127260549118517
ROL.N,2014-04-30,-0.0052910052859787
ROL.N,2014-05-30,0.023155860021852
ROL.N,2014-06-30,-0.0218454515636776
ROL.N,2014-07-31,-0.0563333333465269
ROL.N,2014-08-29,0.0547329563828602
ROL.N,2014-09-30,-0.0157983193373239
ROL.N,2014-10-31,0.0884562841525477
ROL.N,2014-11-28,0.0271911391650717
ROL.N,2014-12-31,0.0175222871316882
ROL.N,2015-01-30,-0.001510574027283
ROL.N,2015-02-27,0.0184612126590431
ROL.N,2015-03-31,0.105992291343326
ROL.N,2015-04-30,0.0028305701513184
ROL.N,2015-05-29,0.0040850928662674
ROL.N,2015-06-30,0.149476228826084
ROL.N,2015-07-31,0.0164738871593773
ROL.N,2015-08-31,-0.0346260788984221
ROL.N,2015-09-30,-0.0376074498418204
ROL.N,2015-10-30,-0.0018608112987273
ROL.N,2015-11-30,0.0192037810497871
ROL.N,2015-12-31,-0.0460405156472596
ROL.N,2016-01-29,0.063706563717022
ROL.N,2016-02-29,0.0031927616430373
ROL.N,2016-03-31,-0.0148928441573596
ROL.N,2016-04-29,-0.0092182890874935
ROL.N,2016-05-31,0.0615551952852573
ROL.N,2016-06-30,0.0299085151312731
ROL.N,2016-07-29,-0.037239494371388
ROL.N,2016-08-31,0.0150479907805976
ROL.N,2016-09-30,0.0273684210721858
ROL.N,2016-10-31,0.0525956283869726
ROL.N,2016-11-30,0.0493017640546258
ROL.N,2016-12-30,0.0513538748697955
ROL.N,2017-01-31,0.0438129070684505
ROL.N,2017-02-28,0.0402062215726613
ROL.N,2017-03-31,0.0155908096163574
ROL.N,2017-04-28,0.0457850794506251
ROL.N,2017-05-31,0.112415064784834
ROL.N,2017-06-30,-0.0547945205506251
ROL.N,2017-07-31,0.0663227708374559
ROL.N,2017-08-31,0.0256913034724713
ROL.N,2017-09-29,0.0389551902688521
ROL.N,2017-10-31,-0.0483311660031613
ROL.N,2017-11-30,0.0606181481273076
ROL.N,2017-12-29,0.0038834951424751
ROL.N,2018-01-31,0.0603911455129329
ROL.N,2018-02-28,0.021986477158096
ROL.N,2018-03-29,0.0151183608673329
ROL.N,2018-04-30,-0.0491867528946134
ROL.N,2018-05-31,0.0286555321998483
ROL.N,2018-06-29,0.0564597146767556
ROL.N,2018-07-31,0.0448839863173758
ROL.N,2018-08-31,0.096290494513656
ROL.N,2018-09-28,0.0101531291378809
ROL.N,2018-10-31,-0.0245509968619791
ROL.N,2018-11-30,0.0785258826922239
ROL.N,2018-12-31,-0.148049513443503
ROL.N,2019-01-31,0.0315789473741557
ROL.N,2019-02-28,0.067937490386297
ROL.N,2019-03-29,0.0494200706030736
ROL.N,2019-04-30,-0.0708793848981102
ROL.N,2019-05-31,-0.0256494077911643
ROL.N,2019-06-28,-0.0452488687783172
ROL.N,2019-07-31,-0.0652355728915878
ROL.N,2019-08-30,-0.0183794994514429
ROL.N,2019-09-30,0.0384029259161249
ROL.N,2019-10-31,0.118579395352881
ROL.N,2019-11-29,-0.055532801130213
ROL.N,2019-12-31,-0.0750348674880169
ROL.N,2020-01-31,0.144451145964872
ROL.N,2020-02-28,-0.0103709116533592
ROL.N,2020-03-31,-0.0347222222467046
ROL.N,2020-04-30,0.1068068622187849
ROL.N,2020-05-29,0.0469768272239612
ROL.N,2020-06-30,0.014114832533344
ROL.N,2020-07-31,0.2361405991687649
ROL.N,2020-08-31,0.053824586521356
ROL.N,2020-09-30,-0.0172288719444449
ROL.N,2020-10-30,0.0675401365718196
ROL.N,2020-11-30,-0.0081517374343558
ROL.N,2020-12-31,0.0249207887103708
ROL.N,2021-01-29,-0.0780650115123924
ROL.N,2021-02-26,-0.0771799295328974
ROL.N,2021-03-31,0.0376846548173402
ROL.N,2021-04-30,0.0830912260552063
ROL.N,2021-05-28,-0.0835979113607397
ROL.N,2021-06-30,0.0032267527267035
ROL.N,2021-07-30,0.120760233902263
ROL.N,2021-08-31,0.0175484669398354
ROL.N,2021-09-30,-0.0922404933344967
ROL.N,2021-10-29,-0.002830455718191
ROL.N,2021-11-30,-0.0505609714591207
ROL.N,2021-12-31,0.0279447115594985
ROL.N,2022-01-31,-0.0982168956179099
ROL.N,2022-02-28,0.0610723803634916
ROL.N,2022-03-31,0.0741648789645488
ROL.N,2022-04-29,-0.0430813124147865
ROL.N,2022-05-31,0.0603907070608576
ROL.N,2022-06-30,-0.0152284263956908
ROL.N,2022-07-29,0.104524627714716
ROL.N,2022-08-31,-0.122345224051465
ROL.N,2022-09-30,0.0272511848146938
ROL.N,2022-10-31,0.213379469429444
ROL.N,2022-11-30,-0.0359665619024728
ROL.N,2022-12-30,-0.0964391691364046
ROL.N,2023-01-31,-0.0038314176282112
ROL.N,2023-02-28,-0.0294167848471961
ROL.N,2023-03-31,0.0661931818104109
ROL.N,2023-04-28,0.125766053836409
ROL.N,2023-05-31,-0.0664387295885975
ROL.N,2023-06-30,0.089267548344186
ROL.N,2023-07-31,-0.0466962409551476
ROL.N,2023-08-31,-0.0277686844803867
ROL.N,2023-09-29,-0.0566085418191842
ROL.N,2023-10-31,0.0075006696855435
ROL.N,2023-11-30,0.0875142371591819
ROL.N,2023-12-29,0.0719194894176497
ROL.N,2024-01-31,-0.0082436455286716
TYL.N,2000-01-31,-0.204545454536559
TYL.N,2000-02-29,0.2285714285864289
TYL.N,2000-03-31,0.104651162793434
TYL.N,2000-04-28,-0.0947368420814915
TYL.N,2000-05-31,-0.255813953494969
TYL.N,2000-06-30,-0.359374999993318
TYL.N,2000-07-31,5.5222e-13
TYL.N,2000-08-31,-0.146341463418018
TYL.N,2000-09-29,-0.0857142857244317
TYL.N,2000-10-31,0.2187499999943679
TYL.N,2000-11-30,-0.179487179482173
TYL.N,2000-12-29,-0.156249999993041
TYL.N,2001-01-31,0.0666666666658042
TYL.N,2001-02-28,-0.22222222223604
TYL.N,2001-03-30,0.357142857145613
TYL.N,2001-04-30,-0.184210526315554
TYL.N,2001-05-31,0.7032258064578809
TYL.N,2001-06-29,-0.0909090909201916
TYL.N,2001-07-31,0.100000000000953
TYL.N,2001-08-31,0.3825757575634529
TYL.N,2001-09-28,-0.205479452057365
TYL.N,2001-10-31,0.189655172432284
TYL.N,2001-11-30,-0.0231884057897935
TYL.N,2001-12-31,0.350148367954027
TYL.N,2002-01-31,-0.0329670329668907
TYL.N,2002-02-28,-0.0454545454425808
TYL.N,2002-03-28,0.366666666671156
TYL.N,2002-04-30,-0.0540069686317961
TYL.N,2002-05-31,-0.0313075506538131
TYL.N,2002-06-28,0.0114068441044053
TYL.N,2002-07-31,-0.075187969930701
TYL.N,2002-08-30,-0.237804878041883
TYL.N,2002-09-30,0.173333333347075
TYL.N,2002-10-31,-0.090909090906356
TYL.N,2002-11-29,0.112499999996165
TYL.N,2002-12-31,-0.0629213483049115
TYL.N,2003-01-31,-0.0647482014369946
TYL.N,2003-02-28,-0.0307692307690242
TYL.N,2003-03-31,-0.0661375661179273
TYL.N,2003-04-30,0.118980169992785
TYL.N,2003-05-30,0.14936708861517
TYL.N,2003-06-30,-0.0638766519775454
TYL.N,2003-07-31,0.1647058823491149
TYL.N,2003-08-29,0.278787878774943
TYL.N,2003-09-30,0.118483412318683
TYL.N,2003-10-31,0.11864406777054
TYL.N,2003-11-28,0.0606060605972489
TYL.N,2003-12-31,0.146428571425516
TYL.N,2004-01-30,0.0384215991662551
TYL.N,2004-02-27,-0.069000000003387
TYL.N,2004-03-31,0.0429645542549168
TYL.N,2004-04-30,-0.0278063851746486
TYL.N,2004-05-28,-0.0572033898407884
TYL.N,2004-06-30,0.0629213483045679
TYL.N,2004-07-30,-0.0274841437698413
TYL.N,2004-08-31,-0.0108695652199005
TYL.N,2004-09-30,-0.0285714285719915
TYL.N,2004-10-29,-0.0135746606121934
TYL.N,2004-11-30,-0.100917431179942
TYL.N,2004-12-31,0.0663265306011378
TYL.N,2005-01-31,-0.0849282296792464
TYL.N,2005-02-28,-0.0797385620713549
TYL.N,2005-03-31,0.0809659090756369
TYL.N,2005-04-29,-0.240473061757325
TYL.N,2005-05-31,0.126297577863455
TYL.N,2005-06-30,0.161290322578098
TYL.N,2005-07-29,0.0502645502720014
TYL.N,2005-08-31,0.0226700251685648
TYL.N,2005-09-30,0.0197044334840524
TYL.N,2005-10-31,-0.0169082125590123
TYL.N,2005-11-30,0.0749385749334333
TYL.N,2005-12-30,0.0034285714253021
TYL.N,2006-01-31,-0.009111617332417
TYL.N,2006-02-28,0.139080459773884
TYL.N,2006-03-31,0.109989909193735
TYL.N,2006-04-28,0.0027272727243139
TYL.N,2006-05-31,-0.0362647325312964
TYL.N,2006-06-30,0.053621825034226
TYL.N,2006-07-31,0.073214285705594
TYL.N,2006-08-31,0.0881863560950936
TYL.N,2006-09-29,-0.0114678899167951
TYL.N,2006-10-31,0.0974477957996445
TYL.N,2006-11-30,0.0183227625135836
TYL.N,2006-12-29,-0.0269896193621789
TYL.N,2007-01-31,-0.0113798008554353
TYL.N,2007-02-28,-0.019424460434694
TYL.N,2007-03-30,-0.06823184151565
TYL.N,2007-04-30,-0.0590551181066227
TYL.N,2007-05-31,0.0150627614941438
TYL.N,2007-06-29,0.0230832646201676
TYL.N,2007-07-31,-0.0306204673604471
TYL.N,2007-08-31,0.232751454731093
TYL.N,2007-09-28,-0.0997977073515595
TYL.N,2007-10-31,0.207490636731692
TYL.N,2007-11-30,-0.0657568238342902
TYL.N,2007-12-31,-0.144090305460838
TYL.N,2008-01-31,0.0380139643090966
TYL.N,2008-02-29,0.0351270552975562
TYL.N,2008-03-31,0.0093862815862972
TYL.N,2008-04-30,0.0350500715242876
TYL.N,2008-05-30,0.0891499654668593
TYL.N,2008-06-30,-0.138959390860424
TYL.N,2008-07-31,0.17759764184123
TYL.N,2008-08-29,0.0143929912540159
TYL.N,2008-09-30,-0.0641579272098772
TYL.N,2008-10-31,-0.104152933417494
TYL.N,2008-11-28,-0.0706401766256141
TYL.N,2008-12-31,-0.0514647664327961
TYL.N,2009-01-30,0.0509181969875729
TYL.N,2009-02-27,0.0810166798970073
TYL.N,2009-03-31,0.0749448934603343
TYL.N,2009-04-30,0.127819548863382
TYL.N,2009-05-29,0.0181818181753075
TYL.N,2009-06-30,-0.0702380952420689
TYL.N,2009-07-31,-0.0140845070456602
TYL.N,2009-08-31,-0.0110389610431978
TYL.N,2009-09-30,0.122127380188826
TYL.N,2009-10-30,0.112931538891494
TYL.N,2009-11-30,0.0504731860915368
TYL.N,2009-12-31,-0.003503503485608
TYL.N,2010-01-29,-0.0592667001482837
TYL.N,2010-02-26,-0.0304324612974838
TYL.N,2010-03-31,0.0319383259733867
TYL.N,2010-04-30,-0.0907150480014359
TYL.N,2010-05-28,-0.047535211271103
TYL.N,2010-06-30,-0.0437461490953246
TYL.N,2010-07-30,0.0586340206298469
TYL.N,2010-08-31,0.0535605599361163
TYL.N,2010-09-30,0.1646447140560379
TYL.N,2010-10-29,0.0124007936605239
TYL.N,2010-11-30,-1.6952e-12
TYL.N,2010-12-31,0.0171484566105502
TYL.N,2011-01-31,-0.0004816955777745
TYL.N,2011-02-28,0.0660240963817043
TYL.N,2011-03-31,0.0718806510129781
TYL.N,2011-04-29,0.0455504006625565
TYL.N,2011-05-31,0.0250100847020173
TYL.N,2011-06-30,0.0539157811761068
TYL.N,2011-07-29,-0.0481702763402334
TYL.N,2011-08-31,-0.0102000784746623
TYL.N,2011-09-30,0.001981767759243
TYL.N,2011-10-31,0.24881329117074
TYL.N,2011-11-30,0.0152043079049437
TYL.N,2011-12-30,-0.0605304212273438
TYL.N,2012-01-31,0.166722019258086
TYL.N,2012-02-29,0.0751494449296481
TYL.N,2012-03-30,0.0169446650814313
TYL.N,2012-04-30,0.0400937255903899
TYL.N,2012-05-31,-0.0663329161234153
TYL.N,2012-06-29,0.0817694370003298
TYL.N,2012-07-31,-0.0329615861338814
TYL.N,2012-08-31,0.0317785750861743
TYL.N,2012-09-28,0.0933929458610063
TYL.N,2012-10-31,0.086097228541431
TYL.N,2012-11-30,-0.0186153524207653
TYL.N,2012-12-31,0.0323955669227056
TYL.N,2013-01-31,0.115813377375032
TYL.N,2013-02-28,0.0434782608807669
TYL.N,2013-03-28,0.0861702127762875
TYL.N,2013-04-30,0.0323212536534072
TYL.N,2013-05-31,0.091239721708914
TYL.N,2013-06-28,-0.0066657006214245
TYL.N,2013-07-31,0.0885485047346348
TYL.N,2013-08-30,-0.0097829000121699
TYL.N,2013-09-30,0.183786709984371
TYL.N,2013-10-31,0.105636218132293
TYL.N,2013-11-29,0.0610071347775012
TYL.N,2013-12-31,-0.0046779066414817
TYL.N,2014-01-31,0.0325075883837491
TYL.N,2014-02-28,-0.110668563309324
TYL.N,2014-03-31,-0.107698869701067
TYL.N,2014-04-30,-0.0242590822294729
TYL.N,2014-05-30,-0.0431108389498511
TYL.N,2014-06-30,0.167413285526459
TYL.N,2014-07-31,-0.0052625808649229
TYL.N,2014-08-29,-0.0184062603210744
TYL.N,2014-09-30,-0.0074107343212866
TYL.N,2014-10-31,0.266063348416098
TYL.N,2014-11-28,-0.0298427448090337
TYL.N,2014-12-31,0.0079204273214015
TYL.N,2015-01-30,-0.0307017543739568
TYL.N,2015-02-27,0.125282805445829
TYL.N,2015-03-31,0.0097176844836908
TYL.N,2015-04-30,0.0117812992569536
TYL.N,2015-05-29,-0.0038540385327426
TYL.N,2015-06-30,0.0650312808946487
TYL.N,2015-07-31,0.0785283660524441
TYL.N,2015-08-31,-0.010749605865746
TYL.N,2015-09-30,0.0816430020508056
TYL.N,2015-10-30,0.140981849820421
TYL.N,2015-11-30,0.0474289739375824
TYL.N,2015-12-31,-0.0230889934995658
TYL.N,2016-01-29,-0.0990133088517224
TYL.N,2016-02-29,-0.233923341400018
TYL.N,2016-03-31,0.0688996010732779
TYL.N,2016-04-29,0.138402923583165
TYL.N,2016-05-31,0.0469913257199455
TYL.N,2016-06-30,0.0875464805071231
TYL.N,2016-07-29,-0.0221342450888932
TYL.N,2016-08-31,0.0057048214855595
TYL.N,2016-09-30,0.0444037816490539
TYL.N,2016-10-31,-0.0632482625849555
TYL.N,2016-11-30,-0.0716957605881992
TYL.N,2016-12-30,-0.0411685694976153
TYL.N,2017-01-31,0.0227638859534658
TYL.N,2017-02-28,0.0385563621434752
TYL.N,2017-03-31,0.0191889218603398
TYL.N,2017-04-28,0.0584239130677876
TYL.N,2017-05-31,0.0445626260561028
TYL.N,2017-06-30,0.0280313670439372
TYL.N,2017-07-31,-0.0219730175882342
TYL.N,2017-08-31,0.0057621791538862
TYL.N,2017-09-29,0.0087962963042995
TYL.N,2017-10-31,0.0170376319468612
TYL.N,2017-11-30,0.0317558801903348
TYL.N,2017-12-29,-0.0320905313715971
TYL.N,2018-01-31,0.138153064111202
TYL.N,2018-02-28,0.0079400526245785
TYL.N,2018-03-29,0.0386490079272419
TYL.N,2018-04-30,0.0377322715060473
TYL.N,2018-05-31,0.05801205921102
TYL.N,2018-06-29,-0.041101804642297
TYL.N,2018-07-31,0.0130121566729777
TYL.N,2018-08-31,0.0976043379795009
TYL.N,2018-09-28,-0.0076533711318741
TYL.N,2018-10-31,-0.13629315269076
TYL.N,2018-11-30,-0.089294151011553
TYL.N,2018-12-31,-0.0360033201936876
TYL.N,2019-01-31,0.0181358303828132
TYL.N,2019-02-28,0.0824567894559237
TYL.N,2019-03-29,-0.0019043898679524
TYL.N,2019-04-30,0.13458904111817
TYL.N,2019-05-31,-0.0800310465196151
TYL.N,2019-06-28,0.0125146473129472
TYL.N,2019-07-31,0.0802240533336904
TYL.N,2019-08-30,0.0993786158196037
TYL.N,2019-09-30,0.0232322444869166
TYL.N,2019-10-31,0.0229333333197854
TYL.N,2019-11-29,0.0806271413949592
TYL.N,2019-12-31,0.0339456181084228
TYL.N,2020-01-31,0.0788614092505007
TYL.N,2020-02-28,-0.0319142362872636
TYL.N,2020-03-31,-0.0535822562605214
TYL.N,2020-04-30,0.0813663339718394
TYL.N,2020-05-29,0.170320246975511
TYL.N,2020-06-30,-0.0757507127282194
TYL.N,2020-07-31,0.029895064573755
TYL.N,2020-08-31,-0.0334219734096256
TYL.N,2020-09-30,0.0094118328664414
TYL.N,2020-10-30,0.102765664453413
TYL.N,2020-11-30,0.112440813788637
TYL.N,2020-12-31,0.0208606173850485
TYL.N,2021-01-29,-0.0314533125435379
TYL.N,2021-02-26,0.0960997185232602
TYL.N,2021-03-31,-0.0839195546044258
TYL.N,2021-04-30,0.0007773301838509
TYL.N,2021-05-28,-0.0510756484564122
TYL.N,2021-06-30,0.1220607203224549
TYL.N,2021-07-30,0.0890200499701521
TYL.N,2021-08-31,-0.0140873660294109
TYL.N,2021-09-30,-0.0556928144764099
TYL.N,2021-10-29,0.184388967628783
TYL.N,2021-11-30,-0.044622804751419
TYL.N,2021-12-31,0.0365524682984366
TYL.N,2022-01-31,-0.119249000851521
TYL.N,2022-02-28,-0.0961165048654208
TYL.N,2022-03-31,0.0388315508995352
TYL.N,2022-04-29,-0.112791926106961
TYL.N,2022-05-31,-0.0985280332453353
TYL.N,2022-06-30,-0.0655949637193307
TYL.N,2022-07-29,0.200072184813604
TYL.N,2022-08-31,-0.0688972431046164
TYL.N,2022-09-30,-0.0646281392096588
TYL.N,2022-10-31,-0.0695539568255709
TYL.N,2022-11-30,0.0600315467311556
TYL.N,2022-12-30,-0.0593160996687462
TYL.N,2023-01-31,0.0011165906825265
TYL.N,2023-02-28,-0.004709235707889
TYL.N,2023-03-31,0.103937743188966
TYL.N,2023-04-28,0.0687739680050981
TYL.N,2023-05-31,0.0473049626783013
TYL.N,2023-06-30,0.0491485288286142
TYL.N,2023-07-31,-0.0476384853457335
TYL.N,2023-08-31,0.0045382346462135
TYL.N,2023-09-29,-0.0308460708256393
TYL.N,2023-10-31,-0.034288082049692
TYL.N,2023-11-30,0.0963797264871962
TYL.N,2023-12-29,0.0226983661150832
TYL.N,2024-01-31,0.0110733760628043
BIIB.OQ,2000-01-31,0.28435114504475
BIIB.OQ,2000-02-29,0.116394254587757
BIIB.OQ,2000-03-31,-0.302573203205302
BIIB.OQ,2000-04-28,-0.3486005088986549
BIIB.OQ,2000-05-31,-0.0029296874839904
BIIB.OQ,2000-06-30,0.8383937316502901
BIIB.OQ,2000-07-31,0.0468833244662112
BIIB.OQ,2000-08-31,0.136895674286317
BIIB.OQ,2000-09-29,0.255931101166276
BIIB.OQ,2000-10-31,0.118417503546527
BIIB.OQ,2000-11-30,-0.112492033124215
BIIB.OQ,2000-12-29,0.0890484739462321
BIIB.OQ,2001-01-31,-0.0692290701249357
BIIB.OQ,2001-02-28,-0.041445270970309
BIIB.OQ,2001-03-30,-0.290465631931783
BIIB.OQ,2001-04-30,0.230000000039616
BIIB.OQ,2001-05-31,0.252032520347945
BIIB.OQ,2001-06-29,0.09886363634904
BIIB.OQ,2001-07-31,-0.202540995712444
BIIB.OQ,2001-08-31,0.0979992589858958
BIIB.OQ,2001-09-28,-0.1636578370202009
BIIB.OQ,2001-10-31,0.210006052038798
BIIB.OQ,2001-11-30,0.172057352420755
BIIB.OQ,2001-12-31,-0.0194879089605418
BIIB.OQ,2002-01-31,-0.137385753657604
BIIB.OQ,2002-02-28,0.0565085771694105
BIIB.OQ,2002-03-28,0.0235593759884032
BIIB.OQ,2002-04-30,-0.145412130628868
BIIB.OQ,2002-05-31,-0.2194722475053729
BIIB.OQ,2002-06-28,-0.173467008635071
BIIB.OQ,2002-07-31,0.257827926648131
BIIB.OQ,2002-08-30,-0.0989010988842869
BIIB.OQ,2002-09-30,0.0333499253393927
BIIB.OQ,2002-10-31,0.108381502881769
BIIB.OQ,2002-11-29,-0.285093437630318
BIIB.OQ,2002-12-31,0.0082066869132173
BIIB.OQ,2003-01-31,-0.0325595417751699
BIIB.OQ,2003-02-28,-0.104082268607047
BIIB.OQ,2003-03-31,0.1971826086839649
BIIB.OQ,2003-04-30,-0.0484906592159964
BIIB.OQ,2003-05-30,0.165496183202739
BIIB.OQ,2003-06-30,-0.10924810058614
BIIB.OQ,2003-07-31,-0.0047058823541267
BIIB.OQ,2003-08-29,0.0268912529420278
BIIB.OQ,2003-09-30,-0.0460431654772156
BIIB.OQ,2003-10-31,0.0597285067908099
BIIB.OQ,2003-11-28,0.0868203814391713
BIIB.OQ,2003-12-31,-0.036668412769427
BIIB.OQ,2004-01-30,0.163404023918882
BIIB.OQ,2004-02-27,0.295863519522753
BIIB.OQ,2004-03-31,0.0027051397767015
BIIB.OQ,2004-04-30,0.0611510791459224
BIIB.OQ,2004-05-28,0.0533898305163178
BIIB.OQ,2004-06-30,0.0176991150354038
BIIB.OQ,2004-07-30,-0.0513833992194632
BIIB.OQ,2004-08-31,-0.0111666666783313
BIIB.OQ,2004-09-30,0.0310129782344739
BIIB.OQ,2004-10-29,-0.0492071276922962
BIIB.OQ,2004-11-30,0.0089408528275367
BIIB.OQ,2004-12-31,0.135139740954637
BIIB.OQ,2005-01-31,-0.024771055387681
BIIB.OQ,2005-02-28,-0.4050184729003039
BIIB.OQ,2005-03-31,-0.107115135856647
BIIB.OQ,2005-04-29,0.0501303969827345
BIIB.OQ,2005-05-31,0.078918322278017
BIIB.OQ,2005-06-30,-0.118925831208045
BIIB.OQ,2005-07-29,0.140493468810633
BIIB.OQ,2005-08-31,0.0727920590582161
BIIB.OQ,2005-09-30,-0.0633451957313405
BIIB.OQ,2005-10-31,0.0291286727807882
BIIB.OQ,2005-11-30,0.0536549347872051
BIIB.OQ,2005-12-30,0.0588647512271134
BIIB.OQ,2006-01-31,-0.0127950584681858
BIIB.OQ,2006-02-28,0.0558659217946402
BIIB.OQ,2006-03-31,-0.0031746031847291
BIIB.OQ,2006-04-28,-0.0477707006291132
BIIB.OQ,2006-05-31,0.0396878483910057
BIIB.OQ,2006-06-30,-0.0064336264346401
BIIB.OQ,2006-07-31,-0.0908698467613228
BIIB.OQ,2006-08-31,0.047958214597426
BIIB.OQ,2006-09-29,0.0122338015386609
BIIB.OQ,2006-10-31,0.0653536257914522
BIIB.OQ,2006-11-30,0.0978991596457008
BIIB.OQ,2006-12-29,-0.0587447378420553
BIIB.OQ,2007-01-31,-0.0172799349318949
BIIB.OQ,2007-02-28,-0.0651634257327565
BIIB.OQ,2007-03-30,-0.0179243195370108
BIIB.OQ,2007-04-30,0.0637674628223721
BIIB.OQ,2007-05-31,0.106121584430407
BIIB.OQ,2007-06-29,0.0245116813459365
BIIB.OQ,2007-07-31,0.0568224299283091
BIIB.OQ,2007-08-31,0.128758401145519
BIIB.OQ,2007-09-28,0.0393293638564924
BIIB.OQ,2007-10-31,0.122267450633303
BIIB.OQ,2007-11-30,-0.0042987641178244
BIIB.OQ,2007-12-31,-0.232056125200433
BIIB.OQ,2008-01-31,0.0708011244097415
BIIB.OQ,2008-02-29,-0.0424938474321287
BIIB.OQ,2008-03-31,0.0570596298945183
BIIB.OQ,2008-04-30,-0.0162100826656174
BIIB.OQ,2008-05-30,0.0339429889728263
BIIB.OQ,2008-06-30,-0.109322709130315
BIIB.OQ,2008-07-31,0.248166040460482
BIIB.OQ,2008-08-29,-0.269925458710135
BIIB.OQ,2008-09-30,-0.0125662674343194
BIIB.OQ,2008-10-31,-0.15390733744003
BIIB.OQ,2008-11-28,-0.0056404230239236
BIIB.OQ,2008-12-31,0.125738596078826
BIIB.OQ,2009-01-30,0.0214150745604165
BIIB.OQ,2009-02-27,-0.0536485097820484
BIIB.OQ,2009-03-31,0.138575152067647
BIIB.OQ,2009-04-30,-0.0778328881967553
BIIB.OQ,2009-05-29,0.0713694662806506
BIIB.OQ,2009-06-30,-0.128210079185088
BIIB.OQ,2009-07-31,0.0531561461744524
BIIB.OQ,2009-08-31,0.055941114598657
BIIB.OQ,2009-09-30,0.0061740689170901
BIIB.OQ,2009-10-30,-0.1660728424342449
BIIB.OQ,2009-11-30,0.114170424866585
BIIB.OQ,2009-12-31,0.139752875994921
BIIB.OQ,2010-01-29,0.0044859812943298
BIIB.OQ,2010-02-26,0.0236323036865254
BIIB.OQ,2010-03-31,0.042719505539508
BIIB.OQ,2010-04-30,-0.0716527196749805
BIIB.OQ,2010-05-28,-0.10929577465488
BIIB.OQ,2010-06-30,0.0004216740559843
BIIB.OQ,2010-07-30,0.177660695456542
BIIB.OQ,2010-08-31,-0.0372226199015454
BIIB.OQ,2010-09-30,0.0431226765978575
BIIB.OQ,2010-10-29,0.117426942277605
BIIB.OQ,2010-11-30,0.0200924892375529
BIIB.OQ,2010-12-31,0.0481475691725743
BIIB.OQ,2011-01-31,-0.0235645040989324
BIIB.OQ,2011-02-28,0.0447533221220027
BIIB.OQ,2011-03-31,0.0729532163763165
BIIB.OQ,2011-04-29,0.326474996580906
BIIB.OQ,2011-05-31,-0.0269131998145867
BIIB.OQ,2011-06-30,0.128681515878833
BIIB.OQ,2011-07-29,-0.0472315750183938
BIIB.OQ,2011-08-31,-0.0752920388793185
BIIB.OQ,2011-09-30,-0.0111464968058147
BIIB.OQ,2011-10-31,0.249168008563057
BIIB.OQ,2011-11-30,-0.0121175661662423
BIIB.OQ,2011-12-30,-0.0426272292395075
BIIB.OQ,2012-01-31,0.0715129486422363
BIIB.OQ,2012-02-29,-0.0122964721889888
BIIB.OQ,2012-03-30,0.0815660685297176
BIIB.OQ,2012-04-30,0.063824720175097
BIIB.OQ,2012-05-31,-0.0243265427997775
BIIB.OQ,2012-06-29,0.1042447418621359
BIIB.OQ,2012-07-31,0.0100429422297952
BIIB.OQ,2012-08-31,0.0052115476884451
BIIB.OQ,2012-09-28,0.0180094139951339
BIIB.OQ,2012-10-31,-0.0737787308173471
BIIB.OQ,2012-11-30,0.0786427434404915
BIIB.OQ,2012-12-31,-0.0162318062776331
BIIB.OQ,2013-01-31,0.0641576327742326
BIIB.OQ,2013-02-28,0.0657355202632484
BIIB.OQ,2013-03-28,0.159733076828079
BIIB.OQ,2013-04-30,0.134881550962721
BIIB.OQ,2013-05-31,0.0847759557858121
BIIB.OQ,2013-06-28,-0.093856583439115
BIIB.OQ,2013-07-31,0.0136152416092461
BIIB.OQ,2013-08-30,-0.0234263970900132
BIIB.OQ,2013-09-30,0.130222514323985
BIIB.OQ,2013-10-31,0.0142465525780584
BIIB.OQ,2013-11-29,0.191572136467867
BIIB.OQ,2013-12-31,-0.038560676354939
BIIB.OQ,2014-01-31,0.117569258271022
BIIB.OQ,2014-02-28,0.0896878198599793
BIIB.OQ,2014-03-31,-0.1021779969326
BIIB.OQ,2014-04-30,-0.0613005525146174
BIIB.OQ,2014-05-30,0.112322373944674
BIIB.OQ,2014-06-30,-0.0127125277877579
BIIB.OQ,2014-07-31,0.0605118772171926
BIIB.OQ,2014-08-29,0.0258679984390628
BIIB.OQ,2014-09-30,-0.035651819044424
BIIB.OQ,2014-10-31,-0.0294126538091445
BIIB.OQ,2014-11-28,-0.041703002362664
BIIB.OQ,2014-12-31,0.103220774149796
BIIB.OQ,2015-01-30,0.14644277506029
BIIB.OQ,2015-02-27,0.0524976873331907
BIIB.OQ,2015-03-31,0.0308845430747122
BIIB.OQ,2015-04-30,-0.114413603624731
BIIB.OQ,2015-05-29,0.0616692963917306
BIIB.OQ,2015-06-30,0.0175067381956608
BIIB.OQ,2015-07-31,-0.210823389619626
BIIB.OQ,2015-08-31,-0.0673818934687226
BIIB.OQ,2015-09-30,-0.0184661957760855
BIIB.OQ,2015-10-30,-0.0044549535510879
BIIB.OQ,2015-11-30,-0.0125641113955307
BIIB.OQ,2015-12-31,0.0679425503690259
BIIB.OQ,2016-01-29,-0.1086665578550769
BIIB.OQ,2016-02-29,-0.0499523914231372
BIIB.OQ,2016-03-31,0.0034692776161053
BIIB.OQ,2016-04-29,0.0563537184821243
BIIB.OQ,2016-05-31,0.0536019491732202
BIIB.OQ,2016-06-30,-0.1653608532054289
BIIB.OQ,2016-07-29,0.19894963195114
BIIB.OQ,2016-08-31,0.0541510019979217
BIIB.OQ,2016-09-30,0.0242122828257042
BIIB.OQ,2016-10-31,-0.104942018347063
BIIB.OQ,2016-11-30,0.0495752730482775
BIIB.OQ,2016-12-30,-0.0356717788260552
BIIB.OQ,2017-01-31,-0.0223570068453597
BIIB.OQ,2017-02-28,0.130142436317766
BIIB.OQ,2017-03-31,-0.0525987525845468
BIIB.OQ,2017-04-28,-0.0080828030174517
BIIB.OQ,2017-05-31,-0.0864274916047901
BIIB.OQ,2017-06-30,0.0952092666394508
BIIB.OQ,2017-07-31,0.0671801297372972
BIIB.OQ,2017-08-31,0.0931316689298267
BIIB.OQ,2017-09-29,-0.0108668183176813
BIIB.OQ,2017-10-31,-0.0046627491000574
BIIB.OQ,2017-11-30,0.0337226464735445
BIIB.OQ,2017-12-29,-0.0111742247754834
BIIB.OQ,2018-01-31,0.0917851649561834
BIIB.OQ,2018-02-28,-0.169115321588187
BIIB.OQ,2018-03-29,-0.0524931658587168
BIIB.OQ,2018-04-30,-0.0008034475102288
BIIB.OQ,2018-05-31,0.0744152046908237
BIIB.OQ,2018-06-29,-0.0126547829472572
BIIB.OQ,2018-07-31,0.152046582132774
BIIB.OQ,2018-08-31,0.0571821634659366
BIIB.OQ,2018-09-28,-0.0005092081541162
BIIB.OQ,2018-10-31,-0.138801618963553
BIIB.OQ,2018-11-30,0.0967890360278273
BIIB.OQ,2018-12-31,-0.0982859882485455
BIIB.OQ,2019-01-31,0.109198458063158
BIIB.OQ,2019-02-28,-0.0172868356599515
BIIB.OQ,2019-03-29,-0.279351239294182
BIIB.OQ,2019-04-30,-0.0302056011426379
BIIB.OQ,2019-05-31,-0.0434042924515541
BIIB.OQ,2019-06-28,0.0664872999331698
BIIB.OQ,2019-07-31,0.0168897250639597
BIIB.OQ,2019-08-30,-0.0759818349991205
BIIB.OQ,2019-09-30,0.0594766780613622
BIIB.OQ,2019-10-31,0.283008332652966
BIIB.OQ,2019-11-29,0.0036825014128012
BIIB.OQ,2019-12-31,-0.010273173011555
BIIB.OQ,2020-01-31,-0.0939574697463646
BIIB.OQ,2020-02-28,0.147070857353651
BIIB.OQ,2020-03-31,0.025908751900596
BIIB.OQ,2020-04-30,-0.0617927808272402
BIIB.OQ,2020-05-29,0.0345652393557716
BIIB.OQ,2020-06-30,-0.12875704191214
BIIB.OQ,2020-07-31,0.0266866006443054
BIIB.OQ,2020-08-31,0.0471440532821277
BIIB.OQ,2020-09-30,-0.013767208996004
BIIB.OQ,2020-10-30,-0.111428370002625
BIIB.OQ,2020-11-30,-0.0472091085890033
BIIB.OQ,2020-12-31,0.0195278344579242
BIIB.OQ,2021-01-29,0.154169729638794
BIIB.OQ,2021-02-26,-0.0344290718719122
BIIB.OQ,2021-03-31,0.025175901491959
BIIB.OQ,2021-04-30,-0.0443967828413692
BIIB.OQ,2021-05-28,0.0005611042545501
BIIB.OQ,2021-06-30,0.294564079593456
BIIB.OQ,2021-07-30,-0.056429953481366
BIIB.OQ,2021-08-31,0.0372784868210032
BIIB.OQ,2021-09-30,-0.164999557400973
BIIB.OQ,2021-10-29,-0.0576345453836227
BIIB.OQ,2021-11-30,-0.1160191990378999
BIIB.OQ,2021-12-31,0.0177313990222228
BIIB.OQ,2022-01-31,-0.0580193397678262
BIIB.OQ,2022-02-28,-0.0663274336344901
BIIB.OQ,2022-03-31,-0.0019430358832534
BIIB.OQ,2022-04-29,-0.0150047483540885
BIIB.OQ,2022-05-31,-0.0358657925200255
BIIB.OQ,2022-06-30,0.0197000000229945
BIIB.OQ,2022-07-29,0.0545258409154654
BIIB.OQ,2022-08-31,-0.0915093462269491
BIIB.OQ,2022-09-30,0.366567714163976
BIIB.OQ,2022-10-31,0.0615730337035583
BIIB.OQ,2022-11-30,0.0766652554358742
BIIB.OQ,2022-12-30,-0.0925713536898116
BIIB.OQ,2023-01-31,0.0504838942404
BIIB.OQ,2023-02-28,-0.0723272602278805
BIIB.OQ,2023-03-31,0.0302749573832528
BIIB.OQ,2023-04-28,0.0942344351353923
BIIB.OQ,2023-05-31,-0.0257042369500701
BIIB.OQ,2023-06-30,-0.0390000337449043
BIIB.OQ,2023-07-31,-0.0514656836937204
BIIB.OQ,2023-08-31,-0.01047411078937
BIIB.OQ,2023-09-29,-0.0387118491609167
BIIB.OQ,2023-10-31,-0.075755807169015
BIIB.OQ,2023-11-30,-0.0145659678507479
BIIB.OQ,2023-12-29,0.105476760064817
BIIB.OQ,2024-01-31,-0.0467983151115981
AMT.N,2000-01-31,0.173824130889936
AMT.N,2000-02-29,0.37282229963228
AMT.N,2000-03-31,0.0025380710455664
AMT.N,2000-04-28,-0.058227848105996
AMT.N,2000-05-31,-0.201612903215013
AMT.N,2000-06-30,0.122895622848516
AMT.N,2000-07-31,0.0284857571195288
AMT.N,2000-08-31,-0.153061224486047
AMT.N,2000-09-29,0.0378657487121723
AMT.N,2000-10-31,0.086235489209717
AMT.N,2000-11-30,-0.264122137402402
AMT.N,2000-12-29,0.257261410790353
AMT.N,2001-01-31,-0.0442244224508344
AMT.N,2001-02-28,-0.200552486198462
AMT.N,2001-03-30,-0.360746371810483
AMT.N,2001-04-30,0.4486486486862759
AMT.N,2001-05-31,-0.0768656716255036
AMT.N,2001-06-29,-0.164510913486322
AMT.N,2001-07-31,-0.179970972415252
AMT.N,2001-08-31,-0.146312684361855
AMT.N,2001-09-28,-0.0400829301966247
AMT.N,2001-10-31,-0.206623470123069
AMT.N,2001-11-30,-0.201451905627482
AMT.N,2001-12-31,0.0761363636614999
AMT.N,2002-01-31,-0.4551214361145039
AMT.N,2002-02-28,-0.0620155038720456
AMT.N,2002-03-28,0.1177685950536299
AMT.N,2002-04-30,-0.0776340110955028
AMT.N,2002-05-31,-0.2384769539028199
AMT.N,2002-06-28,-0.092105263159734
AMT.N,2002-07-31,-0.350724637686623
AMT.N,2002-08-30,0.0982142856912216
AMT.N,2002-09-30,-0.353658536593152
AMT.N,2002-10-31,-0.113207547184651
AMT.N,2002-11-29,1.80851063828755
AMT.N,2002-12-31,-0.1085858585946009
AMT.N,2003-01-31,0.439093484433852
AMT.N,2003-02-28,-0.0767716535441325
AMT.N,2003-03-31,0.176972281443784
AMT.N,2003-04-30,0.2028985507171309
AMT.N,2003-05-30,0.349397590358349
AMT.N,2003-06-30,-0.0122767857038855
AMT.N,2003-07-31,0.0282485875784682
AMT.N,2003-08-29,0.250549450522159
AMT.N,2003-09-30,-0.1080843585236659
AMT.N,2003-10-31,0.142857142877769
AMT.N,2003-11-28,-0.0189655172335991
AMT.N,2003-12-31,-0.0492091388366196
AMT.N,2004-01-30,0.0157116451082102
AMT.N,2004-02-27,0.0054595086440134
AMT.N,2004-03-31,0.0271493212511116
AMT.N,2004-04-30,0.0969162995630264
AMT.N,2004-05-28,0.1108433735074019
AMT.N,2004-06-30,0.0990600144573575
AMT.N,2004-07-30,-0.0486842105461366
AMT.N,2004-08-31,0.0297372061043202
AMT.N,2004-09-30,0.0308932169202073
AMT.N,2004-10-29,0.1198697068327419
AMT.N,2004-11-30,0.0546829552132497
AMT.N,2004-12-31,0.0148924434574644
AMT.N,2005-01-31,-0.0152173912872235
AMT.N,2005-02-28,0.0115894039740754
AMT.N,2005-03-31,-0.0054555373728596
AMT.N,2005-04-29,-0.0548546352172807
AMT.N,2005-05-31,0.0470110272790642
AMT.N,2005-06-30,0.165188470055999
AMT.N,2005-07-29,0.0932445290166772
AMT.N,2005-08-31,0.037423846834518
AMT.N,2005-09-30,0.046560402685377
AMT.N,2005-10-31,-0.0440881763663781
AMT.N,2005-11-30,0.144234800806395
AMT.N,2005-12-30,-0.006962257247912
AMT.N,2006-01-31,0.141697416951772
AMT.N,2006-02-28,0.0287653523045686
AMT.N,2006-03-31,-0.047439522484789
AMT.N,2006-04-28,0.125989445905041
AMT.N,2006-05-31,-0.0928529584229363
AMT.N,2006-06-30,0.0048433968255172
AMT.N,2006-07-31,0.0861182519352598
AMT.N,2006-08-31,0.0609467455484078
AMT.N,2006-09-29,0.0178471835121474
AMT.N,2006-10-31,-0.0131506849326082
AMT.N,2006-11-30,0.0513603553758211
AMT.N,2006-12-29,-0.0155796144561486
AMT.N,2007-01-31,0.0684012875415652
AMT.N,2007-02-28,-0.0273663068203651
AMT.N,2007-03-30,0.0054207537523871
AMT.N,2007-04-30,-0.0243902439004126
AMT.N,2007-05-31,0.136315789461154
AMT.N,2007-06-29,-0.0273274664169406
AMT.N,2007-07-31,-0.0080952381199626
AMT.N,2007-08-31,-0.0489678348550877
AMT.N,2007-09-28,0.0989399293325015
AMT.N,2007-10-31,0.0146991272410417
AMT.N,2007-11-30,0.0307831597994819
AMT.N,2007-12-31,-0.0645586297707472
AMT.N,2008-01-31,-0.119014084499759
AMT.N,2008-02-29,0.0242472688555539
AMT.N,2008-03-31,0.020031217469461
AMT.N,2008-04-30,0.107370568735316
AMT.N,2008-05-30,0.0529709811128862
AMT.N,2008-06-30,-0.0758967628844449
AMT.N,2008-07-31,-0.0082840236656445
AMT.N,2008-08-29,-0.0136038186000011
AMT.N,2008-09-30,-0.129687878040007
AMT.N,2008-10-31,-0.101751459535773
AMT.N,2008-11-28,-0.156917363033414
AMT.N,2008-12-31,0.0763582966153296
AMT.N,2009-01-30,0.0347885402418404
AMT.N,2009-02-27,-0.040210942665824
AMT.N,2009-03-31,0.0449862637421887
AMT.N,2009-04-30,0.043706868226081
AMT.N,2009-05-29,0.003463476065213
AMT.N,2009-06-30,-0.0106683401431338
AMT.N,2009-07-31,0.0811925150663269
AMT.N,2009-08-31,-0.0715752420309758
AMT.N,2009-09-30,0.15007898893816
AMT.N,2009-10-30,0.0115384615567009
AMT.N,2009-11-30,0.111352525793347
AMT.N,2009-12-31,0.0559628543514856
AMT.N,2010-01-29,-0.017588521187467
AMT.N,2010-02-26,0.0049469964868496
AMT.N,2010-03-31,-0.0011720581515337
AMT.N,2010-04-30,-0.0422436047952028
AMT.N,2010-05-28,-0.006861063474565
AMT.N,2010-06-30,0.0979521342356236
AMT.N,2010-07-30,0.0391011235577727
AMT.N,2010-08-31,0.0134083045064541
AMT.N,2010-09-30,0.093896713626916
AMT.N,2010-10-29,0.0068279360183307
AMT.N,2010-11-30,-0.0201511335018261
AMT.N,2010-12-31,0.0211587898037733
AMT.N,2011-01-31,-0.0151045701222566
AMT.N,2011-02-28,0.0609516319400068
AMT.N,2011-03-31,-0.0396590066983469
AMT.N,2011-04-29,0.0094558085804978
AMT.N,2011-05-31,0.0606002676470351
AMT.N,2011-06-30,-0.0567772170191111
AMT.N,2011-07-29,0.0038218995008023
AMT.N,2011-08-31,0.0253188654220551
AMT.N,2011-09-30,-0.0011139992403462
AMT.N,2011-10-31,0.0241635687927682
AMT.N,2011-11-30,0.0707803992635787
AMT.N,2011-12-30,0.0232755365864897
AMT.N,2012-01-31,0.0583236127309172
AMT.N,2012-02-29,-0.0146433632598963
AMT.N,2012-03-30,0.0070310002760407
AMT.N,2012-04-30,0.044129739425761
AMT.N,2012-05-31,-0.0106739859627461
AMT.N,2012-06-29,0.0809298115808872
AMT.N,2012-07-31,0.0343298526477687
AMT.N,2012-08-31,-0.0264140506201571
AMT.N,2012-09-28,0.0173447174741587
AMT.N,2012-10-31,0.0546294999138108
AMT.N,2012-11-30,-0.0047815114864175
AMT.N,2012-12-31,0.0344818084574778
AMT.N,2013-01-31,-0.0144946292266515
AMT.N,2013-02-28,0.0190413657317385
AMT.N,2013-03-28,-0.0087628865773938
AMT.N,2013-04-30,0.0955073165123974
AMT.N,2013-05-31,-0.0732230027613839
AMT.N,2013-06-28,-0.0566763284449809
AMT.N,2013-07-31,-0.0325269919652426
AMT.N,2013-08-30,-0.0183641757280298
AMT.N,2013-09-30,0.0707643949123449
AMT.N,2013-10-31,0.0704168353065919
AMT.N,2013-11-29,-0.0199117832309191
AMT.N,2013-12-31,0.0302409150563125
AMT.N,2014-01-31,0.0132798797137816
AMT.N,2014-02-28,0.0072947576667461
AMT.N,2014-03-31,0.0049097827427819
AMT.N,2014-04-30,0.0241594147864652
AMT.N,2014-05-30,0.0731561302686763
AMT.N,2014-06-30,0.0077643690351545
AMT.N,2014-07-31,0.049010891321601
AMT.N,2014-08-29,0.0446021824455271
AMT.N,2014-09-30,-0.0468132672128941
AMT.N,2014-10-31,0.041332906124107
AMT.N,2014-11-28,0.0770256410249701
AMT.N,2014-12-31,-0.0550324656826452
AMT.N,2015-01-30,-0.01922104197681
AMT.N,2015-02-27,0.022588963396674
AMT.N,2015-03-31,-0.0503328626210991
AMT.N,2015-04-30,0.0084046526218812
AMT.N,2015-05-29,-0.0184068549663061
AMT.N,2015-06-30,0.0101833409444141
AMT.N,2015-07-31,0.019509057758928
AMT.N,2015-08-31,-0.0307012932284512
AMT.N,2015-09-30,-0.0408098994543142
AMT.N,2015-10-30,0.1619686292174419
AMT.N,2015-11-30,-0.027878313611558
AMT.N,2015-12-31,-0.0193684574917333
AMT.N,2016-01-29,-0.0269210933525722
AMT.N,2016-02-29,-0.0226839092742922
AMT.N,2016-03-31,0.1103036876183709
AMT.N,2016-04-29,0.029461713862017
AMT.N,2016-05-31,0.0085812356691741
AMT.N,2016-06-30,0.0793300632125249
AMT.N,2016-07-29,0.0190124108818794
AMT.N,2016-08-31,-0.0206443810849284
AMT.N,2016-09-30,0.0044400976504748
AMT.N,2016-10-31,0.0340598252830981
AMT.N,2016-11-30,-0.127314617312214
AMT.N,2016-12-30,0.0389956531242399
AMT.N,2017-01-31,-0.0206283118965656
AMT.N,2017-02-28,0.1090821256402069
AMT.N,2017-03-31,0.058803031604888
AMT.N,2017-04-28,0.0414473810943539
AMT.N,2017-05-31,0.041686517383652
AMT.N,2017-06-30,0.013545933396822
AMT.N,2017-07-31,0.0303053204234862
AMT.N,2017-08-31,0.0859678720768822
AMT.N,2017-09-29,-0.0723214276225108
AMT.N,2017-10-31,0.0511413520606494
AMT.N,2017-11-30,0.0018097027952725
AMT.N,2017-12-29,-0.0038526447459533
AMT.N,2018-01-31,0.0352561855942501
AMT.N,2018-02-28,-0.0566689234945819
AMT.N,2018-03-29,0.043135003214277
AMT.N,2018-04-30,-0.0566649020052239
AMT.N,2018-05-31,0.0147403931009444
AMT.N,2018-06-29,0.0477205198334131
AMT.N,2018-07-31,0.0282305611348475
AMT.N,2018-08-31,0.0059363194726202
AMT.N,2018-09-28,-0.0202486383397249
AMT.N,2018-10-31,0.0723331039193387
AMT.N,2018-11-30,0.0557088761654323
AMT.N,2018-12-31,-0.0331721118049089
AMT.N,2019-01-31,0.0926101523404099
AMT.N,2019-02-28,0.019150659582128
AMT.N,2019-03-29,0.118705648587258
AMT.N,2019-04-30,-0.0043948143400739
AMT.N,2019-05-31,0.0689708141447256
AMT.N,2019-06-28,-0.0164901804627151
AMT.N,2019-07-31,0.035069699188534
AMT.N,2019-08-30,0.0877516302616819
AMT.N,2019-09-30,-0.0352663728343554
AMT.N,2019-10-31,-0.0137927915587815
AMT.N,2019-11-29,-0.0185711665284716
AMT.N,2019-12-31,0.0785340516899329
AMT.N,2020-01-31,0.0083543642825669
AMT.N,2020-02-28,-0.0213169931714271
AMT.N,2020-03-31,-0.0399029982421354
AMT.N,2020-04-30,0.097722838055817
AMT.N,2020-05-29,0.0847478991758506
AMT.N,2020-06-30,0.0057094704146909
AMT.N,2020-07-31,0.0110234393160902
AMT.N,2020-08-31,-0.0468265809737823
AMT.N,2020-09-30,-0.025169065930705
AMT.N,2020-10-30,-0.0499731105183995
AMT.N,2020-11-30,0.0067494012333448
AMT.N,2020-12-31,-0.0237796180952397
AMT.N,2021-01-29,0.0129198966518007
AMT.N,2021-02-26,-0.0493930330637805
AMT.N,2021-03-31,0.106093554794809
AMT.N,2021-04-30,0.0711877177919622
AMT.N,2021-05-28,0.0027083251373101
AMT.N,2021-06-30,0.0624480103514537
AMT.N,2021-07-30,0.0468645887292916
AMT.N,2021-08-31,0.0331329561596254
AMT.N,2021-09-30,-0.0872489712268283
AMT.N,2021-10-29,0.0623940318792156
AMT.N,2021-11-30,-0.0691208284788114
AMT.N,2021-12-31,0.11992767963478
AMT.N,2022-01-31,-0.140170940170019
AMT.N,2022-02-28,-0.0979324055806129
AMT.N,2022-03-31,0.107330189085599
AMT.N,2022-04-29,-0.035379227428436
AMT.N,2022-05-31,0.0626918927755129
AMT.N,2022-06-30,0.0039852353302487
AMT.N,2022-07-29,0.0596267459521654
AMT.N,2022-08-31,-0.0619576856399594
AMT.N,2022-09-30,-0.154890769534489
AMT.N,2022-10-31,-0.0276904374786795
AMT.N,2022-11-30,0.0678604179830199
AMT.N,2022-12-30,-0.0353577356081086
AMT.N,2023-01-31,0.0544227319887234
AMT.N,2023-02-28,-0.113612963877205
AMT.N,2023-03-31,0.0319680824211787
AMT.N,2023-04-28,0.0076465294021663
AMT.N,2023-05-31,-0.0976075150295765
AMT.N,2023-06-30,0.0600050590582037
AMT.N,2023-07-31,-0.0187171290065687
AMT.N,2023-08-31,-0.0472387157776454
AMT.N,2023-09-29,-0.0930399293892811
AMT.N,2023-10-31,0.0946218229227422
AMT.N,2023-11-30,0.171670688593292
AMT.N,2023-12-29,0.0421180709304929
AMT.N,2024-01-31,-0.0937094682208858
STE.N,2000-01-31,0.0181818182166638
STE.N,2000-02-29,-0.0773809523878782
STE.N,2000-03-31,0.0580645161379294
STE.N,2000-04-28,-0.121951219521507
STE.N,2000-05-31,0.0069444444322963
STE.N,2000-06-30,-0.0206896551985816
STE.N,2000-07-31,0.0140845070498115
STE.N,2000-08-31,0.138888888872885
STE.N,2000-09-29,0.170731707327001
STE.N,2000-10-31,0.249999999998861
STE.N,2000-11-30,-2.05169e-12
STE.N,2000-12-29,0.0749999999937154
STE.N,2001-01-31,0.1162790697788799
STE.N,2001-02-28,0.0388888889013494
STE.N,2001-03-30,-0.245989304803507
STE.N,2001-04-30,0.2893617021005
STE.N,2001-05-31,-0.048404840470032
STE.N,2001-06-29,0.158959537580464
STE.N,2001-07-31,0.0728179551064144
STE.N,2001-08-31,0.0060437006115456
STE.N,2001-09-28,-0.0914972273624993
STE.N,2001-10-31,0.139369277702933
STE.N,2001-11-30,-0.132589285724434
STE.N,2001-12-31,-0.0597014925453275
STE.N,2002-01-31,0.0071154898844858
STE.N,2002-02-28,0.115217391294519
STE.N,2002-03-28,0.016569200775667
STE.N,2002-04-30,0.061840843707887
STE.N,2002-05-31,-0.045146726877816
STE.N,2002-06-28,-0.0964539007032578
STE.N,2002-07-31,0.0931449502824626
STE.N,2002-08-30,0.0923887027285861
STE.N,2002-09-30,0.0915863277738471
STE.N,2002-10-31,0.0650341228635472
STE.N,2002-11-29,-0.143234074646245
STE.N,2002-12-31,0.066871975358088
STE.N,2003-01-31,-0.0329896907370147
STE.N,2003-02-28,0.0767590618403216
STE.N,2003-03-31,0.0360396039667261
STE.N,2003-04-30,-0.132262996948523
STE.N,2003-05-30,-0.0066079294831847
STE.N,2003-06-30,0.0239467849317088
STE.N,2003-07-31,-0.0047639670725557
STE.N,2003-08-29,0.0191470844237376
STE.N,2003-09-30,-0.0170794192873468
STE.N,2003-10-31,-0.0955690703825393
STE.N,2003-11-28,0.110951008656309
STE.N,2003-12-31,-0.0229139645454793
STE.N,2004-01-30,0.119469026553771
STE.N,2004-02-27,-0.0043478260810964
STE.N,2004-03-31,0.0242159587216574
STE.N,2004-04-30,-0.141085271321781
STE.N,2004-05-28,0.0356498194620693
STE.N,2004-06-30,-0.0169934640227148
STE.N,2004-07-30,-0.0886524822814305
STE.N,2004-08-31,0.112840466938554
STE.N,2004-09-30,-0.041083916098559
STE.N,2004-10-29,-0.0551504102030136
STE.N,2004-11-30,0.1037144235455759
STE.N,2004-12-31,0.0367132867116741
STE.N,2005-01-31,-2.2963409999999998e-11
STE.N,2005-02-28,0.043423271484883
STE.N,2005-03-31,0.020202020188294
STE.N,2005-04-29,-0.0621782178088108
STE.N,2005-05-31,0.0236535488913734
STE.N,2005-06-30,0.064876033080586
STE.N,2005-07-29,0.054326736531838
STE.N,2005-08-31,-0.0806587225261712
STE.N,2005-09-30,-0.0461106656200946
STE.N,2005-10-31,-0.0411937788955471
STE.N,2005-11-30,0.103051924131849
STE.N,2005-12-30,-0.0039808917293292
STE.N,2006-01-31,0.0791366906507289
STE.N,2006-02-28,-0.0811563383248462
STE.N,2006-03-31,-0.0036334275394336
STE.N,2006-04-28,-0.0672609400350878
STE.N,2006-05-31,-0.0100250157097336
STE.N,2006-06-30,0.0048351648470747
STE.N,2006-07-31,0.0135608049117832
STE.N,2006-08-31,0.0281501083555245
STE.N,2006-09-29,0.0117746004986499
STE.N,2006-10-31,0.0128844555395189
STE.N,2006-11-30,0.0583123277878421
STE.N,2006-12-29,-0.0221445221421551
STE.N,2007-01-31,0.0266189908599894
STE.N,2007-02-28,0.0042304391170302
STE.N,2007-03-30,0.0254826254826179
STE.N,2007-04-30,-0.0376506023951952
STE.N,2007-05-31,0.1785889059308539
STE.N,2007-06-29,0.0176255404274759
STE.N,2007-07-31,-0.106209150357156
STE.N,2007-08-31,0.0284967627042063
STE.N,2007-09-28,-0.0263626647625455
STE.N,2007-10-31,0.0625686059310213
STE.N,2007-11-30,-0.0350544599093189
STE.N,2007-12-31,0.0314735336509711
STE.N,2008-01-31,-0.140776699019858
STE.N,2008-02-29,-0.0038873117799884
STE.N,2008-03-31,0.089764419153415
STE.N,2008-04-30,0.0327991054632395
STE.N,2008-05-30,0.0937430186758093
STE.N,2008-06-30,-0.0492561983583533
STE.N,2008-07-31,0.1881084839923029
STE.N,2008-08-29,0.0784193369744715
STE.N,2008-09-30,0.0220288278308211
STE.N,2008-10-31,-0.0941990420615543
STE.N,2008-11-28,-0.185768906394616
STE.N,2008-12-31,-0.135985533438483
STE.N,2009-01-30,0.113436584378992
STE.N,2009-02-27,-0.130598703052321
STE.N,2009-03-31,0.0095403296029852
STE.N,2009-04-30,0.0352233677053403
STE.N,2009-05-29,-0.015017468781399
STE.N,2009-06-30,0.103681760481762
STE.N,2009-07-31,0.0766871165392966
STE.N,2009-08-31,0.0374914082049418
STE.N,2009-09-30,0.0492763611246893
STE.N,2009-10-30,-0.0390804597769641
STE.N,2009-11-30,0.108053958029537
STE.N,2009-12-31,-0.134323738776171
STE.N,2010-01-29,-0.0675723990098465
STE.N,2010-02-26,0.2162576686826599
STE.N,2010-03-31,0.064852894627893
STE.N,2010-04-30,-0.0112893642426488
STE.N,2010-05-28,-0.0402127449767562
STE.N,2010-06-30,-0.0235626767282021
STE.N,2010-07-30,0.0228442728718397
STE.N,2010-08-31,-0.0903842111166754
STE.N,2010-09-30,0.154675008695628
STE.N,2010-10-29,0.0301023479987139
STE.N,2010-11-30,0.0099268110843517
STE.N,2010-12-31,0.0595757047371059
STE.N,2011-01-31,-0.0449808008829491
STE.N,2011-02-28,-0.0235862770039866
STE.N,2011-03-31,0.0203840472817416
STE.N,2011-04-29,0.0434279096613299
STE.N,2011-05-31,0.0013873473966974
STE.N,2011-06-30,-0.0265362235340536
STE.N,2011-07-29,0.0002858776257321
STE.N,2011-08-31,-0.0748438736078855
STE.N,2011-09-30,-0.0904288377722763
STE.N,2011-10-31,0.0584215920593656
STE.N,2011-11-30,-0.0234743810409989
STE.N,2011-12-30,-0.008313934167783
STE.N,2012-01-31,0.0087189805357175
STE.N,2012-02-29,0.0487377574947443
STE.N,2012-03-30,0.0076481835462185
STE.N,2012-04-30,-0.0066413662119745
STE.N,2012-05-31,-0.0493473416229967
STE.N,2012-06-29,0.0567257104453307
STE.N,2012-07-31,-0.0395282116700916
STE.N,2012-08-31,0.142703871201959
STE.N,2012-09-28,0.0359228971794689
STE.N,2012-10-31,0.0039469974577788
STE.N,2012-11-30,-0.0349300198331081
STE.N,2012-12-31,0.0163886450028716
STE.N,2013-01-31,0.0863806507407756
STE.N,2013-02-28,0.0387481821264985
STE.N,2013-03-28,0.0669230769187326
STE.N,2013-04-30,-0.0004806536867035
STE.N,2013-05-31,0.0947343111128174
STE.N,2013-06-28,-0.0542567269621693
STE.N,2013-07-31,0.0499067164119038
STE.N,2013-08-30,-0.0872586016961547
STE.N,2013-09-30,0.0506236243413613
STE.N,2013-10-31,0.0519087523175436
STE.N,2013-11-29,0.0258158822305739
STE.N,2013-12-31,0.0413957520530548
STE.N,2014-01-31,-0.0449531737569638
STE.N,2014-02-28,0.0103390970597936
STE.N,2014-03-31,0.0346695558116212
STE.N,2014-04-30,0.0062827225144008
STE.N,2014-05-30,0.113839750248626
STE.N,2014-06-30,0.003275680446922
STE.N,2014-07-31,-0.0486163051890803
STE.N,2014-08-29,0.110925826496098
STE.N,2014-09-30,-0.041392787350752
STE.N,2014-10-31,0.145292809490465
STE.N,2014-11-28,0.0353015383661503
STE.N,2014-12-31,0.0172549019693171
STE.N,2015-01-30,0.0057054741941717
STE.N,2015-02-27,-0.0072612617683526
STE.N,2015-03-31,0.0891196528245358
STE.N,2015-04-30,-0.0536502063563057
STE.N,2015-05-29,0.0049624060171982
STE.N,2015-06-30,-0.032474883617753
STE.N,2015-07-31,0.0727808814394653
STE.N,2015-08-31,-0.0698835446443272
STE.N,2015-09-30,0.014363778308761
STE.N,2015-10-30,0.157669075772801
STE.N,2015-11-30,0.0190793862495242
STE.N,2015-12-31,-0.013616129881883
STE.N,2016-01-29,-0.0809662861732742
STE.N,2016-02-29,-0.0674588703891685
STE.N,2016-03-31,0.104633084594576
STE.N,2016-04-29,-0.0053483462478118
STE.N,2016-05-31,-0.0175463421725992
STE.N,2016-06-30,-0.0062711754906881
STE.N,2016-07-29,0.0319999999828007
STE.N,2016-08-31,0.0001713275336847
STE.N,2016-09-30,0.0342388228705424
STE.N,2016-10-31,-0.085909712743145
STE.N,2016-11-30,-0.0139858487566017
STE.N,2016-12-30,0.0271300106787002
STE.N,2017-01-31,0.0510461492689105
STE.N,2017-02-28,-0.0059364435103361
STE.N,2017-03-31,-0.0095536860159573
STE.N,2017-04-28,0.0624820039942236
STE.N,2017-05-31,0.0509485094743869
STE.N,2017-06-30,0.0545209068846464
STE.N,2017-07-31,0.0042944785244341
STE.N,2017-08-31,0.0687625483305958
STE.N,2017-09-29,0.0142267094796057
STE.N,2017-10-31,0.0557692307711273
STE.N,2017-11-30,-0.0327351383966934
STE.N,2017-12-29,-0.0276789684209574
STE.N,2018-01-31,0.0394420944520692
STE.N,2018-02-28,0.0075620437672669
STE.N,2018-03-29,0.0225629791822778
STE.N,2018-04-30,0.0124250214060193
STE.N,2018-05-31,0.0986034701621259
STE.N,2018-06-29,0.0142615356138109
STE.N,2018-07-31,0.0900866584541469
STE.N,2018-08-31,0.0025202345895094
STE.N,2018-09-28,-0.0001747946299921
STE.N,2018-10-31,-0.0444930070054642
STE.N,2018-11-30,0.0926049331378611
STE.N,2018-12-31,-0.102704064502502
STE.N,2019-01-31,0.0674777725701829
STE.N,2019-02-28,0.0634852539837085
STE.N,2019-03-29,0.0584490740880156
STE.N,2019-04-30,0.0230414746478209
STE.N,2019-05-31,0.0206138341846858
STE.N,2019-06-28,0.116400413399902
STE.N,2019-07-31,-0.0001343363891824
STE.N,2019-08-30,0.037216176283531
STE.N,2019-09-30,-0.0618005957119522
STE.N,2019-10-31,-0.0202090109938357
STE.N,2019-11-29,0.0702064052685214
STE.N,2019-12-31,0.0084689691873105
STE.N,2020-01-31,-0.0113502165103186
STE.N,2020-02-28,0.0549503495307773
STE.N,2020-03-31,-0.117576598155779
STE.N,2020-04-30,0.0180753018319077
STE.N,2020-05-29,0.164140350835494
STE.N,2020-06-30,-0.0727579511539841
STE.N,2020-07-31,0.0403415015348578
STE.N,2020-08-31,0.0026556639714114
STE.N,2020-09-30,0.103670759216884
STE.N,2020-10-30,0.0056756910160169
STE.N,2020-11-30,0.096111432157871
STE.N,2020-12-31,-0.0220318868905728
STE.N,2021-01-29,-0.0128205128077582
STE.N,2021-02-26,-0.0636335200429882
STE.N,2021-03-31,0.0897025171542058
STE.N,2021-04-30,0.10783284334179
STE.N,2021-05-28,-0.0936407111219946
STE.N,2021-06-30,0.0808969925543719
STE.N,2021-07-30,0.0564711584878379
STE.N,2021-08-31,-0.0134893324187497
STE.N,2021-09-30,-0.0480312158826512
STE.N,2021-10-29,0.144213824164883
STE.N,2021-11-30,-0.0633316595488189
STE.N,2021-12-31,0.113851645101073
STE.N,2022-01-31,-0.0780986812271065
STE.N,2022-02-28,0.071525143220794
STE.N,2022-03-31,0.0073750000118431
STE.N,2022-04-29,-0.0732927989329634
STE.N,2022-05-31,0.0185226512260901
STE.N,2022-06-30,-0.0947867718522768
STE.N,2022-07-29,0.0945913170052552
STE.N,2022-08-31,-0.107555949476674
STE.N,2022-09-30,-0.172331290011312
STE.N,2022-10-31,0.0378878999376318
STE.N,2022-11-30,0.0791089549059041
STE.N,2022-12-30,-0.0056530634238937
STE.N,2023-01-31,0.118143916836455
STE.N,2023-02-28,-0.0872090922526287
STE.N,2023-03-31,0.0172844758720856
STE.N,2023-04-28,-0.0142722710214874
STE.N,2023-05-31,0.0605674887483144
STE.N,2023-06-30,0.127616004016439
STE.N,2023-07-31,0.0025335585350845
STE.N,2023-08-31,0.0179117712456658
STE.N,2023-09-29,-0.0420741853109345
STE.N,2023-10-31,-0.0430225139006785
STE.N,2023-11-30,-0.0405611631397872
STE.N,2023-12-29,0.0941076938342835
STE.N,2024-01-31,-0.0040937002246291
CPB.N,2000-01-31,-0.1822577943298859
CPB.N,2000-02-29,-0.0974155069683883
CPB.N,2000-03-31,0.0837004405165501
CPB.N,2000-04-28,-0.148395891157608
CPB.N,2000-05-31,0.192307692302539
CPB.N,2000-06-30,-0.060483870984295
CPB.N,2000-07-31,-0.0830080238900849
CPB.N,2000-08-31,-0.0424528301909189
CPB.N,2000-09-29,0.0197044335181638
CPB.N,2000-10-31,0.140409207162895
CPB.N,2000-11-30,0.141025641027291
CPB.N,2000-12-29,0.0374531835060861
CPB.N,2001-01-31,-0.0434137833180605
CPB.N,2001-02-28,-0.0902735562434913
CPB.N,2001-03-30,-0.0020046775737142
CPB.N,2001-04-30,0.026782275467845
CPB.N,2001-05-31,-0.0295663600439235
CPB.N,2001-06-29,-0.128300609339464
CPB.N,2001-07-31,0.0712589434277198
CPB.N,2001-08-31,0.030336257297329
CPB.N,2001-09-28,-0.0067399787130492
CPB.N,2001-10-31,0.0142854573290412
CPB.N,2001-11-30,0.0378895184043848
CPB.N,2001-12-31,0.0191061071354202
CPB.N,2002-01-31,-0.0425137909110694
CPB.N,2002-02-28,-0.0601054481617318
CPB.N,2002-03-28,0.0022438294812481
CPB.N,2002-04-30,0.0360334137571552
CPB.N,2002-05-31,0.023180007260333
CPB.N,2002-06-28,-0.0208849557647869
CPB.N,2002-07-31,-0.152703565570173
CPB.N,2002-08-30,-0.006437768239138
CPB.N,2002-09-30,-0.04622030238294
CPB.N,2002-10-31,-0.0384612062073779
CPB.N,2002-11-29,0.14563567362254
CPB.N,2002-12-31,-0.0216356107639348
CPB.N,2003-01-31,0.0213037920676931
CPB.N,2003-02-28,-0.134751773055875
CPB.N,2003-03-31,0.0125361619844031
CPB.N,2003-04-30,0.0568192559102358
CPB.N,2003-05-30,0.132546527458605
CPB.N,2003-06-30,-0.0180360721569687
CPB.N,2003-07-31,-0.0080104515361301
CPB.N,2003-08-29,0.0020703933718246
CPB.N,2003-09-30,0.0950413223071035
CPB.N,2003-10-31,-0.0161061984627386
CPB.N,2003-11-28,-0.0119598765415129
CPB.N,2003-12-31,0.052600144126371
CPB.N,2004-01-30,-0.0175373134347979
CPB.N,2004-02-27,0.061906570457192
CPB.N,2004-03-31,-0.0246781116067587
CPB.N,2004-04-30,0.019066046632811
CPB.N,2004-05-28,-0.0767281939805282
CPB.N,2004-06-30,0.0537044296491889
CPB.N,2004-07-30,-0.0422703004806669
CPB.N,2004-08-31,0.0144587729756089
CPB.N,2004-09-30,0.0127118644078972
CPB.N,2004-10-29,0.0274946113905434
CPB.N,2004-11-30,0.0629657227818508
CPB.N,2004-12-31,0.0536138382061371
CPB.N,2005-01-31,-0.0190699230454058
CPB.N,2005-02-28,-0.0552523874523402
CPB.N,2005-03-31,0.04765342959071
CPB.N,2005-04-29,0.0309020063080426
CPB.N,2005-05-31,0.0433759246824132
CPB.N,2005-06-30,-0.0083789880889585
CPB.N,2005-07-29,0.0082381086651894
CPB.N,2005-08-31,-0.0470016207355035
CPB.N,2005-09-30,0.0119047619008713
CPB.N,2005-10-31,-0.0158478115187328
CPB.N,2005-11-30,0.038144329909525
CPB.N,2005-12-30,-0.0086619399350305
CPB.N,2006-01-31,0.0053745380997189
CPB.N,2006-02-28,0.0400935516195735
CPB.N,2006-03-31,0.0407966591511257
CPB.N,2006-04-28,-0.0024932305436166
CPB.N,2006-05-31,0.094897324219452
CPB.N,2006-06-30,0.0545609548248727
CPB.N,2006-07-31,-0.006844056545934
CPB.N,2006-08-31,0.0242639040238946
CPB.N,2006-09-29,-0.0284801703273087
CPB.N,2006-10-31,0.0297443047958637
CPB.N,2006-11-30,0.0184590690264628
CPB.N,2006-12-29,0.0267525347295402
CPB.N,2007-01-31,-0.0105425559037442
CPB.N,2007-02-28,0.0610706860638554
CPB.N,2007-03-30,-0.0460445750423062
CPB.N,2007-04-30,0.0090726832855114
CPB.N,2007-05-31,0.0153452685486346
CPB.N,2007-06-29,-0.0224181360080246
CPB.N,2007-07-31,-0.0460099571926228
CPB.N,2007-08-31,0.0249796361703698
CPB.N,2007-09-28,-0.019867549655585
CPB.N,2007-10-31,0.0055184586589254
CPB.N,2007-11-30,-0.0070308274570812
CPB.N,2007-12-31,-0.0209912185468524
CPB.N,2008-01-31,-0.1153092639064369
CPB.N,2008-02-29,0.0215121797117637
CPB.N,2008-03-31,0.0514091049762311
CPB.N,2008-04-30,0.0317583717413601
CPB.N,2008-05-30,-0.0379310344711498
CPB.N,2008-06-30,-0.0005973715825918
CPB.N,2008-07-31,0.0943410899102706
CPB.N,2008-08-29,0.0118196811511266
CPB.N,2008-09-30,0.0486280901854135
CPB.N,2008-10-31,-0.0106121131160324
CPB.N,2008-11-28,-0.155467720700036
CPB.N,2008-12-31,-0.0554282993290857
CPB.N,2009-01-30,0.0119960013271558
CPB.N,2009-02-27,-0.118538030951871
CPB.N,2009-03-31,0.0220395965814695
CPB.N,2009-04-30,-0.0515210754876
CPB.N,2009-05-29,0.0777604976764894
CPB.N,2009-06-30,0.0613275613459279
CPB.N,2009-07-31,0.0635375504053557
CPB.N,2009-08-31,0.0106348695060654
CPB.N,2009-09-30,0.0401785714262002
CPB.N,2009-10-30,-0.0191115024544031
CPB.N,2009-11-30,0.101417322829132
CPB.N,2009-12-31,-0.0257012159201411
CPB.N,2010-01-29,-0.0204142011548756
CPB.N,2010-02-26,0.0066445182680625
CPB.N,2010-03-31,0.0688568857083326
CPB.N,2010-04-30,0.0144271570135452
CPB.N,2010-05-28,-0.0013943111887846
CPB.N,2010-06-30,0.0005585032053299
CPB.N,2010-07-30,0.0096978314110924
CPB.N,2010-08-31,0.037883008355075
CPB.N,2010-09-30,-0.0405260332896956
CPB.N,2010-10-29,0.0218452629786475
CPB.N,2010-11-30,-0.0648275861953513
CPB.N,2010-12-31,0.0337329769168084
CPB.N,2011-01-31,-0.0175539568447938
CPB.N,2011-02-28,-0.0140597539468723
CPB.N,2011-03-31,-0.0163398692773461
CPB.N,2011-04-29,0.0233056387985462
CPB.N,2011-05-31,0.0345340875302709
CPB.N,2011-06-30,-0.005755395693509
CPB.N,2011-07-29,-0.035275388466639
CPB.N,2011-08-31,-0.0357034795873852
CPB.N,2011-09-30,0.0156887355030959
CPB.N,2011-10-31,0.0363120089547515
CPB.N,2011-11-30,-0.0195488721868363
CPB.N,2011-12-30,0.0285463803239494
CPB.N,2012-01-31,-0.0463297232044931
CPB.N,2012-02-29,0.0511041009606563
CPB.N,2012-03-30,0.0159063625542201
CPB.N,2012-04-30,0.0080196350445702
CPB.N,2012-05-31,-0.0629618681867741
CPB.N,2012-06-29,0.0529968454241336
CPB.N,2012-07-31,0.000578220334096
CPB.N,2012-08-31,0.0613107822250294
CPB.N,2012-09-28,-0.0091064314212102
CPB.N,2012-10-31,0.0212877257546136
CPB.N,2012-11-30,0.0419620073676479
CPB.N,2012-12-31,-0.0352611186532816
CPB.N,2013-01-31,0.052163943846558
CPB.N,2013-02-28,0.1212203759181
CPB.N,2013-03-28,0.102040816328105
CPB.N,2013-04-30,0.0231481481665518
CPB.N,2013-05-31,-0.0775694893311405
CPB.N,2013-06-28,0.0462508759756601
CPB.N,2013-07-31,0.0517285096189792
CPB.N,2013-08-30,-0.0773504273403267
CPB.N,2013-09-30,-0.0572024085237524
CPB.N,2013-10-31,0.0537407221380652
CPB.N,2013-11-29,-0.0902043692944782
CPB.N,2013-12-31,0.117479989681111
CPB.N,2014-01-31,-0.0408248515852278
CPB.N,2014-02-28,0.0509585052210989
CPB.N,2014-03-31,0.0362502886194807
CPB.N,2014-04-30,0.0207288042144935
CPB.N,2014-05-30,0.0090129698789154
CPB.N,2014-06-30,-0.0019607843106418
CPB.N,2014-07-31,-0.0859443754219618
CPB.N,2014-08-29,0.0776628997309019
CPB.N,2014-09-30,-0.0466309683247431
CPB.N,2014-10-31,0.041265409209003
CPB.N,2014-11-28,0.0251301788494613
CPB.N,2014-12-31,-0.0282685512143835
CPB.N,2015-01-30,0.0466690693327814
CPB.N,2015-02-27,0.01858329690884
CPB.N,2015-03-31,-0.0008585533473796
CPB.N,2015-04-30,-0.0330424850411116
CPB.N,2015-05-29,0.0811898904028483
CPB.N,2015-06-30,-0.0142738932378133
CPB.N,2015-07-31,0.0416894196845754
CPB.N,2015-08-31,-0.0267694179599671
CPB.N,2015-09-30,0.0560533444305774
CPB.N,2015-10-30,0.0082679305782837
CPB.N,2015-11-30,0.0285489269691135
CPB.N,2015-12-31,0.0059341500874206
CPB.N,2016-01-29,0.0800441250624211
CPB.N,2016-02-29,0.0946640666354479
CPB.N,2016-03-31,0.0330364372273562
CPB.N,2016-04-29,-0.0278806118365984
CPB.N,2016-05-31,-0.0184735051075188
CPB.N,2016-06-30,0.0983985471678805
CPB.N,2016-07-29,-0.0596616360126077
CPB.N,2016-08-31,-0.0248916010865917
CPB.N,2016-09-30,-0.0991436099826203
CPB.N,2016-10-31,-0.0001269899771186
CPB.N,2016-11-30,0.0469267574508108
CPB.N,2016-12-30,0.0629284584368306
CPB.N,2017-01-31,0.0351335736242389
CPB.N,2017-02-28,-0.0462799293224142
CPB.N,2017-03-31,-0.0355518112767736
CPB.N,2017-04-28,0.0114682473349594
CPB.N,2017-05-31,0.0019117136148194
CPB.N,2017-06-30,-0.0954032957331485
CPB.N,2017-07-31,0.0199765774823119
CPB.N,2017-08-31,-0.125496876775985
CPB.N,2017-09-29,0.0134199134023281
CPB.N,2017-10-31,0.0194468663624613
CPB.N,2017-11-30,0.0407430863139895
CPB.N,2017-12-29,-0.0241379310420717
CPB.N,2018-01-31,-0.0252660503722075
CPB.N,2018-02-28,-0.0751879699330122
CPB.N,2018-03-29,0.0060394889591019
CPB.N,2018-04-30,-0.0506782355855349
CPB.N,2018-05-31,-0.175085826407304
CPB.N,2018-06-29,0.205112960790082
CPB.N,2018-07-31,0.0174154832028171
CPB.N,2018-08-31,-0.035452322733183
CPB.N,2018-09-28,-0.0714828897319657
CPB.N,2018-10-31,0.0309184937629523
CPB.N,2018-11-30,0.0478481689506918
CPB.N,2018-12-31,-0.158418367343856
CPB.N,2019-01-31,0.0851522392163914
CPB.N,2019-02-28,0.016652554342476
CPB.N,2019-03-29,0.0585785674666142
CPB.N,2019-04-30,0.0237625072116394
CPB.N,2019-05-31,-0.061514603240775
CPB.N,2019-06-28,0.103552740278847
CPB.N,2019-07-31,0.0405296969555533
CPB.N,2019-08-30,0.0885341073842019
CPB.N,2019-09-30,0.0426666666717819
CPB.N,2019-10-31,-0.0056241772822925
CPB.N,2019-11-29,0.0056143381660873
CPB.N,2019-12-31,0.0611981962699441
CPB.N,2020-01-31,-0.0137302188687698
CPB.N,2020-02-28,-0.0675759454321917
CPB.N,2020-03-31,0.0230496453871842
CPB.N,2020-04-30,0.0909654348167459
CPB.N,2020-05-29,0.020008003198713
CPB.N,2020-06-30,-0.0264809729328099
CPB.N,2020-07-31,0.0057395107376261
CPB.N,2020-08-31,0.0613274157780161
CPB.N,2020-09-30,-0.0805930431517732
CPB.N,2020-10-30,-0.0281468087714544
CPB.N,2020-11-30,0.0717805871040096
CPB.N,2020-12-31,-0.0333866453072548
CPB.N,2021-01-29,0.0028329625751633
CPB.N,2021-02-26,-0.0546663895322643
CPB.N,2021-03-31,0.105321020270121
CPB.N,2021-04-30,-0.0429888678508796
CPB.N,2021-05-28,0.0192670157137537
CPB.N,2021-06-30,-0.0632833367588749
CPB.N,2021-07-30,-0.0330816582050686
CPB.N,2021-08-31,-0.0455169258807411
CPB.N,2021-09-30,0.0019170859988231
CPB.N,2021-10-29,-0.0361683807728172
CPB.N,2021-11-30,0.009511889879693
CPB.N,2021-12-31,0.0776097198173926
CPB.N,2022-01-31,0.023669191312639
CPB.N,2022-02-28,0.0192656391611663
CPB.N,2022-03-31,-0.0088948187616536
CPB.N,2022-04-29,0.0681894710003545
CPB.N,2022-05-31,0.0146124523408411
CPB.N,2022-06-30,0.0029221457092729
CPB.N,2022-07-29,0.034913099713727
CPB.N,2022-08-31,0.0208713272536485
CPB.N,2022-09-30,-0.0647082175648742
CPB.N,2022-10-31,0.131607844450289
CPB.N,2022-11-30,0.0143640143678436
CPB.N,2022-12-30,0.0573877399070259
CPB.N,2023-01-31,-0.0788619255617061
CPB.N,2023-02-28,0.0113614480870725
CPB.N,2023-03-31,0.0468392993433906
CPB.N,2023-04-28,-0.0057910318149704
CPB.N,2023-05-31,-0.0690607734615105
CPB.N,2023-06-30,-0.0957467853630782
CPB.N,2023-07-31,0.0104728174161408
CPB.N,2023-08-31,-0.0899170667944898
CPB.N,2023-09-29,-0.0148681055161614
CPB.N,2023-10-31,-0.0071922691335292
CPB.N,2023-11-30,-0.0056916604871133
CPB.N,2023-12-29,0.0759084121426996
CPB.N,2024-01-31,0.0409630095024486
ZION.OQ,2000-01-31,0.0039603761047135
ZION.OQ,2000-02-29,-0.102536997889471
ZION.OQ,2000-03-31,-0.215547703193284
ZION.OQ,2000-04-28,-0.0030030029941056
ZION.OQ,2000-05-31,0.131392479023496
ZION.OQ,2000-06-30,-0.0157506702442726
ZION.OQ,2000-07-31,-0.0466462376652268
ZION.OQ,2000-08-31,0.0274158376366946
ZION.OQ,2000-09-29,0.142807262571985
ZION.OQ,2000-10-31,0.123128628137743
ZION.OQ,2000-11-30,-0.0455118886431972
ZION.OQ,2000-12-29,0.143020594968886
ZION.OQ,2001-01-31,-0.105105105114066
ZION.OQ,2001-02-28,0.0314899137344484
ZION.OQ,2001-03-30,-0.0931011969565184
ZION.OQ,2001-04-30,0.0230370512794974
ZION.OQ,2001-05-31,0.0197391991375679
ZION.OQ,2001-06-29,0.0897672700565487
ZION.OQ,2001-07-31,-0.0093220338942928
ZION.OQ,2001-08-31,-0.0169858629705565
ZION.OQ,2001-09-28,-0.0628711142121882
ZION.OQ,2001-10-31,-0.106969809884043
ZION.OQ,2001-11-30,0.0116467536266818
ZION.OQ,2001-12-31,0.0890637945443356
ZION.OQ,2002-01-31,-0.0426017497013874
ZION.OQ,2002-02-28,0.0538649918813483
ZION.OQ,2002-03-28,0.12147587509452
ZION.OQ,2002-04-30,-0.0875653787729617
ZION.OQ,2002-05-31,0.0219817452529338
ZION.OQ,2002-06-28,-0.0539313600924525
ZION.OQ,2002-07-31,-0.0305182341773039
ZION.OQ,2002-08-30,0.0855044934371041
ZION.OQ,2002-09-30,-0.203039179769599
ZION.OQ,2002-10-31,-0.0762692395974004
ZION.OQ,2002-11-29,0.0285354208731727
ZION.OQ,2002-12-31,-0.0437667071695182
ZION.OQ,2003-01-31,0.0526315789370249
ZION.OQ,2003-02-28,0.0377070995543138
ZION.OQ,2003-03-31,0.0004677268539556
ZION.OQ,2003-04-30,0.151706404881528
ZION.OQ,2003-05-30,0.0399402649112139
ZION.OQ,2003-06-30,-0.0080360642824162
ZION.OQ,2003-07-31,0.103339261009504
ZION.OQ,2003-08-29,0.0027733704720958
ZION.OQ,2003-09-30,0.0026929981858561
ZION.OQ,2003-10-31,0.0974037600730608
ZION.OQ,2003-11-28,0.0109823521971473
ZION.OQ,2003-12-31,-0.0055132154757741
ZION.OQ,2004-01-30,-0.0438610794031586
ZION.OQ,2004-02-27,-0.0012051127209006
ZION.OQ,2004-03-31,-0.0183627938897977
ZION.OQ,2004-04-30,-0.0118881119036088
ZION.OQ,2004-05-28,0.0908399020923921
ZION.OQ,2004-06-30,0.0024469820746839
ZION.OQ,2004-07-30,-0.0154597233365383
ZION.OQ,2004-08-31,0.0350525111361664
ZION.OQ,2004-09-30,-0.0199100834812181
ZION.OQ,2004-10-29,0.0840432503326658
ZION.OQ,2004-11-30,0.0098679539609716
ZION.OQ,2004-12-31,0.0230075187909142
ZION.OQ,2005-01-31,-0.0030868734469782
ZION.OQ,2005-02-28,-0.0202643597509237
ZION.OQ,2005-03-31,0.0441754916966837
ZION.OQ,2005-04-29,0.0146334395583379
ZION.OQ,2005-05-31,0.0166811334444819
ZION.OQ,2005-06-30,0.0379728966616386
ZION.OQ,2005-07-29,-0.0278797769498315
ZION.OQ,2005-08-31,-0.0177116613925101
ZION.OQ,2005-09-30,0.0193243630277964
ZION.OQ,2005-10-31,0.0317371155929511
ZION.OQ,2005-11-30,0.0344382854204732
ZION.OQ,2005-12-30,-0.0009255586276359
ZION.OQ,2006-01-31,0.0464531498221428
ZION.OQ,2006-02-28,0.0484176990873133
ZION.OQ,2006-03-31,0.0025448375969208
ZION.OQ,2006-04-28,0.0036262540723603
ZION.OQ,2006-05-31,-0.019789557852543
ZION.OQ,2006-06-30,-0.0381340244445251
ZION.OQ,2006-07-31,0.0538876058645819
ZION.OQ,2006-08-31,-0.034158452993521
ZION.OQ,2006-09-29,0.0103810608672819
ZION.OQ,2006-10-31,0.0073925573404864
ZION.OQ,2006-11-30,-0.0220118234619778
ZION.OQ,2006-12-29,0.0536809815982846
ZION.OQ,2007-01-31,0.0288694808433624
ZION.OQ,2007-02-28,0.0112207442806547
ZION.OQ,2007-03-30,-0.0100726165259869
ZION.OQ,2007-04-30,-0.032181732151549
ZION.OQ,2007-05-31,-0.011247834032119
ZION.OQ,2007-06-29,-0.0441213025066994
ZION.OQ,2007-07-31,-0.0306852164882226
ZION.OQ,2007-08-31,-0.0476545134455384
ZION.OQ,2007-09-28,-0.0273371104826258
ZION.OQ,2007-10-31,-0.139216542909219
ZION.OQ,2007-11-30,-0.0694368545828056
ZION.OQ,2007-12-31,-0.144401685926727
ZION.OQ,2008-01-31,0.172413793113571
ZION.OQ,2008-02-29,-0.1206835029932529
ZION.OQ,2008-03-31,-0.0460732984374298
ZION.OQ,2008-04-30,0.0175631174572459
ZION.OQ,2008-05-30,-0.0620595993927811
ZION.OQ,2008-06-30,-0.269203991640287
ZION.OQ,2008-07-31,-0.0704985709667584
ZION.OQ,2008-08-29,-0.070002615665512
ZION.OQ,2008-09-30,0.441877794344862
ZION.OQ,2008-10-31,-0.0152454780534286
ZION.OQ,2008-11-28,-0.156682317775169
ZION.OQ,2008-12-31,-0.2314205080029039
ZION.OQ,2009-01-30,-0.391268869853194
ZION.OQ,2009-02-27,-0.370291148486896
ZION.OQ,2009-03-31,0.0490928495168095
ZION.OQ,2009-04-30,0.111902339785813
ZION.OQ,2009-05-29,0.254319015549137
ZION.OQ,2009-06-30,-0.154970760250178
ZION.OQ,2009-07-31,0.174740484442925
ZION.OQ,2009-08-31,0.301903902177542
ZION.OQ,2009-09-30,0.0169779286707772
ZION.OQ,2009-10-30,-0.212020033374274
ZION.OQ,2009-11-30,-0.0706809758732788
ZION.OQ,2009-12-31,-0.0243346007758812
ZION.OQ,2010-01-29,0.478565861260215
ZION.OQ,2010-02-26,-0.0221241051427493
ZION.OQ,2010-03-31,0.176914778840824
ZION.OQ,2010-04-30,0.316681943163163
ZION.OQ,2010-05-28,-0.166061321087537
ZION.OQ,2010-06-30,-0.0993736951987233
ZION.OQ,2010-07-30,0.0287436253963138
ZION.OQ,2010-08-31,-0.169061713702223
ZION.OQ,2010-09-30,0.158979924055437
ZION.OQ,2010-10-29,-0.0327715355769352
ZION.OQ,2010-11-30,-0.0581366152161854
ZION.OQ,2010-12-31,0.245758354744859
ZION.OQ,2011-01-31,-0.026826248449893
ZION.OQ,2011-02-28,-0.0089262445998507
ZION.OQ,2011-03-31,-0.0128424657585277
ZION.OQ,2011-04-29,0.0602775368579402
ZION.OQ,2011-05-31,-0.0249471517370106
ZION.OQ,2011-06-30,0.0075535040000416
ZION.OQ,2011-07-29,-0.087880049959715
ZION.OQ,2011-08-31,-0.203145093655925
ZION.OQ,2011-09-30,-0.193233944952111
ZION.OQ,2011-10-31,0.233830845778851
ZION.OQ,2011-11-30,-0.0725842031294477
ZION.OQ,2011-12-30,0.011808576755751
ZION.OQ,2012-01-31,0.0343980343770276
ZION.OQ,2012-02-29,0.1288446312254
ZION.OQ,2012-03-30,0.129473684224299
ZION.OQ,2012-04-30,-0.049860205008663
ZION.OQ,2012-05-31,-0.0662018673913538
ZION.OQ,2012-06-29,0.0204939569084692
ZION.OQ,2012-07-31,-0.0628218331684745
ZION.OQ,2012-08-31,0.0582352708985915
ZION.OQ,2012-09-28,0.0729870129870889
ZION.OQ,2012-10-31,0.0394577584269939
ZION.OQ,2012-11-30,-0.0647405696322019
ZION.OQ,2012-12-31,0.0662680618008211
ZION.OQ,2013-01-31,0.089719626171513
ZION.OQ,2013-02-28,0.0355813669621068
ZION.OQ,2013-03-28,0.0352112675982521
ZION.OQ,2013-04-30,-0.0148059223541425
ZION.OQ,2013-05-31,0.140970609611071
ZION.OQ,2013-06-28,0.0295900178209563
ZION.OQ,2013-07-31,0.0263157894746495
ZION.OQ,2013-08-30,-0.0550649774388675
ZION.OQ,2013-09-30,-0.0196639256364807
ZION.OQ,2013-10-31,0.0346462436087207
ZION.OQ,2013-11-29,0.035301368473357
ZION.OQ,2013-12-31,0.021479713597268
ZION.OQ,2014-01-31,-0.0403871829124044
ZION.OQ,2014-02-28,0.0866212947869069
ZION.OQ,2014-03-31,-0.0070512820380295
ZION.OQ,2014-04-30,-0.0664945125896036
ZION.OQ,2014-05-30,-0.0100085341813686
ZION.OQ,2014-06-30,0.0307799930121586
ZION.OQ,2014-07-31,-0.0220563284620182
ZION.OQ,2014-08-29,0.012528995623273
ZION.OQ,2014-09-30,-0.0027453671721425
ZION.OQ,2014-10-31,-0.0030970406147067
ZION.OQ,2014-11-28,-0.0300755912293048
ZION.OQ,2014-12-31,0.016037063435125
ZION.OQ,2015-01-30,-0.1595931252058439
ZION.OQ,2015-02-27,0.117496267366118
ZION.OQ,2015-03-31,0.0099121002521722
ZION.OQ,2015-04-30,0.0494444444353213
ZION.OQ,2015-05-29,0.0213121120623061
ZION.OQ,2015-06-30,0.0988573407068584
ZION.OQ,2015-07-31,-0.0171734677676095
ZION.OQ,2015-08-31,-0.0683917042242703
ZION.OQ,2015-09-30,-0.0503448275679526
ZION.OQ,2015-10-30,0.0446623093658354
ZION.OQ,2015-11-30,0.043470551737284
ZION.OQ,2015-12-31,-0.0887850467237286
ZION.OQ,2016-01-29,-0.169230769215021
ZION.OQ,2016-02-29,-0.0573631530218921
ZION.OQ,2016-03-31,0.1355534709178689
ZION.OQ,2016-04-29,0.136720363484593
ZION.OQ,2016-05-31,0.0205002884813283
ZION.OQ,2016-06-30,-0.103140613860208
ZION.OQ,2016-07-29,0.109430959003452
ZION.OQ,2016-08-31,0.1002671064589569
ZION.OQ,2016-09-30,0.0140568813536817
ZION.OQ,2016-10-31,0.0383623468745817
ZION.OQ,2016-11-30,0.237902239142736
ZION.OQ,2016-12-30,0.081678813754891
ZION.OQ,2017-01-31,-0.0197490706348706
ZION.OQ,2017-02-28,0.0661218432472785
ZION.OQ,2017-03-31,-0.064587973292514
ZION.OQ,2017-04-28,-0.0469047619055968
ZION.OQ,2017-05-31,0.0029687522694177
ZION.OQ,2017-06-30,0.0958322934935525
ZION.OQ,2017-07-31,0.0321111364026943
ZION.OQ,2017-08-31,-0.0340668294070983
ZION.OQ,2017-09-29,0.0806229958744293
ZION.OQ,2017-10-31,-0.0152607036985396
ZION.OQ,2017-11-30,0.0701793219124417
ZION.OQ,2017-12-29,0.0258324924297653
ZION.OQ,2018-01-31,0.0629549478658151
ZION.OQ,2018-02-28,0.0211306267519107
ZION.OQ,2018-03-29,-0.0407494997367736
ZION.OQ,2018-04-30,0.0383083633733836
ZION.OQ,2018-05-31,0.005255568629841
ZION.OQ,2018-06-29,-0.038679073169592
ZION.OQ,2018-07-31,-0.018789144054526
ZION.OQ,2018-08-31,0.0366197978897527
ZION.OQ,2018-09-28,-0.0589228748643303
ZION.OQ,2018-10-31,-0.0618145563289578
ZION.OQ,2018-11-30,0.0405586314797355
ZION.OQ,2018-12-31,-0.162762022200577
ZION.OQ,2019-01-31,0.168139420729919
ZION.OQ,2019-02-28,0.0802560298501978
ZION.OQ,2019-03-29,-0.111350293572539
ZION.OQ,2019-04-30,0.0863245981031227
ZION.OQ,2019-05-31,-0.121096569503047
ZION.OQ,2019-06-28,0.0675644300243823
ZION.OQ,2019-07-31,-0.0197912135911403
ZION.OQ,2019-08-30,-0.0804892823244943
ZION.OQ,2019-09-30,0.0834752981154772
ZION.OQ,2019-10-31,0.0887241689214828
ZION.OQ,2019-11-29,0.0340635850018678
ZION.OQ,2019-12-31,0.0429891522661507
ZION.OQ,2020-01-31,-0.1238443759337079
ZION.OQ,2020-02-28,-0.1153093386802349
ZION.OQ,2020-03-31,-0.330162703381469
ZION.OQ,2020-04-30,0.181240657681423
ZION.OQ,2020-05-29,0.0529372444351768
ZION.OQ,2020-06-30,0.0332776173875654
ZION.OQ,2020-07-31,-0.0450000000000599
ZION.OQ,2020-08-31,0.0001602472863422
ZION.OQ,2020-09-30,-0.0914179104437506
ZION.OQ,2020-10-30,0.104380561243041
ZION.OQ,2020-11-30,0.20627822296814
ZION.OQ,2020-12-31,0.125680228046297
ZION.OQ,2021-01-29,0.0161141804965308
ZION.OQ,2021-02-26,0.21266394589562
ZION.OQ,2021-03-31,0.0336656009075378
ZION.OQ,2021-04-30,0.0152838428166497
ZION.OQ,2021-05-28,0.0434470063935854
ZION.OQ,2021-06-30,-0.0867311679303128
ZION.OQ,2021-07-30,-0.013431706369498
ZION.OQ,2021-08-31,0.117798153331043
ZION.OQ,2021-09-30,0.0689119171154726
ZION.OQ,2021-10-29,0.0177734690493419
ZION.OQ,2021-11-30,0.0072698257555814
ZION.OQ,2021-12-31,0.0012682307843263
ZION.OQ,2022-01-31,0.0737808739716654
ZION.OQ,2022-02-28,0.050641005722826
ZION.OQ,2022-03-31,-0.0751869092834235
ZION.OQ,2022-04-29,-0.1380414887000799
ZION.OQ,2022-05-31,0.0166159270440505
ZION.OQ,2022-06-30,-0.107643758762651
ZION.OQ,2022-07-29,0.071709233784133
ZION.OQ,2022-08-31,0.0158489973941542
ZION.OQ,2022-09-30,-0.0757768490011117
ZION.OQ,2022-10-31,0.0212347620928102
ZION.OQ,2022-11-30,0.0059184238850651
ZION.OQ,2022-12-30,-0.0513315322390372
ZION.OQ,2023-01-31,0.0813669650015538
ZION.OQ,2023-02-28,-0.040298298919761
ZION.OQ,2023-03-31,-0.408731726594624
ZION.OQ,2023-04-28,-0.0691613765483267
ZION.OQ,2023-05-31,-0.0051131798706065
ZION.OQ,2023-06-30,-0.0157566874285658
ZION.OQ,2023-07-31,0.424050632874436
ZION.OQ,2023-08-31,-0.0609734134748816
ZION.OQ,2023-09-29,-0.0171830985871144
ZION.OQ,2023-10-31,-0.115792490700853
ZION.OQ,2023-11-30,0.168969539980103
ZION.OQ,2023-12-29,0.231265787285254
ZION.OQ,2024-01-31,-0.0449054023139254
BKNG.OQ,2000-01-31,0.2242744063273569
BKNG.OQ,2000-02-29,-0.0355603448221037
BKNG.OQ,2000-03-31,0.430167597769922
BKNG.OQ,2000-04-28,-0.209374999991747
BKNG.OQ,2000-05-31,-0.397233201569983
BKNG.OQ,2000-06-30,-0.0036885246086263
BKNG.OQ,2000-07-31,-0.378033730972326
BKNG.OQ,2000-08-31,0.150793650800255
BKNG.OQ,2000-09-29,-0.563218390803781
BKNG.OQ,2000-10-31,-0.515789473688669
BKNG.OQ,2000-11-30,-0.565217391302578
BKNG.OQ,2000-12-29,-0.47499999999903
BKNG.OQ,2001-01-31,1.02380952382422
BKNG.OQ,2001-02-28,0.0117647058695632
BKNG.OQ,2001-03-30,-0.058139534863232
BKNG.OQ,2001-04-30,0.916049382646091
BKNG.OQ,2001-05-31,0.113402061850518
BKNG.OQ,2001-06-29,0.675925925945379
BKNG.OQ,2001-07-31,-0.0198895027489384
BKNG.OQ,2001-08-31,-0.3776775648282279
BKNG.OQ,2001-09-28,-0.313405797109588
BKNG.OQ,2001-10-31,0.269129287611478
BKNG.OQ,2001-11-30,-0.126819126841345
BKNG.OQ,2001-12-31,0.385714285727473
BKNG.OQ,2002-01-31,0.0824742267836931
BKNG.OQ,2002-02-28,-0.365079365076795
BKNG.OQ,2002-03-28,0.307500000001674
BKNG.OQ,2002-04-30,-0.0346080305871771
BKNG.OQ,2002-05-31,-0.201822142982565
BKNG.OQ,2002-06-28,-0.307692307693757
BKNG.OQ,2002-07-31,-0.33691756272603
BKNG.OQ,2002-08-30,0.270270270278786
BKNG.OQ,2002-09-30,-0.378723404247499
BKNG.OQ,2002-10-31,0.508219178086826
BKNG.OQ,2002-11-29,-0.205267938234799
BKNG.OQ,2002-12-31,-0.0857142857082133
BKNG.OQ,2003-01-31,-0.187499999990808
BKNG.OQ,2003-02-28,0.0153846153878127
BKNG.OQ,2003-03-31,0.242424242427392
BKNG.OQ,2003-04-30,0.35365853659814
BKNG.OQ,2003-05-30,0.837837837832241
BKNG.OQ,2003-06-30,-0.08537581699694
BKNG.OQ,2003-07-31,0.46940598482722
BKNG.OQ,2003-08-29,0.200303951372392
BKNG.OQ,2003-09-30,-0.265890098783164
BKNG.OQ,2003-10-31,-0.0320800276110247
BKNG.OQ,2003-11-28,-0.320741268712471
BKNG.OQ,2003-12-31,-0.0608604407022322
BKNG.OQ,2004-01-30,0.0675977653602393
BKNG.OQ,2004-02-27,0.204081632660219
BKNG.OQ,2004-03-31,0.171664493706852
BKNG.OQ,2004-04-30,-0.101261127590959
BKNG.OQ,2004-05-28,0.0813041683692974
BKNG.OQ,2004-06-30,0.0278625953923237
BKNG.OQ,2004-07-30,-0.120683252881756
BKNG.OQ,2004-08-31,-0.118243243233067
BKNG.OQ,2004-09-30,0.0617816091805157
BKNG.OQ,2004-10-29,-0.100586377997315
BKNG.OQ,2004-11-30,0.1970912738320319
BKNG.OQ,2004-12-31,-0.0117302052721797
BKNG.OQ,2005-01-31,-0.0423908435727855
BKNG.OQ,2005-02-28,-0.0053120849964508
BKNG.OQ,2005-03-31,0.1214953271326339
BKNG.OQ,2005-04-29,0.0063492063467505
BKNG.OQ,2005-05-31,-0.0555993691123936
BKNG.OQ,2005-06-30,-0.0258872651300903
BKNG.OQ,2005-07-29,0.0647235319471975
BKNG.OQ,2005-08-31,-0.134863123992714
BKNG.OQ,2005-09-30,-0.100977198685194
BKNG.OQ,2005-10-31,-0.0181159420146431
BKNG.OQ,2005-11-30,0.266209804965798
BKNG.OQ,2005-12-30,-0.0707743547045223
BKNG.OQ,2006-01-31,-0.0120967741997005
BKNG.OQ,2006-02-28,0.113378684797003
BKNG.OQ,2006-03-31,0.0118126272948556
BKNG.OQ,2006-04-28,-0.016103059584886
BKNG.OQ,2006-05-31,0.272504091668013
BKNG.OQ,2006-06-30,-0.0398713826569439
BKNG.OQ,2006-07-31,-0.0997990623084333
BKNG.OQ,2006-08-31,0.24218750001583
BKNG.OQ,2006-09-29,0.10182689427248
BKNG.OQ,2006-10-31,0.0951345474120482
BKNG.OQ,2006-11-30,-0.0198560436753883
BKNG.OQ,2006-12-29,0.104330210138676
BKNG.OQ,2007-01-31,-0.0227012153387737
BKNG.OQ,2007-02-28,0.2297043641671999
BKNG.OQ,2007-03-30,0.0162182789612519
BKNG.OQ,2007-04-30,0.0446864438709529
BKNG.OQ,2007-05-31,0.111430625463596
BKNG.OQ,2007-06-29,0.111578266510041
BKNG.OQ,2007-07-31,-0.0718649985438525
BKNG.OQ,2007-08-31,0.300626959259845
BKNG.OQ,2007-09-28,0.0695348276789167
BKNG.OQ,2007-10-31,0.0490140845014053
BKNG.OQ,2007-11-30,0.222341568203106
BKNG.OQ,2007-12-31,0.0093145869821091
BKNG.OQ,2008-01-31,-0.055197631921197
BKNG.OQ,2008-02-29,0.0506819019441118
BKNG.OQ,2008-03-31,0.059989475517686
BKNG.OQ,2008-04-30,0.0560979645827555
BKNG.OQ,2008-05-30,0.0539799435922295
BKNG.OQ,2008-06-30,-0.141752768901819
BKNG.OQ,2008-07-31,-0.0044171141402476
BKNG.OQ,2008-08-29,-0.1911265767771029
BKNG.OQ,2008-09-30,-0.264035276405958
BKNG.OQ,2008-10-31,-0.230892883255057
BKNG.OQ,2008-11-28,0.311039331167465
BKNG.OQ,2008-12-31,0.0673913043530343
BKNG.OQ,2009-01-30,-0.0890699253170578
BKNG.OQ,2009-02-27,0.264868087646226
BKNG.OQ,2009-03-31,-0.0716474192803354
BKNG.OQ,2009-04-30,0.232419395802812
BKNG.OQ,2009-05-29,0.134102379228144
BKNG.OQ,2009-06-30,0.0130778312739943
BKNG.OQ,2009-07-31,0.161990138954979
BKNG.OQ,2009-08-31,0.187933960787595
BKNG.OQ,2009-09-30,0.0768931029998443
BKNG.OQ,2009-10-30,-0.0484260041074314
BKNG.OQ,2009-11-30,0.356993472310039
BKNG.OQ,2009-12-31,0.020455819157831
BKNG.OQ,2010-01-29,-0.105949656745586
BKNG.OQ,2010-02-26,0.1607883286263799
BKNG.OQ,2010-03-31,0.1245369553776
BKNG.OQ,2010-04-30,0.0276470588038558
BKNG.OQ,2010-05-28,-0.270520892963043
BKNG.OQ,2010-06-30,-0.0764804352571036
BKNG.OQ,2010-07-30,0.271100033987567
BKNG.OQ,2010-08-31,0.29893048128713
BKNG.OQ,2010-09-30,0.195073418429931
BKNG.OQ,2010-10-29,0.081730493196748
BKNG.OQ,2010-11-30,0.0457525012477711
BKNG.OQ,2010-12-31,0.0139576196118831
BKNG.OQ,2011-01-31,0.0725065698956601
BKNG.OQ,2011-02-28,0.0591804349752483
BKNG.OQ,2011-03-31,0.115801533449534
BKNG.OQ,2011-04-29,0.080108206308904
BKNG.OQ,2011-05-31,-0.0581707829897368
BKNG.OQ,2011-06-30,-0.0063277625820086
BKNG.OQ,2011-07-29,0.05024124390899
BKNG.OQ,2011-08-31,-0.0007253789792324
BKNG.OQ,2011-09-30,-0.163421806940938
BKNG.OQ,2011-10-31,0.129622213339249
BKNG.OQ,2011-11-30,-0.0429961396149399
BKNG.OQ,2011-12-30,-0.0374158760127459
BKNG.OQ,2012-01-31,0.132069017129711
BKNG.OQ,2012-02-29,0.184218478483672
BKNG.OQ,2012-03-30,0.144301617180416
BKNG.OQ,2012-04-30,0.0603763066132457
BKNG.OQ,2012-05-31,-0.177873872911352
BKNG.OQ,2012-06-29,0.0623990791519331
BKNG.OQ,2012-07-31,-0.0041834707762401
BKNG.OQ,2012-08-31,-0.086393447593255
BKNG.OQ,2012-09-28,0.0234216054378725
BKNG.OQ,2012-10-31,-0.0726649750398076
BKNG.OQ,2012-11-30,0.155794133532898
BKNG.OQ,2012-12-31,-0.0632728150161895
BKNG.OQ,2013-01-31,0.10346104313551
BKNG.OQ,2013-02-28,0.0030781799289403
BKNG.OQ,2013-03-28,0.0005090316903582
BKNG.OQ,2013-04-30,0.011716308343656
BKNG.OQ,2013-05-31,0.155088435193757
BKNG.OQ,2013-06-28,0.0288582339237443
BKNG.OQ,2013-07-31,0.0586848500143364
BKNG.OQ,2013-08-30,0.0717850331909864
BKNG.OQ,2013-09-30,0.0771632233620834
BKNG.OQ,2013-10-31,0.0424155497592811
BKNG.OQ,2013-11-29,0.131425372202002
BKNG.OQ,2013-12-31,-0.0251021110137192
BKNG.OQ,2014-01-31,-0.0150636613971382
BKNG.OQ,2014-02-28,0.1781393845754
BKNG.OQ,2014-03-31,-0.116359242028061
BKNG.OQ,2014-04-30,-0.0286435828770421
BKNG.OQ,2014-05-30,0.104409414811588
BKNG.OQ,2014-06-30,-0.0591492456869063
BKNG.OQ,2014-07-31,0.0327930174692397
BKNG.OQ,2014-08-29,0.0014970421248954
BKNG.OQ,2014-09-30,-0.0688976219903459
BKNG.OQ,2014-10-31,0.041110669937671
BKNG.OQ,2014-11-28,-0.0381525605020582
BKNG.OQ,2014-12-31,-0.0172213171619148
BKNG.OQ,2015-01-30,-0.114654318055055
BKNG.OQ,2015-02-27,0.225858858018529
BKNG.OQ,2015-03-31,-0.0592575233396832
BKNG.OQ,2015-04-30,0.0632736331006358
BKNG.OQ,2015-05-29,-0.0531341643565273
BKNG.OQ,2015-06-30,-0.0176359168765107
BKNG.OQ,2015-07-31,0.0800785151587098
BKNG.OQ,2015-08-31,0.0040769719380977
BKNG.OQ,2015-09-30,-0.0094342644629354
BKNG.OQ,2015-10-30,0.175751499738782
BKNG.OQ,2015-11-30,-0.141235284411012
BKNG.OQ,2015-12-31,0.0208992272847963
BKNG.OQ,2016-01-29,-0.164696654776829
BKNG.OQ,2016-02-29,0.18802407577868
BKNG.OQ,2016-03-31,0.0187715873215226
BKNG.OQ,2016-04-29,0.042437313805073
BKNG.OQ,2016-05-31,-0.0590402333833695
BKNG.OQ,2016-06-30,-0.0125916493306673
BKNG.OQ,2016-07-29,0.0820243349547216
BKNG.OQ,2016-08-31,0.0488003494199386
BKNG.OQ,2016-09-30,0.0386523896321314
BKNG.OQ,2016-10-31,0.001862058178349
BKNG.OQ,2016-11-30,0.0199765301512129
BKNG.OQ,2016-12-30,-0.02501862097495
BKNG.OQ,2017-01-31,0.0743966822557491
BKNG.OQ,2017-02-28,0.0945953667299095
BKNG.OQ,2017-03-31,0.0323873489845552
BKNG.OQ,2017-04-28,0.0375568127723311
BKNG.OQ,2017-05-31,0.0163903358160811
BKNG.OQ,2017-06-30,-0.003500098543962
BKNG.OQ,2017-07-31,0.0844577978140283
BKNG.OQ,2017-08-31,-0.0869706679704819
BKNG.OQ,2017-09-29,-0.0114789857742995
BKNG.OQ,2017-10-31,0.0443189390550054
BKNG.OQ,2017-11-30,-0.0900907968974484
BKNG.OQ,2017-12-29,-0.0011323726393246
BKNG.OQ,2018-01-31,0.100308446579641
BKNG.OQ,2018-02-28,0.0638006328412144
BKNG.OQ,2018-03-29,0.0227871624978166
BKNG.OQ,2018-04-30,0.0469190872510021
BKNG.OQ,2018-05-31,-0.0317171717157537
BKNG.OQ,2018-06-29,-0.0388018511868357
BKNG.OQ,2018-07-31,0.0008041083763803
BKNG.OQ,2018-08-31,-0.0380387633761804
BKNG.OQ,2018-09-28,0.0166278086512528
BKNG.OQ,2018-10-31,-0.0551512096838737
BKNG.OQ,2018-11-30,0.0092287339075327
BKNG.OQ,2018-12-31,-0.0895722773376041
BKNG.OQ,2019-01-31,0.0640900593365579
BKNG.OQ,2019-02-28,-0.0740775093991152
BKNG.OQ,2019-03-29,0.0282079385079474
BKNG.OQ,2019-04-30,0.0630863482971483
BKNG.OQ,2019-05-31,-0.107154216482771
BKNG.OQ,2019-06-28,0.131920880087152
BKNG.OQ,2019-07-31,0.0063476484268592
BKNG.OQ,2019-08-30,0.0422980902245968
BKNG.OQ,2019-09-30,-0.0019324555756801
BKNG.OQ,2019-10-31,0.0439007240198619
BKNG.OQ,2019-11-29,-0.0706472663899298
BKNG.OQ,2019-12-31,0.0786227107863702
BKNG.OQ,2020-01-31,-0.1086705652545519
BKNG.OQ,2020-02-28,-0.073688235770462
BKNG.OQ,2020-03-31,-0.206609815649153
BKNG.OQ,2020-04-30,0.1005337020374859
BKNG.OQ,2020-05-29,0.107289760018943
BKNG.OQ,2020-06-30,-0.0287174732458066
BKNG.OQ,2020-07-31,0.0438285793019681
BKNG.OQ,2020-08-31,0.149398663152657
BKNG.OQ,2020-09-30,-0.104566986837431
BKNG.OQ,2020-10-30,-0.0515467533608349
BKNG.OQ,2020-11-30,0.250200308193222
BKNG.OQ,2020-12-31,0.0980157263167478
BKNG.OQ,2021-01-29,-0.127034441285951
BKNG.OQ,2021-02-26,0.197589915281227
BKNG.OQ,2021-03-31,0.0005711806767028
BKNG.OQ,2021-04-30,0.0584761185498066
BKNG.OQ,2021-05-28,-0.0423871082933747
BKNG.OQ,2021-06-30,-0.0734517583742391
BKNG.OQ,2021-07-30,-0.004492502584997
BKNG.OQ,2021-08-31,0.0557371480083175
BKNG.OQ,2021-09-30,0.0322654989434847
BKNG.OQ,2021-10-29,0.0197609810149262
BKNG.OQ,2021-11-30,-0.131746792347307
BKNG.OQ,2021-12-31,0.1414848823715919
BKNG.OQ,2022-01-31,0.0237159421842985
BKNG.OQ,2022-02-28,-0.11558020138388
BKNG.OQ,2022-03-31,0.0811140522366376
BKNG.OQ,2022-04-29,-0.0588217760649072
BKNG.OQ,2022-05-31,0.0150431387550338
BKNG.OQ,2022-06-30,-0.22043983668062
BKNG.OQ,2022-07-29,0.106747322738115
BKNG.OQ,2022-08-31,-0.0309347054552053
BKNG.OQ,2022-09-30,-0.123999765422636
BKNG.OQ,2022-10-31,0.137699989648532
BKNG.OQ,2022-11-30,0.112314654335552
BKNG.OQ,2022-12-30,-0.0308591214158964
BKNG.OQ,2023-01-31,0.20782223805654
BKNG.OQ,2023-02-28,0.0369335688999623
BKNG.OQ,2023-03-31,0.0508755942877488
BKNG.OQ,2023-04-28,0.0127808295062293
BKNG.OQ,2023-05-31,-0.0660906596902209
BKNG.OQ,2023-06-30,0.0763561426641726
BKNG.OQ,2023-07-31,0.100161832077992
BKNG.OQ,2023-08-31,0.0451831156687923
BKNG.OQ,2023-09-29,-0.0067889843527771
BKNG.OQ,2023-10-31,-0.0954587460854397
BKNG.OQ,2023-11-30,0.120499290207737
BKNG.OQ,2023-12-29,0.134856192233274
BKNG.OQ,2024-01-31,-0.0112059584874057
SO.N,2000-01-31,0.0904255318879816
SO.N,2000-02-29,-0.12254390243634
SO.N,2000-03-31,-0.0197183098683269
SO.N,2000-04-28,0.16146802812306
SO.N,2000-05-31,0.0401002506125259
SO.N,2000-06-30,-0.101204819272633
SO.N,2000-07-31,0.0482573726525071
SO.N,2000-08-31,0.240587207429581
SO.N,2000-09-29,0.0835073068869789
SO.N,2000-10-31,-0.094412331406319
SO.N,2000-11-30,0.0868533516204022
SO.N,2000-12-29,0.0534653465281729
SO.N,2001-01-31,-0.122406015037393
SO.N,2001-02-28,0.0731385056500067
SO.N,2001-03-30,0.133764135684592
SO.N,2001-04-30,-0.3334283271572429
SO.N,2001-05-31,0.0214844477859021
SO.N,2001-06-29,-0.0123194562399813
SO.N,2001-07-31,0.0107526881687641
SO.N,2001-08-31,-4.697079942184e-05
SO.N,2001-09-28,0.0349589987037933
SO.N,2001-10-31,-0.0033361134465834
SO.N,2001-11-30,-0.034830456783477
SO.N,2001-12-31,0.114285714283661
SO.N,2002-01-31,-0.0143984221165184
SO.N,2002-02-28,0.0304259634985642
SO.N,2002-03-28,0.0429133858238371
SO.N,2002-04-30,0.0702151755626814
SO.N,2002-05-31,-0.036252905159275
SO.N,2002-06-28,0.0148148148139866
SO.N,2002-07-31,0.0503649634958749
SO.N,2002-08-30,0.0187640388478891
SO.N,2002-09-30,-0.0062154696293429
SO.N,2002-10-31,0.0438672689482755
SO.N,2002-11-29,-0.11919191922809
SO.N,2002-12-31,0.0852446483348375
SO.N,2003-01-31,0.0043751555737325
SO.N,2003-02-28,0.0014199503257257
SO.N,2003-03-31,0.0081531371826604
SO.N,2003-04-30,0.0228551335948981
SO.N,2003-05-30,0.0951591470044324
SO.N,2003-06-30,-0.010165184258404
SO.N,2003-07-31,-0.076059050073829
SO.N,2003-08-29,-0.0021097046442883
SO.N,2003-09-30,0.033121916858591
SO.N,2003-10-31,0.0282129511732423
SO.N,2003-11-28,-0.0177852348854874
SO.N,2003-12-31,0.0334813802526843
SO.N,2004-01-30,-0.003390577082446
SO.N,2004-02-27,0.017449664415913
SO.N,2004-03-31,0.0059366754429726
SO.N,2004-04-30,-0.0455457719349907
SO.N,2004-05-28,0.005563282364392
SO.N,2004-06-30,0.0079529737305394
SO.N,2004-07-30,0.0167827639985458
SO.N,2004-08-31,0.0365437158380251
SO.N,2004-09-30,-0.0121911037896271
SO.N,2004-10-29,0.0657375684020971
SO.N,2004-11-30,0.0379867046273814
SO.N,2004-12-31,0.0222628850040136
SO.N,2005-01-31,0.0074582338830597
SO.N,2005-02-28,-0.0387066779431697
SO.N,2005-03-31,-0.0090286425846476
SO.N,2005-04-29,0.0470773755813945
SO.N,2005-05-31,0.030349013648362
SO.N,2005-06-30,0.0212076583078444
SO.N,2005-07-29,0.0199281780059362
SO.N,2005-08-31,-0.0168619605506063
SO.N,2005-09-30,0.0395348837294947
SO.N,2005-10-31,-0.0215324384654584
SO.N,2005-11-30,0.0027053099243383
SO.N,2005-12-30,-0.0051858254078727
SO.N,2006-01-31,0.0078192875855753
SO.N,2006-02-28,-0.0113336100456731
SO.N,2006-03-31,-0.0370261534091214
SO.N,2006-04-28,-0.0045946514889661
SO.N,2006-05-31,-0.0080670183061142
SO.N,2006-06-30,0.0025023459673099
SO.N,2006-07-31,0.0539781591043635
SO.N,2006-08-31,0.026286293774255
SO.N,2006-09-29,0.005544207764297
SO.N,2006-10-31,0.0562971561215784
SO.N,2006-11-30,0.0065867556964611
SO.N,2006-12-29,0.0168275862028178
SO.N,2007-01-31,-0.0089527943846375
SO.N,2007-02-28,-0.0095306060950823
SO.N,2007-03-30,0.0237430167697947
SO.N,2007-04-30,0.0311050477710297
SO.N,2007-05-31,-0.0369153886523024
SO.N,2007-06-29,-0.0477645098840011
SO.N,2007-07-31,-0.0189559638287694
SO.N,2007-08-31,0.0671473204887878
SO.N,2007-09-28,0.0222597914769511
SO.N,2007-10-31,0.0104740904048772
SO.N,2007-11-30,0.0377888293224742
SO.N,2007-12-31,0.0300372142321645
SO.N,2008-01-31,-0.0515483871280143
SO.N,2008-02-29,-0.0500687757982792
SO.N,2008-03-31,0.0312771503121503
SO.N,2008-04-30,0.0454928390953844
SO.N,2008-05-30,-0.0166046382375122
SO.N,2008-06-30,-0.0353591160077005
SO.N,2008-07-31,0.0254868270146416
SO.N,2008-08-29,0.0599039276490092
SO.N,2008-09-30,0.0047987203466677
SO.N,2008-10-31,-0.0780302094244425
SO.N,2008-11-28,0.0576587070577941
SO.N,2008-12-31,0.0187224669457777
SO.N,2009-01-30,-0.0847320445129238
SO.N,2009-02-27,-0.0938714499213585
SO.N,2009-03-31,0.0102276476296299
SO.N,2009-04-30,-0.0425375571520555
SO.N,2009-05-29,-0.0162742382349459
SO.N,2009-06-30,0.0967969024775386
SO.N,2009-07-31,0.02154424523704
SO.N,2009-08-31,-0.0063694267425332
SO.N,2009-09-30,0.0150641025869012
SO.N,2009-10-30,-0.0015684999210462
SO.N,2009-11-30,0.0288554023882913
SO.N,2009-12-31,0.0383296977385642
SO.N,2010-01-29,-0.026465046100077
SO.N,2010-02-26,-0.0071874999929965
SO.N,2010-03-31,0.0437519672722222
SO.N,2010-04-30,0.0559092036190863
SO.N,2010-05-28,-0.0538194444252643
SO.N,2010-06-30,0.0177370030625967
SO.N,2010-07-30,0.0752087956011847
SO.N,2010-08-31,0.0384941975482924
SO.N,2010-09-30,0.014990460627744
SO.N,2010-10-29,0.0291547269386718
SO.N,2010-11-30,-0.0039609189322152
SO.N,2010-12-31,0.0135206787079583
SO.N,2011-01-31,-0.0159560554593919
SO.N,2011-02-28,0.0252869279015246
SO.N,2011-03-31,-2.983225e-11
SO.N,2011-04-29,0.0368619997546429
SO.N,2011-05-31,0.0266393442529627
SO.N,2011-06-30,0.0074850299331443
SO.N,2011-07-29,-0.0091657859537993
SO.N,2011-08-31,0.0460293373873761
SO.N,2011-09-30,0.0244197291973272
SO.N,2011-10-31,0.0195893320703806
SO.N,2011-11-30,0.0275216493147541
SO.N,2011-12-30,0.0542017763590796
SO.N,2012-01-31,-0.0157701447655031
SO.N,2012-02-29,-0.0197203767779364
SO.N,2012-03-30,0.0167458701354541
SO.N,2012-04-30,0.0224794124200554
SO.N,2012-05-31,0.0101830003991468
SO.N,2012-06-29,0.0084948813012093
SO.N,2012-07-31,0.0399568034505513
SO.N,2012-08-31,-0.0487707968361501
SO.N,2012-09-28,0.0167659386953734
SO.N,2012-10-31,0.0162725103270127
SO.N,2012-11-30,-0.0603394413889283
SO.N,2012-12-31,-0.0169919632618082
SO.N,2013-01-31,0.0446157440056965
SO.N,2013-02-28,0.0176350893049832
SO.N,2013-03-28,0.0424350144481687
SO.N,2013-04-30,0.027919863596837
SO.N,2013-05-31,-0.0799975495196443
SO.N,2013-06-28,0.0052391799839934
SO.N,2013-07-31,0.016088828452042
SO.N,2013-08-30,-0.0611895533418447
SO.N,2013-09-30,-0.0105718404678627
SO.N,2013-10-31,0.0057673627766721
SO.N,2013-11-29,-0.0068442923484937
SO.N,2013-12-31,0.0118139305855987
SO.N,2014-01-31,0.0156128428960656
SO.N,2014-02-28,0.0269156159308115
SO.N,2014-03-31,0.0375442739249234
SO.N,2014-04-30,0.0430131998107687
SO.N,2014-05-30,-0.033639935985315
SO.N,2014-06-30,0.0365463682211808
SO.N,2014-07-31,-0.0344865579475488
SO.N,2014-08-29,0.0256410256494948
SO.N,2014-09-30,-0.0168918919016936
SO.N,2014-10-31,0.0740889525118587
SO.N,2014-11-28,0.0230802415961056
SO.N,2014-12-31,0.0354206198623845
SO.N,2015-01-30,0.032783547146424
SO.N,2015-02-27,-0.0870205509776966
SO.N,2015-03-31,-0.0329766324431546
SO.N,2015-04-30,0.0004516711626481
SO.N,2015-05-29,-0.00137906364455
SO.N,2015-06-30,-0.0409704737818329
SO.N,2015-07-31,0.067541766114778
SO.N,2015-08-31,-0.0181046199311124
SO.N,2015-09-30,0.0297166551394825
SO.N,2015-10-30,0.008948545832518
SO.N,2015-11-30,-0.0002098826893915
SO.N,2015-12-31,0.0505163897649725
SO.N,2016-01-29,0.0455225475529415
SO.N,2016-02-29,-0.0040072006884779
SO.N,2016-03-31,0.0736820257600093
SO.N,2016-04-29,-0.0315097622316889
SO.N,2016-05-31,-0.0021564526296011
SO.N,2016-06-30,0.0847491909659268
SO.N,2016-07-29,-0.0024240164028249
SO.N,2016-08-31,-0.0302915201900645
SO.N,2016-09-30,-0.0005844535456437
SO.N,2016-10-31,0.0052631578789093
SO.N,2016-11-30,-0.0814042436104739
SO.N,2016-12-30,0.050619393400009
SO.N,2017-01-31,0.0048790404444274
SO.N,2017-02-28,0.040055639250234
SO.N,2017-03-31,-0.0204643840923968
SO.N,2017-04-28,0.000401767760257
SO.N,2017-05-31,0.0281082134699777
SO.N,2017-06-30,-0.0539419087032857
SO.N,2017-07-31,0.0010442773367394
SO.N,2017-08-31,0.0190718796621685
SO.N,2017-09-29,0.0182345627950069
SO.N,2017-10-31,0.0622710622750731
SO.N,2017-11-30,-0.0079958385786359
SO.N,2017-12-29,-0.0607421875098134
SO.N,2018-01-31,-0.0619671449243695
SO.N,2018-02-28,-0.0328416416812365
SO.N,2018-03-29,0.0371574547150157
SO.N,2018-04-30,0.0326914464782844
SO.N,2018-05-31,-0.0127825152811725
SO.N,2018-06-29,0.0314031180234788
SO.N,2018-07-31,0.0494493629734869
SO.N,2018-08-31,-0.0876697410406222
SO.N,2018-09-28,-0.0041114664394532
SO.N,2018-10-31,0.0327981651433027
SO.N,2018-11-30,0.0645265422686294
SO.N,2018-12-31,-0.0720473272685607
SO.N,2019-01-31,0.106557377030519
SO.N,2019-02-28,0.0350609487268287
SO.N,2019-03-29,0.0400482994761685
SO.N,2019-04-30,0.0297987616067696
SO.N,2019-05-31,0.0168416692626179
SO.N,2019-06-28,0.033271028038192
SO.N,2019-07-31,0.0166425470078868
SO.N,2019-08-30,0.047836536680774
SO.N,2019-09-30,0.060247167873958
SO.N,2019-10-31,0.0144082887945904
SO.N,2019-11-29,-0.0008313636730361
SO.N,2019-12-31,0.0275850943697082
SO.N,2020-01-31,0.105180533751515
SO.N,2020-02-28,-0.134911817382049
SO.N,2020-03-31,-0.103048376403965
SO.N,2020-04-30,0.0478389361184518
SO.N,2020-05-29,0.0182475024571043
SO.N,2020-06-30,-0.0914666199424637
SO.N,2020-07-31,0.0532304725177777
SO.N,2020-08-31,-0.0330798373759501
SO.N,2020-09-30,0.0390954388770204
SO.N,2020-10-30,0.0595721136100511
SO.N,2020-11-30,0.0522095147135788
SO.N,2020-12-31,0.0263993316871303
SO.N,2021-01-29,-0.0408595149296477
SO.N,2021-02-26,-0.0270874634101795
SO.N,2021-03-31,0.0959097320180589
SO.N,2021-04-30,0.064510939501822
SO.N,2021-05-28,-0.0242113142294891
SO.N,2021-06-30,-0.0533479349322371
SO.N,2021-07-30,0.0555280118862962
SO.N,2021-08-31,0.0394866814434325
SO.N,2021-09-30,-0.0572037121740758
SO.N,2021-10-29,0.0056478941454292
SO.N,2021-11-30,-0.0091210626702015
SO.N,2021-12-31,0.122422258590293
SO.N,2022-01-31,0.0132691746797065
SO.N,2022-02-28,-0.0582767348512024
SO.N,2022-03-31,0.119499768400905
SO.N,2022-04-29,0.0121362570419756
SO.N,2022-05-31,0.0404490808661908
SO.N,2022-06-30,-0.0574940523206599
SO.N,2022-07-29,0.078249894815569
SO.N,2022-08-31,0.0110659411391416
SO.N,2022-09-30,-0.117685221232963
SO.N,2022-10-31,-0.0370588235308447
SO.N,2022-11-30,0.043699864618917
SO.N,2022-12-30,0.0557362507241762
SO.N,2023-01-31,-0.0522335807394439
SO.N,2023-02-28,-0.0587534580131504
SO.N,2023-03-31,0.103393593426132
SO.N,2023-04-28,0.0570566254698301
SO.N,2023-05-31,-0.0426153069730839
SO.N,2023-06-30,0.0071684587816989
SO.N,2023-07-31,0.0297508896736309
SO.N,2023-08-31,-0.0540617339865669
SO.N,2023-09-29,-0.0444411634502225
SO.N,2023-10-31,0.0398640296789834
SO.N,2023-11-30,0.0652621082932281
SO.N,2023-12-29,-0.0121160890187713
SO.N,2024-01-31,-0.008556759834739
EQT.N,2000-01-31,0.0337078651699712
EQT.N,2000-02-29,0.104002964538496
EQT.N,2000-03-31,0.187086092709851
EQT.N,2000-04-28,0.0348675035001356
EQT.N,2000-05-31,0.0795547290559138
EQT.N,2000-06-30,-0.0301507537790854
EQT.N,2000-07-31,0.0790155440511213
EQT.N,2000-08-31,0.0871939856017715
EQT.N,2000-09-29,0.12541620421403
EQT.N,2000-10-31,-0.0848126232723689
EQT.N,2000-11-30,-0.0338293244452661
EQT.N,2000-12-29,0.197309417054484
EQT.N,2001-01-31,-0.1208988764239349
EQT.N,2001-02-28,-0.0171612020402985
EQT.N,2001-03-30,0.202090592330401
EQT.N,2001-04-30,0.1594202898498559
EQT.N,2001-05-31,-0.0687387495438446
EQT.N,2001-06-29,-0.102156334222825
EQT.N,2001-07-31,0.0762533773675289
EQT.N,2001-08-31,-0.103165292622995
EQT.N,2001-09-28,-0.0621874999865821
EQT.N,2001-10-31,0.0966344551921179
EQT.N,2001-11-30,-0.0073414661351981
EQT.N,2001-12-31,0.0479852353089325
EQT.N,2002-01-31,-0.0977399471622539
EQT.N,2002-02-28,0.068710802292389
EQT.N,2002-03-28,0.0651774785683412
EQT.N,2002-04-30,0.0327492100057665
EQT.N,2002-05-31,0.0066524285360614
EQT.N,2002-06-28,-0.0477512492986761
EQT.N,2002-07-31,-0.003206997070747
EQT.N,2002-08-30,0.0333658161342185
EQT.N,2002-09-30,-0.0173492605152226
EQT.N,2002-10-31,0.0303907380496417
EQT.N,2002-11-29,-0.0043607656213455
EQT.N,2002-12-31,-0.0065211227627737
EQT.N,2003-01-31,0.0610730593455009
EQT.N,2003-02-28,-0.0191522733646622
EQT.N,2003-03-31,0.033333333338385
EQT.N,2003-04-30,0.0242601972955927
EQT.N,2003-05-30,0.0533212138553911
EQT.N,2003-06-30,0.0119225037289649
EQT.N,2003-07-31,-0.0517918507491928
EQT.N,2003-08-29,0.0295225663094714
EQT.N,2003-09-30,0.0412971877276946
EQT.N,2003-10-31,0.0024330900128224
EQT.N,2003-11-28,0.0073028237484413
EQT.N,2003-12-31,0.0417475727812295
EQT.N,2004-01-30,0.0226001864254434
EQT.N,2004-02-27,-0.0114705207767235
EQT.N,2004-03-31,0.0308656300728745
EQT.N,2004-04-30,0.0578568212596078
EQT.N,2004-05-28,0.0383429658464887
EQT.N,2004-06-30,0.0683884297423873
EQT.N,2004-07-30,-0.0083156062658528
EQT.N,2004-08-31,0.0301285519852945
EQT.N,2004-09-30,0.0358573335973871
EQT.N,2004-10-29,0.0182286871621955
EQT.N,2004-11-30,0.083306949202971
EQT.N,2004-12-31,0.0194957983539099
EQT.N,2005-01-31,-0.0596768875977316
EQT.N,2005-02-28,0.0473802161051242
EQT.N,2005-03-31,-0.0321819713861164
EQT.N,2005-04-29,0.0034818941474088
EQT.N,2005-05-31,0.110471990897139
EQT.N,2005-06-30,0.069855254886094
EQT.N,2005-07-29,0.0448529411962493
EQT.N,2005-08-31,0.0676888003031992
EQT.N,2005-09-30,0.0360742705707395
EQT.N,2005-10-31,-0.010496671793775
EQT.N,2005-11-30,-0.0271639753364907
EQT.N,2005-12-30,-0.0187215833208049
EQT.N,2006-01-31,0.0057236304302272
EQT.N,2006-02-28,-0.0087771751102128
EQT.N,2006-03-31,0.0041254125378955
EQT.N,2006-04-28,-0.0273897562129415
EQT.N,2006-05-31,-0.0464502480193725
EQT.N,2006-06-30,-0.0044576523289372
EQT.N,2006-07-31,0.0749253731203543
EQT.N,2006-08-31,0.0298913473200337
EQT.N,2006-09-29,-0.0510037981317689
EQT.N,2006-10-31,0.158376214948765
EQT.N,2006-11-30,0.0762770139178097
EQT.N,2006-12-29,-0.0375749193128982
EQT.N,2007-01-31,0.0359281437267424
EQT.N,2007-02-28,-0.0084322019127022
EQT.N,2007-03-30,0.132411530341146
EQT.N,2007-04-30,0.0763658940468327
EQT.N,2007-05-31,0.0044434729259201
EQT.N,2007-06-29,-0.0472895040269285
EQT.N,2007-07-31,-0.0494350282407063
EQT.N,2007-08-31,0.0485026165308926
EQT.N,2007-09-28,0.054482618406843
EQT.N,2007-10-31,0.0857914015527579
EQT.N,2007-11-30,-0.0576687589122796
EQT.N,2007-12-31,0.0079455164535111
EQT.N,2008-01-31,0.0463588588441441
EQT.N,2008-02-29,0.109465253330802
EQT.N,2008-03-31,-0.0441415125144169
EQT.N,2008-04-30,0.12682512733753
EQT.N,2008-05-30,0.0614247278146942
EQT.N,2008-06-30,-0.0166595471738499
EQT.N,2008-07-31,-0.243411526194978
EQT.N,2008-08-29,-0.0405631683402112
EQT.N,2008-09-30,-0.2650771388446279
EQT.N,2008-10-31,-0.0537077426744734
EQT.N,2008-11-28,-0.0320452076484992
EQT.N,2008-12-31,0.0053940665079064
EQT.N,2009-01-30,0.0202682563271874
EQT.N,2009-02-27,-0.0961708054000202
EQT.N,2009-03-31,0.0188617886291878
EQT.N,2009-04-30,0.073412065115504
EQT.N,2009-05-29,0.114102250246256
EQT.N,2009-06-30,-0.0628187919829228
EQT.N,2009-07-31,0.099398453170648
EQT.N,2009-08-31,0.0394568702615744
EQT.N,2009-09-30,0.0738593395763509
EQT.N,2009-10-30,-0.017370892031545
EQT.N,2009-11-30,-0.0117762494218006
EQT.N,2009-12-31,0.0673147023120544
EQT.N,2010-01-29,0.00227686703321
EQT.N,2010-02-26,-0.0007495913290579
EQT.N,2010-03-31,-0.0630712980023832
EQT.N,2010-04-30,0.0607317072998759
EQT.N,2010-05-28,-0.0941888097196518
EQT.N,2010-06-30,-0.0778259760315282
EQT.N,2010-07-30,0.014941892637929
EQT.N,2010-08-31,-0.106157562517436
EQT.N,2010-09-30,0.1061349693125539
EQT.N,2010-10-29,0.038269550785097
EQT.N,2010-11-30,0.0872289416831051
EQT.N,2010-12-31,0.107981220652074
EQT.N,2011-01-31,0.0747100802957499
EQT.N,2011-02-28,0.0276677006359767
EQT.N,2011-03-31,0.0121703853796005
EQT.N,2011-04-29,0.0543086172376681
EQT.N,2011-05-31,0.0344193103990922
EQT.N,2011-06-30,-0.0306386120213611
EQT.N,2011-07-29,0.208682406673711
EQT.N,2011-08-31,-0.0542224398715999
EQT.N,2011-09-30,-0.107990638594754
EQT.N,2011-10-31,0.19002998500726
EQT.N,2011-11-30,-0.0200266132989961
EQT.N,2011-12-30,-0.116432833400423
EQT.N,2012-01-31,-0.0779339295439577
EQT.N,2012-02-29,0.0540737208027279
EQT.N,2012-03-30,-0.0907204828383188
EQT.N,2012-04-30,0.0333955610863454
EQT.N,2012-05-31,-0.0649433584823405
EQT.N,2012-06-29,0.156317378174389
EQT.N,2012-07-31,0.0516501957799227
EQT.N,2012-08-31,-0.0394896527858951
EQT.N,2012-09-28,0.0934025203829596
EQT.N,2012-10-31,0.0276271186423616
EQT.N,2012-11-30,-0.0057569446242845
EQT.N,2012-12-31,-0.0179820179761911
EQT.N,2013-01-31,0.0072906069899709
EQT.N,2013-02-28,0.0624671967549721
EQT.N,2013-03-28,0.073862735764826
EQT.N,2013-04-30,0.10878228782207
EQT.N,2013-05-31,0.0637776534412728
EQT.N,2013-06-28,-0.0063845768668583
EQT.N,2013-07-31,0.0898324303898469
EQT.N,2013-08-30,-0.0086641326203604
EQT.N,2013-09-30,0.0349976668255427
EQT.N,2013-10-31,-0.0350541027919285
EQT.N,2013-11-29,-0.0054888967579668
EQT.N,2013-12-31,0.0548701680149295
EQT.N,2014-01-31,0.0337491646280363
EQT.N,2014-02-28,0.102491225479057
EQT.N,2014-03-31,-0.0520089940487676
EQT.N,2014-04-30,0.12395586264063
EQT.N,2014-05-30,-0.0190782653602641
EQT.N,2014-06-30,0.000187125739931
EQT.N,2014-07-31,-0.12235734331126
EQT.N,2014-08-29,0.05618842637946
EQT.N,2014-09-30,-0.0759135877227002
EQT.N,2014-10-31,0.0273104653571146
EQT.N,2014-11-28,-0.0322313991888622
EQT.N,2014-12-31,-0.167948999771319
EQT.N,2015-01-30,-0.0166446499343925
EQT.N,2015-02-27,0.0725318890689433
EQT.N,2015-03-31,0.0383410599966991
EQT.N,2015-04-30,0.0853143477750087
EQT.N,2015-05-29,-0.0538317489475862
EQT.N,2015-06-30,-0.0438462442649944
EQT.N,2015-07-31,-0.0552003934190267
EQT.N,2015-08-31,0.0130080958147427
EQT.N,2015-09-30,-0.167694680032558
EQT.N,2015-10-30,0.0200710205384369
EQT.N,2015-11-30,-0.133559312931136
EQT.N,2015-12-31,-0.088954910865426
EQT.N,2016-01-29,0.184346825247658
EQT.N,2016-02-29,-0.096723522886003
EQT.N,2016-03-31,0.206673842822486
EQT.N,2016-04-29,0.0422242045789845
EQT.N,2016-05-31,0.0453821065405522
EQT.N,2016-06-30,0.0570648464075785
EQT.N,2016-07-29,-0.0590210512774093
EQT.N,2016-08-31,-0.0182345779612629
EQT.N,2016-09-30,0.0156643356497543
EQT.N,2016-10-31,-0.0911594601985997
EQT.N,2016-11-30,0.0623162215909582
EQT.N,2016-12-30,-0.066780821904336
EQT.N,2017-01-31,-0.0729357798228658
EQT.N,2017-02-28,-0.0117423659345379
EQT.N,2017-03-31,0.0202037068016743
EQT.N,2017-04-28,-0.048445171838183
EQT.N,2017-05-31,-0.0488639701626429
EQT.N,2017-06-30,0.060068753409094
EQT.N,2017-07-31,0.0872162485016585
EQT.N,2017-08-31,-0.0208818984672383
EQT.N,2017-09-29,0.0465190888639855
EQT.N,2017-10-31,-0.0413856529770416
EQT.N,2017-11-30,-0.0465761437769658
EQT.N,2017-12-29,-0.0449664429653664
EQT.N,2018-01-31,-0.046205200275317
EQT.N,2018-02-28,-0.0727231162920362
EQT.N,2018-03-29,-0.055654939380321
EQT.N,2018-04-30,0.0564091770075283
EQT.N,2018-05-31,0.027494245514236
EQT.N,2018-06-29,0.0706247574852916
EQT.N,2018-07-31,-0.0996737948783429
EQT.N,2018-08-31,0.0275894266760186
EQT.N,2018-09-28,-0.133085064691127
EQT.N,2018-10-31,-0.231969251649225
EQT.N,2018-11-30,0.0136438733390123
EQT.N,2018-12-31,0.0096205237968829
EQT.N,2019-01-31,0.0307040762384296
EQT.N,2019-02-28,-0.0678033830478564
EQT.N,2019-03-29,0.144591611496721
EQT.N,2019-04-30,-0.013982642253905
EQT.N,2019-05-31,-0.103859737141328
EQT.N,2019-06-28,-0.13606557377428
EQT.N,2019-07-31,-0.0442757748237266
EQT.N,2019-08-30,-0.325334541133885
EQT.N,2019-09-30,0.0462143559439758
EQT.N,2019-10-31,0.0093984962469131
EQT.N,2019-11-29,-0.184946003010343
EQT.N,2019-12-31,0.248568155783983
EQT.N,2020-01-31,-0.444954128431543
EQT.N,2020-02-28,-0.0243717633646449
EQT.N,2020-03-31,0.204429301518227
EQT.N,2020-04-30,1.06364922205312
EQT.N,2020-05-29,-0.0856751199424756
EQT.N,2020-06-30,-0.107946027000831
EQT.N,2020-07-31,0.2201680672522629
EQT.N,2020-08-31,0.0929752066308074
EQT.N,2020-09-30,-0.185255198484279
EQT.N,2020-10-30,0.1709203402838729
EQT.N,2020-11-30,-0.0171730515152764
EQT.N,2020-12-31,-0.145833333339092
EQT.N,2021-01-29,0.28324154209951
EQT.N,2021-02-26,0.0907418761616812
EQT.N,2021-03-31,0.0444069701942881
EQT.N,2021-04-30,0.027987082869489
EQT.N,2021-05-28,0.093193717256518
EQT.N,2021-06-30,0.0660919540453075
EQT.N,2021-07-30,-0.173854447437023
EQT.N,2021-08-31,-0.0032626427391684
EQT.N,2021-09-30,0.116202945998757
EQT.N,2021-10-29,-0.0268817204308185
EQT.N,2021-11-30,-0.0241084882032697
EQT.N,2021-12-31,0.122490993288934
EQT.N,2022-01-31,-0.0256762952911227
EQT.N,2022-02-28,0.094877401785723
EQT.N,2022-03-31,0.487035436479618
EQT.N,2022-04-29,0.155187445497029
EQT.N,2022-05-31,0.204603223748281
EQT.N,2022-06-30,-0.279128248111643
EQT.N,2022-07-29,0.279941860460396
EQT.N,2022-08-31,0.0895625656939181
EQT.N,2022-09-30,-0.147489539769099
EQT.N,2022-10-31,0.0267484662407642
EQT.N,2022-11-30,0.0170835795775605
EQT.N,2022-12-30,-0.202310775762414
EQT.N,2023-01-31,-0.0342890925171605
EQT.N,2023-02-28,0.0204855831182518
EQT.N,2023-03-31,-0.0382760699337261
EQT.N,2023-04-28,0.0918207458587144
EQT.N,2023-05-31,0.0026225794532783
EQT.N,2023-06-30,0.182916307167375
EQT.N,2023-07-31,0.0255288110935501
EQT.N,2023-08-31,0.0282381143536488
EQT.N,2023-09-29,-0.0610828320204807
EQT.N,2023-10-31,0.0443568260396281
EQT.N,2023-11-30,-0.0534589727932972
EQT.N,2023-12-29,-0.032532532540669
EQT.N,2024-01-31,-0.0843248835803888
